face	stars	date	text
Body battery emoticon	5	2025-02-07	I love It!
Body battery emoticon	5	2024-06-22	Great watch face makes me smile when my body battery is low!!
Body battery emoticon	4	2022-09-14	Love this face, but wish it was offered in regular time instead of only military 
Body battery emoticon	5	2022-08-19	Funny little watch face.  Thanks for the BIG Numbers for us old folks.  Would be great to see hash marks for second hand.
Body battery emoticon	5	2022-07-26	Einfach genial 
Body battery emoticon	5	2022-07-18	Perfektní! 
Body battery emoticon	5	2022-05-20	Perfektní...
Body battery emoticon	5	2022-04-25	This is cool! Top!
Body battery emoticon	5	2022-03-28	Love it. So cute. Great job 
Body battery emoticon	5	2022-03-25	I like it! Nice job, developer!
Body Info	1	2026-09-22	Сделайте на русском языке пожалуйста
Body Info	5	2026-09-18	Die App funktioniert auf meinem Forerunner 970 wie beschrieben und ohne Fehler. Die Konfiguration der Anzeige der Body Batterie funktioniert ebenfalls und mehr hat der Entwickler nicht beworben. Insofern sind 5 Sterne auch gerechtfertigt.
Body Info	2	2026-09-16	Bei mir kommt ein Rufezeichen. Bitte um Geld retour. Funktioniert nicht so wie beschrieben.
Body Info	1	2026-09-11	The app has a bug; it deactivates after a day. Don't buy it.
Body Info	1	2026-09-04	Deçu car aucun moyen de modifier les données visible à l’écran ni d’accéder au data en touchant les données, de plus on ne peux pas modifier les couleurs. Pour résumer absolument pas modulable.
Body Info	5	2026-09-01	Virkelig brugbar.
Body Info	4	2026-08-31	Bonjour, je pense qu'un fond blanc serait très agréable. En tout cas moi j'adorerais
Body Info	5	2026-08-29	It would be really nice to have the Temp Sensor added in this app.
Body Info	1	2026-08-26	Randomly changes to a different watch face anyone know why?
Body Info	5	2026-08-21	Love Love this app. Colorful and easy to read can see my  health stats at one glance  whoever created this did a great job
Body Info	4	2026-08-19	Love it. The one little issue that bothers me is the font used for the time. It would look better if it wasn't that digital watch font but the same font as the other elements.
Body Info	5	2026-08-18	My favorita screen
Body Info	5	2026-08-17	Great Watchface with nice color! But could you make the data fields customizable? It’s gonna be even more perfect. 🫡
Body Info	4	2026-08-15	Great to use ,to look,to know
Body Info	5	2026-08-09	This has become my favorite watchface. ⌚🤩
Body Info	5	2026-08-06	Absolut great style and it works good and fast on gesture. Only two settings, but it's worth the price.
Body Info	5	2026-07-25	I love this watch face! The developer responds to feedback quickly and definitely one of my most used faces to date.  Thanks
Body Info	5	2026-07-24	Love it!
Body Info	3	2026-07-22	The face was working fine on my vivoactive 6 then it scaled down in display size. Really wish there was more customization with color or updating the size of screen
Body Info	3	2026-07-22	Como mejoras futuras estaría genial que se pudieran cambiar los datos que se muestran y que pueda accesar a la información detallada con un toch directo de la pantalla sobre cada dato.
Body Info	5	2026-07-22	Bonito e funcional, ja testado no 970
Body Info	1	2026-07-22	Trop moche et illisible sur ma Garmin forerunner 255s trop déçu inutilisable 😭
Body Info	5	2026-07-09	Amazing watch face well done!
Body Info	5	2026-07-04	Great watch face! Had a problem installing it at first due to a Garmin glitch but received quick support from the developer. Top!
Body Info	4	2026-06-27	Looks good but I find it’s too small for my epix pro 47 screen. Probably more suited to the larger watch face.
Body Info	1	2026-06-26	Aplicação fica aquém! No mostrador do relógio fica pequeno, não chegando ao contorno do relógio.
Body Info	5	2026-06-21	Muito bonito e funcional.
Body Info	5	2026-06-20	Muy buena cara.
Body Info	5	2026-06-19	Really nice work. Would like more settings available in iq app. Maybe an option to keep the full screen on too. I have a 255 that has an mip screen. Would like a theme setting that makes the colours adjusted to mip devices. Other than that this is a solid watch face 😊
Body Info	5	2026-06-07	Great watch face
Vesper Solar — Sunrise & Sunset Watch Face	3	2026-06-19	Shows great promise but needs more features. Need time filled in and date visible in AOD. Ability to turn HR off for more battery life.  Ability to pick which metrics we display (stress). Keep going on it !
Vesper Solar — Sunrise & Sunset Watch Face	5	2026-06-19	Great ! very nice
Vesper Solar — Sunrise & Sunset Watch Face	5	2026-06-19	Indeed simple and effective. One thing is missing for me - date.
HandsFive	5	2026-02-01	Please add a second hand option on the next update
HandsFive	5	2025-12-20	Thanks for this beautiful watch face. Especially with the black blue background it looks stunning. The only thing I cannot get working is the bottom sunset indicator. It just shows empty data fields. How do I get these on?
HandsFive	5	2025-09-08	I love this watch face and like to use on other garmins - any chance to get it for Descent MK3i? Axel
HandsFive	5	2025-08-15	I've used this watch face for more that 7 years on my Fenix 5. Love it on red hands and marks. Thanks to the creator!
HandsFive	5	2025-08-10	I thought I’d try this watch face and then try others. I didn’t get to the others and I’ve used and loved this face for several years now. So rich with information and still clear. Never a problem.
HandsFive	5	2025-08-10	I've been using it since the Vivoactive 3, and it's a great watch face that displays all the necessary information.  It's a shame that it's not compatible with the Vivoactive 5 or later versions.  I'd be happy if they released a version compatible with the Vivoactive 5 and 6.
HandsFive	5	2025-05-20	I agree, best watch watchface, had it since F5. Has everything,  elegant yet practical. Kept away from Epix for that reason. Now on F7, not itching for F8 or Enduro 3, but is available. 
HandsFive	5	2025-04-20	Best watch face I tried, I used it on my Fenix 3 and 5x, but now I own a Fenix 8 Amoled. Do you plan to convert it for the Amoled too? 
HandsFive	5	2025-02-25	One of the best watch faces I have tried.  Only one thing I'm struggling with. Sunrise and sunset seem to be given with UTC time. I'm in UTC + 4. Sunrise is at 6.10 but it shows 10.10. Sunset is at 18.17 but it shows 22.17. Anything to correct it? Regards 
HandsFive	5	2024-12-28	Best watch face ever, has all I need. I bought a new Garmin Fenix watch  and my first action was to search for this. Relieved that it could be found. Thanks for creatin g this! 
HandsFive	5	2024-12-21	Had it on my 5X, and had to check I could have it on my 7X Pro.  Just perfect.  
HandsFive	5	2024-11-30	I love it! Well done for such a clean, well laid out & useful watch face, 10/10! ~Demitri, South Africa 
HandsFive	5	2024-11-05	The most useful, detailed and stylish watchface I have used on my all Fenix family until today. Now as I have upgraded to Fenix 8, I am looking forward enthusiastically for compatibility on my new watch.
HandsFive	5	2024-09-03	Great and very useful watch face!
HandsFive	5	2024-09-02	I love this watch face.   I have it on my Fenix 6x and 6x solar.    I just upgraded to the Fenix 8.   Are there plans to include this hardware?    I really would like to continue using this watch face.  Thanks!
HandsFive	5	2024-08-25	OTTIMA WATCH FACE 
HandsFive	5	2024-08-24	This watch face is excellent and shows a ton of data that one can see it just a glance.  Also, I appreciate the creators attentiveness this to a problem I brought up because of the area I live in and he fixed it !
HandsFive	5	2024-08-19	Great watch face 
HandsFive	4	2024-08-15	I love this watch and have been using it for a few years now even back on my old Fenix.  I live in Hawaii and one thing I noticed is that the sunset is off by an hour and I think it’s because the software thinks we do daylight savings time and we do not have daylight savings time in Hawaii.   Also, I only seem to get an amount of time until the next sunset and it would be nice to see the amount of time to sunrise as well.  This gets a five star Once the time differences are fixed.  
HandsFive	5	2024-07-30	Beautiful watch face with all the useful data I need! Very well done. 
HandsFive	5	2024-05-07	Muy buena esfera
HandsFive	3	2024-03-01	Great face and I love the ability to customize it, but the bottom dial that is supposed to indicate sunrise/sunset doesn't work
HandsFive	5	2024-01-04	Superb. But why has time to dask/dawn vanished 
HandsFive	5	2023-12-28	I really enjoy the customization that this face offers. The moon is what got me here and the rest is what is keeping me here, great work! 
HandsFive	5	2023-12-15	Highly functional, great looking, and with plenty of options for customization,  this is BY FAR, my favorite watch face!
HandsFive	4	2023-11-07	Great face! The color options on a free watch face are beyond any other I&rsquo;ve seen. Informative and unique- very well done! Can;t ask for more out of a free watch face- thank you!
HandsFive	5	2023-10-16	Es sollte aber in Deutschland in Deutschem Text erfolgen, bitten um einen Tipp,mfg. gerhard_voigt@web.de
HandsFive	5	2023-08-19	Love the options and information shown in the face. Yet still clean and not too busy. Love the sunrise and sunset times. I think I use this on a daily basis. 
HandsFive	5	2023-08-06	My favorite watch face since a long time. 
HandsFive	5	2023-06-24	This is my first watch face since January 2019,that I found it. Versatile, all the info that I need in a glance, and balance energy consumption 
HandsFive	5	2023-06-17	What a beautiful and elegant watch face. Gives new life to my Fenix 6.
HandsFive	5	2023-06-12	I am a big fan of this app. I have been using it for 6 years now. Thank you so much for developing this wonderful app! By the way, I have decided to replace it with Forerunner 965. But I don't want to use my GARMIN watch without this app! Can you somehow make it compatible with 965? Thank you very much.
HandsFive	5	2023-05-23	It looks and works great!
HandsFive	3	2023-05-14	I liked very much until the last update. Since then the sunrise and sunset time is not correct. It randomly switches during the day. Only a very short time it is equal to the time that is displayed by the Garmin native widget. Today by Garmin: Sunrise 5:36, sunset 20:52 Today by HandsFive Sunrise 7:53, sunset 20:00 (Values for Frankfurt in Germany) And the HandsFive values never change with the days. Please fix. HandsFive is so nice! 
HandsFive	4	2023-05-13	Pretty good watch face overall. I've been having some issues with the seconds getting cut off on the digital time. I noticed an update that might address it, so hopefully that's fixed now.  My only real complaint is that I can't set the digital time to be the same as the analog time. Digital time can only be set with a UTC offset which means it's always wrong when I travel and I have to manually update after daylight savings. Real pain in the butt that seems like it would be so easy to implement. Do most people actually prefer a static UTC time?
HandsFive	5	2023-05-04	Love this watch face. I would like to see a paid version with some more functionality.. great work
HandsFive	5	2023-04-21	Très belle WF, paramétrage pratique, il n'y manque que la météo :)
HandsFive	5	2023-04-18	I’ve had this installed for my Fénix 5x+ for years and I haven’t found another display that I like more and puts 90% of the data I want right there to see. Excellent work and I hope my device continues to keep up with your updates. 
HandsFive	4	2023-04-17	I have a Fenix 3 HR-1 , and have loved Hands Five for 3-4 years now, but since update on weekend it has stopped working. Is there any way to get it back?
HandsFive	2	2023-04-13	Last update do not work anymore on quatix3..;-( I have it for yes....
HandsFive	5	2023-03-28	very nice. Great Job. The Moon Symbol could be a Little bit bigger 
HandsFive	5	2023-03-17	Looks amazingly good, many options for customization
HandsFive	4	2023-02-22	I do not understand what all numbers and pointers shows :). Some are obvious, but some I don't know. May you please provide more explanation for us-stupid people :D (hope I am not alone :D )?
HandsFive	4	2023-01-26	One of the best watch faces I've tried. It would be even better if there was a way to keep the second hand on permanently on the top sub-dial instead of only while I gesture the watch also if the colours and functions of the sub-dial rings could be customised, but it is a free face and clearly this developer has put a lot of effort into this, thank you! 
HandsFive	5	2023-01-03	Really really good. One thing: Could you make some data field so that I could write some text on it? Like a phone number for information.
HandsFive	5	2022-12-26	Krásny ciferník... Všetko prehľadné, čitatetelné, prispôsobivé. Podporil som vývojára a zakúpil dva ďaľšie. 
HandsFive	4	2022-12-05	Really cool, thank you. Can you plz help, it doesn’t reflect sunrise and sunset data, how to fix it?
HandsFive	5	2022-11-23	Thanks for your work, wonderful watchface.
HandsFive	4	2022-11-21	Very nice watchface. Is there a version where you can setup the whole data?
HandsFive	5	2022-11-17	Beautiful and very interesting watchface. I have only two tiny requests :) 1. Make it possible to select floors climbed in the left subface lower field. Other users would love that too. 2. Make some other color combinations for background, like black/red, black/green, black/yellow (I can see you love blue color)  Thanks for your effort.  p. s.: I'll be glad to donate you a beer if you do
HandsFive	5	2022-11-05	Perfect on my Fenix ​​6x pro Solar!  Is there a way to increase the icon or the number of notifications?
HandsFive	2	2022-10-27	With respect to the Fenix6 Pro:  Lots of the data fields that are listed as being selectable options for the configurable circles, are in fact not options.  The second hand jumps about all over the place in the top circle data field.  Only the eyesight of an infant would be able to see most of the text in the data fields without a magnifying glass.  Other than that great!
HandsFive	5	2022-10-25	I've had 735,745,935,945,255.  This is by far the best watch face.  Brilliant 
HandsFive	5	2022-10-22	The best, they have everything I want and it works perfectly on my Fenix ​​5 Plus.
HandsFive	5	2022-10-09	This is the only Watch face I have found better for newer Watches like my Quatix 7x solar
HandsFive	5	2022-09-16	Best watch face by far. I used your HandsZero on my old 230, but now I use this one on my 255. Great work man, appreciate it. As soon as I get some spare money, you're definetely getting a donation. 
HandsFive	5	2022-09-16	The best watch face I have found for my Fenix 6 Solar Pro. It show loads of information but is easily read even when your approaching 50! Easily configured to get it just how you want it. And it’s stylish. And as an added bonus, I have contacted the developer on a few occasions and he always responds within a few hours. 45mins was his record. I’ve tried others but reverted to this as it shows the data fields I want and the fonts are perfectly legible.
HandsFive	5	2022-09-08	Sehr schick und alles auf einem Blick. 
HandsFive	4	2022-08-02	Great Watchface, but missing "Floors"! 
HandsFive	5	2022-07-27	Great watch face, awesome work! Thank you!
HandsFive	5	2022-07-27	I strongly recommend it, first I have a Fenix 5,now I have a Fenix 7 it is  always be my default clock face
HandsFive	5	2022-07-07	My favorite watch face. Lots of customizations. Developer keeps it up to date and is responsive to emails.
HandsFive	4	2022-06-28	Great face. Well done and thank you. 
HandsFive	5	2022-06-09	Decc güd wallpéper
HandsFive	5	2022-05-16	l love your watchface very much. Can you make a edition for Epix2 ?
HandsFive	5	2022-05-08	Very nice and original congratulation 
HandsFive	2	2022-05-05	I love this face, until recently I would have given it 4 stars, and would have pushed that to 5 stars if there was a continuously active second hand. Unfortunately it suddenly started draining my battery a few weeks ago. Battery life went from 3-5 days down to less than 24 hours for a full charge.  I have had to uninstall this face, but will definitely reinstall if the battery drain issue is fixed.
HandsFive	5	2022-03-24	Your watch faces are great!  I just got an Epix 2.  Do you plan to make your apps compatible with the Epix 2?  Thanks
HandsFive	4	2022-03-05	I use it and it's fine.  But the second hand is missing. 
HandsFive	5	2022-02-28	Looks amazing on my Fenix 6, if you need to dress up is the way to go. Best is the dual color background (wish there were more option, especially a green one), really did not think my humble transflective screen could ever look so good... Also, works flawlessly and it's very data rich and customizable, incredibly balanced and readable.  Some data type could be added and I have couple of tweeks in mind that I will suggest separately to the developer but... It's truly amazing, the best looking one I was able to find on IQ 
HandsFive	5	2022-02-25	This is by far the best watch face out there. You can configure everything from the color, hands style, and what you would like to track (calories, distance, steps, etc.) It also looks really esthetic and makes your watch feel like a designer's watch. Everything works great!
HandsFive	5	2022-02-21	Agreed, best watch face available.  I've been using through my Fenix 3, 5, 6x pro.  I've tried others, but always go back.  Hoping you can develop this for the Epix ?  Mine arrived yesterday, and the faces I've found, are nowhere near as good, or tailorable as HandsFive.  It feels like only half a watch at the moment...  thanks !
HandsFive	5	2022-02-12	Best watch face out there. Have been using it for years! Would Venu 2 Plus support be added? 
HandsFive	5	2022-02-05	A must have watch face for anyone seeking an analog interface with beautiful, info rich, and highly customization. My top analog watch face when I'm dressing up my watch.
HandsFive	5	2022-01-30	I have used Garmin for more than 3 years and  tried hundreds of watch face. I believe this is one of the top 3. Many details, very useful indicators and could be customized everywhere. The most important is it's very easy to read! Five ⭐ of course!
HandsFive	5	2022-01-30	A very nice watchface with many different settings.  Unfortunately the second hand is not visible on Approach S62
HandsFive	5	2022-01-24	Awesome watchface. Looks stylish, has a lot of info to display but still readible (not too small). Almost perfect watchface, using on Fenix 5S and now Fenix 6. Would be great when there are two options added: 1) More dual tone background colors 2) Add Openweather info above the date (temperature + weather symbol)
HandsFive	5	2022-01-23	Great chronograph watch face with plenty of data fields. I have used this watch face on my Fenix 5, Fenix 6 and now on my Fenix 7.
HandsFive	5	2022-01-22	Looks good. Using it for 3 different watches. Still unclear some of the features. More documentation welcomed 
HandsFive	4	2022-01-07	I love the previous version before it had meters or steps to choose from. I like the meter setting.
HandsFive	5	2021-12-23	Top
HandsFive	5	2021-11-28	Bin immer noch da bei die Alarmeinstellung in Mitteilung en zu ändern,schaffe es nicht den Wecker in eine Briefumschlag mit der Anzahl der Meldungen zu ändern,kann gute Hilfe von gebrauchen Dankbar für Unterstützung gerhard_voigt@web,de
HandsFive	5	2021-11-14	very fine work, i like it ...
HandsFive	5	2021-11-13	Still my goto for many years! Thank you!
HandsFive	5	2021-11-13	I've not yet seen a watch face that looks better than this. It also provides multiple information view options.  Great job!
HandsFive	5	2021-10-20	Would it be possible to get floor counter available ? Great job on Fenix 6 !
HandsFive	5	2021-10-15	So many options to choose from ensuring you can get the info you want and the colors you want. I love it. 
HandsFive	3	2021-09-30	Lower subface can't be configured in the settings, this remains empty on the Fenix 6X Pro
HandsFive	1	2021-09-19	Won't uninstall on Forerunner 235
HandsFive	5	2021-09-14	Works greatly on Fenix 6 ! Only floor counter is missing, all the other are working. Great job !
HandsFive	5	2021-09-12	Clean, informative, very well designed. My favourite analg watchface. Working like charm on a Fenix 5.
HandsFive	4	2021-09-04	Best analog face I found so far! Has neat data fields. I wish you could customise the sunrise/sunset fields. Adding weather would be great as well.
HandsFive	5	2021-09-04	Bellissima watchface con moltissime personalizzazioni: assolutamente la mia preferita, sportiva ed elegante insieme. 
HandsFive	5	2021-08-31	Excellent face watch! I noticed that the second hand is conflicting (bug) with the battery level, the rest work just great!!!  Thank you so much.
HandsFive	5	2021-08-10	An absolutely amazing watch face that displays all one information you could need in a stylish way.
HandsFive	5	2021-08-03	Looks good on a Tactix Delta Solar. 
HandsFive	5	2021-07-18	Great Work! I've always went for the digital faces. But this analog face is great. Simple, for my liking. 
HandsFive	5	2021-05-20	Simply the Best! Works perfect on the Fenix 5X and now on the 6S Pro.
HandsFive	5	2021-04-28	Love the design. Favourite by far. Any plans to add barometer data?  Love to have option to replace current altitude.
HandsFive	3	2021-04-10	I can´t assess the app because I don´t know how to manage it. Where can I download the instruccions?
HandsFive	5	2021-04-04	After few years, still the best watchface.
HandsFive	4	2021-02-12	Hi, how can I set heart measuring up in every second? At this moment it is in every minute refreshed...
HandsFive	5	2021-02-08	I haven’t found a watch face and I like anymore than this one!
HandsFive	5	2021-02-03	The best
HandsFive	5	2021-01-21	By far the best analog watch face. Could use less battery with some kind of sleep mode for while in "do not disturb" so it doesn't use too much battery. Could make a energy saver mode too. 
HandsFive	5	2021-01-15	My favorite analog by far - clean look and seamless features.
HandsFive	4	2021-01-13	Fabulous watch face, easy to configure and really stylish & great for everyday use. Love the blue black background feature. Really well done. I have one question please. On the upper dial where I have configured battery % (top data field), heart rate (bottom field) blue tooth symbol on the centre left and message notification on the centre right. My question, is the centre of the red small hand on the dial sometimes goes from red to white. Is it going white when the watch face is receiving solar power ? I have a Fenix 6S Pro Solar. Thanks 
HandsFive	5	2021-01-02	Eccezionale! Campi dati configurabili a piacimento, dati aggiornati in tempo reale e lagtime accettabile. Grafica chiara e di immediata comprensione. Complimenti e grazie! 
HandsFive	5	2020-12-14	Sunset sunrise are wrong.  
HandsFive	4	2020-12-02	Watch face is amazing! But please add a battery save Option, with e.g. 1 min refresh, deletion of third hands... Compared to other watch faces there is a 20-30% higher battery drain. And as a "programmer" you should think about such solutions, shouldn't you? That will on long-term increase battery and watch. - Fenix 6 User
HandsFive	5	2020-11-30	Love this face, great work man. I only have one problem lately, sun rise, sun set time is not showing corect data - eg sunset in reality is at 15.45, while on bottom circle is 19.35. In the menu times are shown correctly. Any hint how to corect this? 
HandsFive	5	2020-11-28	Mein Favorit auf der Fenix6 .Alles was man braucht. Das mit den Zeigern einer Silberstein wäre super. My favorit on my Fenix6 . Its all you need. Is it possible to create the Hands like Silberstein ? That would be great.
HandsFive	5	2020-11-27	Muy buen Watchface! 
HandsFive	5	2020-11-27	It’s the perfect watchface. Thanks a lot 
HandsFive	5	2020-10-28	I love this watch face on my Fenix 5.  It has everything I need.
HandsFive	5	2020-10-24	Love this one on my Fenix.  Will you make it available for the Marvel first Avenger too?  Cheers
HandsFive	5	2020-10-20	It is great and I like the face. However, after reviewing the previous reviews and the given diagram, I still don't know what are the needles (upper, left and bottom needles) showing.  In addition, what are the function of the two half circuits on the upper hand?
HandsFive	4	2020-10-15	Blue gradient looks really nice on my fenix 5x.  I really like the steps graph chart too, well done graphics.
HandsFive	5	2020-10-12	Essential information and yet an elegant look. My favorite analog watch face! 
HandsFive	5	2020-10-08	My favourite watch face! Smart and configurable!
HandsFive	4	2020-10-03	Looks great on the Fenix 5X.  The blue gradient is quite nice, and everything is really clean.  Would be cool to have more color choices.  Very good overall.
HandsFive	5	2020-09-28	Keep coming back to this watch face, my favourite but can't see what the little hands represent anywhere?
HandsFive	5	2020-09-22	I love it ❤️
HandsFive	5	2020-09-19	Very good design. Allows a lot of modifications to suit everyone's needs.  I downloaded 5,6 different faces and finally settled down with this one, have loved it since then!
HandsFive	3	2020-09-17	La pantalla se ve bien, el problema es con las opciones de la esfera de abajo. No se la puede configurar a gusto como las otras dos...
HandsFive	5	2020-09-12	Nice facewatch, but unfortunately I notice a huge battery drain...(due to HR sensor?).
HandsFive	5	2020-09-06	Drain battery very fast on Vivoactive 3, more than any watchface I tried. 
HandsFive	5	2020-08-31	Five star watch face. Looks great on Fenix 5X. Good work!
HandsFive	4	2020-08-19	Virker godt og ser rigtigt  godt ud. Men sekundviseren kommer ikke frem mere.
HandsFive	4	2020-08-12	Good Watchface, but it seems hard for the battery, isn't It?
HandsFive	5	2020-08-11	Beautiful watchface
HandsFive	5	2020-08-07	Very customizable. 
HandsFive	5	2020-08-05	The best watch face app out there.
HandsFive	5	2020-08-05	Top !! Très belle réalisation  Merci beaucoup  A utiliser sans modération 
HandsFive	5	2020-08-04	Great Watch face, thank you!!!!
HandsFive	5	2020-07-09	The best WHO WE find fromm all faces,WE wish an update for Up and down & Updates in House and outsites Sensors,in Germany Treppen steigen
HandsFive	5	2020-07-05	Best analog watch face for vivoactive 3
HandsFive	5	2020-06-21	Great watch face, really clear with plenty of options. It would be nice to be able to choose something other than altitude or weight above the date field, but that is a minor point. 
HandsFive	4	2020-06-07	I really like the watch face style but I am having difficulty modifying the fields to make it look like it does on this page.  My watch (Fenix 5S) only shows 3 fields and no tick marks or numbers.  It's missing quite a bit of data.  I've attempted to modify it several times using the IQ Apps but it doesn't seem to be changing anything.  Thanks for your support. 
HandsFive	4	2020-06-03	its was very good on my fr230 despite being slow and laggy when changing modes. Is there any chance to get it on my new fr735xt?
HandsFive	5	2020-05-22	I love all the data this watch face provides while maintaining a classic chronograph look.   I tend to use this as my off work face and a more dive watch style face for when I’m at work.     Aside from all the possible customization, I think my favorite aspect is having sunrise & sunset time and countdown displayed.   However, I may drive my family a little crazy by sharing that information too much.  
HandsFive	5	2020-05-05	Great looking watch face and great functionality
HandsFive	5	2020-05-04	Best watchface by far! Please add possibility to Use only one or two subfaces or make Thema invisible. Again great Work! 
HandsFive	5	2020-05-02	Very nice. One thing is I don't get any data displayed on bottom sub face
HandsFive	5	2020-04-26	Fantastic!!
HandsFive	5	2020-04-24	Best watch face by far! Excellent layout and it functions perfectly! Keep up the great work!   I have a couple questions:  * The second hand seems to work in 10sec bursts when the watch is moved up to view from resting. How long do you have to wait "resting" between it moving to get it to show the second hand moving again? Any way to get it to do that on demand?  * can you explain the left dial (move bar)?1 The dial color sometimes changes from white (left) and grey (right) to all red, and it's split in 15min increments on the left... What does all this mean? Also, what does the hand indicate and where does it move with relation to the dial and colors? 
HandsFive	5	2020-04-23	Very nice layout that allows a lot of info that is very readable. 
HandsFive	4	2020-04-21	Rất tuyệt
HandsFive	5	2020-04-16	Do melhor, parabéns.
HandsFive	5	2020-04-14	Very good! The best watch face for me!  Only one problem. The left subface shows no data. Instead it is displayed: „Missing History“  What can I do?
HandsFive	4	2020-04-13	Le cadran du bas ne m'affiche rien du tout. Je n'ai pas les heures de lever et de coucher du soleil. Pourquoi ?
HandsFive	5	2020-04-11	Amazing. However, I have one question. In the low bottom field, I have my actual heart rate, combined with, as of right now, 59/90 heart rate. But what is that? It seems to change over time, during the day. 
HandsFive	5	2020-04-07	Great...  I wish there is option Date, Day of Week, Week number. Font size can be smaller a bit and not too small ....   Or week number can be located between hour 1 and 2 location (top right).  Thanks..
HandsFive	5	2020-04-07	Habe lange gesucht und somit das beste Display für mich entdeckt. Hat einfach alles was man braucht. Übersichtlich und Individuell einstellbar
HandsFive	5	2020-03-29	Thank you!!! Easy fix . This is the best face/ options for G vivoactive 3. I run, workout, swim. Meets all needs and best looking. 
HandsFive	1	2020-03-15	It use to work but not anymore 
HandsFive	5	2020-03-14	Great watch face, gives essential information at a glance. Sunrise / sunset along bezel is a particularly nice way to display the information.  Martin is also responsive to questions, so kudos for good support.
HandsFive	5	2020-03-05	I absolutely love this watch face.  So clean, simple,  and realistic. Could use a little more customization options for sub-faces.  Maybe the option of removing some or all of them.  This is definately a must-have.
HandsFive	5	2020-03-04	excellent all in one watch face. my favorite for a long time. keep up the good work. 
HandsFive	4	2020-02-29	We should be able to put any data on any data field, including floor counter, overall great watch face, just need more costomisation. 
HandsFive	5	2020-02-28	This is my favorite watch face
HandsFive	5	2020-02-16	Best Watch face.  Best looking and can provide all the required information on one screen.
HandsFive	5	2020-02-13	目前用過的錶面選這個最好，可選擇的資料介面最多，可選擇的顏色最靚。
HandsFive	5	2020-02-08	Superbe travail ! J'adore ce watch face. Classe et sport. Très complet.  Il s'adapte à tous mes style.  Est ce possible de pouvoir en haut de choisir la pression atmosphérique ou de changer le graphique "step" par un graphique pression atmosphérique.  Merci au développeur.  
HandsFive	5	2020-02-01	very nice!!! I love it!
HandsFive	5	2020-01-30	Love this watch face. It reminds me of older scuba watches and makes my tech watch look less techy. One small thing I really like about this watch is the moon phase. The customization is the best!
HandsFive	5	2020-01-24	This is the best watch face I used for vivoactive 4 until now. It does not consume much battery and full of useful information. I hope in the later upgrades we have more field options. Great good looking watch face, easy to adjust settings.  one question, seconds mode is not working on vivoactive 4, when the gestures are disabled, any way to make it work when the backlight is on? even for a few seconds? 
HandsFive	5	2020-01-24	Hi,  I like the facewatch, before give you my donation, can you tell me how to set it to show the sunrise/sunset time. There are no data in the bottom. Thanks man.
HandsFive	4	2020-01-16	Hi, one of the most customisable analog watch face- good job. I would like to have one more counter - floors. Can you think about it please? Thanks. 
HandsFive	5	2020-01-11	Great watchface, really like how it looks and what it can display! Just two questions - - How do I configure the colour of the day of week differently? (e.g. in red whilst day number in black, as in the example picture) - How do I configure the bottom sub face data fields? I only seem to be able to configure the top and left sub faces and then the bottom sub face decides for itself what to display (e.g. at the moment it displays minHR/maxHR whilst I did not configure this). I am using it on a Fenix 6S. Many thanks!
HandsFive	5	2020-01-10	Love the customization. Shoes me everything I need. And like great.
HandsFive	5	2020-01-07	Very nice Watchface!  How can I change the notification sign in another one, dir example in the alarm sign?  Thanks for help
HandsFive	3	2020-01-07	Sorry but I don't arrive to configurate it, only use it.
HandsFive	5	2020-01-06	I have been searching for a good analog watch face that would be configurable to display what I want for a long time. HandsFive looks great, it shows date, sunset/sunrise, notification count, connection status and alarms, and it is exactly what I want. I would appreciate more customization options for left sub-field; I am not interested in having any activity related data on the screen. Would this be possible, e.g. for a donation (from Czech to Slovak)? :-) Finally, where is the alarms count displayed? I have this enabled in settings and I have one alarm active, but do not see any icon or indicator...
HandsFive	5	2020-01-03	I love the hands five watch face best out of any of the hundreds of analog watch faces I have seen. The one thing I would like to see on it is the higher resolution that you get with your “real face” watch face. It is beautifully done but doesn’t have all of the data I like to see displayed that hands five does. Overall, awesome job though!
HandsFive	5	2019-12-26	Great face but the sunrise subface is not updating?
HandsFive	3	2019-12-20	The "second hands mode" does not work on my vivoactive 4 
HandsFive	5	2019-12-14	I love the way it looks. All the info u need and easy to read. The combination of colors and design will make u watch looks unique. 
HandsFive	4	2019-12-14	I liked this app really. But some days ago it stopped synchronizing the weight on my Fenix 3 HR :-(
HandsFive	5	2019-12-11	Best one yet!
HandsFive	5	2019-12-07	I really like this watch face
HandsFive	5	2019-12-06	After my new Fenix 5X got a software update, installed it and easily configured it to my liking. Many thanks for creating such a lovely and functional watch face!
HandsFive	2	2019-12-05	Hello, I have a vivoactive 3, I installed the Handsfive watch face.  At least 3-4 times each day the face disappears and is replaced with the default face.  I have tried to contact the developer.
HandsFive	1	2019-12-04	I installed it and I see a very simple non-analog digital menu
HandsFive	5	2019-12-01	A great watch face, although I would like the oportunity to configure the lower sub-face, the one with sunset/sunrise
HandsFive	5	2019-11-26	Das beste Ziffernblatt für fenix5 und das erste, was ich nicht wieder deinstalliere, von so vielen die ich ausprobiert habe. Dafür ist eine kleine Spende selbstverständlich. 
HandsFive	5	2019-11-20	This is my favorite warch face to use. Could add temperature and sunrise and sun set to bottom screen. Really like the way it has been set out and looks great as well.
HandsFive	4	2019-11-18	It is very nice face, but is it possible to set all sub faces beside only upper one and left one- top field. I'm with 5X Plus. Thanks.
HandsFive	4	2019-11-18	I like this setup of the watch face, but it keeps saying missing data in the left side
HandsFive	5	2019-11-14	Just installed, best watch face so far, would very much like to find the same face with a tide indicator. Well done.
HandsFive	5	2019-11-13	This is the best watch face which I have been using forever. Thanks!
HandsFive	5	2019-11-11	Been using it for a few years, nothing comes close.  Thanks for bringing back the all black face :-)
HandsFive	5	2019-11-07	Hello,  this is my favourite watch face... Thank you! it would be great if you could add on more data: Stairs up|down. Maybe on Upper sub face (top data field).. I have a vivoactive 3 watch.Thank you!
HandsFive	4	2019-11-07	Beatiful, but I'm not able to set the functionality in the lower face ( I have garmin vivoactive 3)
HandsFive	5	2019-11-05	very good wf with an interesting design. very cool.
HandsFive	5	2019-10-31	Hello again. Do you think it could be possible to display second hand more than 10 seconds ? 30 seconds or 1 minute for example. Anyway, congratulations again for a so much perfect work. Regards. Marc
HandsFive	5	2019-10-31	Hello. I am a french man. I recieve this morning a new fenix 5 replaced by garmin warranty. I installed again your watch face that I used since 2 years. This is really the best watchface. Thank you. 
HandsFive	4	2019-10-30	I can’t find settings for bottom sub-face, where must be time sunrise and sunset according to the last screen ((( Other settings super!
HandsFive	5	2019-10-25	Un très grand merci. Fonctionne à nouveau sur la fenix 3 ! J’ai essayé beaucoup d’écrans sur cette montre que je possède depuis des années : c’est vraiment l’écran le plus complet, le plus joli.
HandsFive	5	2019-10-24	Even on Fenix 6, still best. :)
HandsFive	5	2019-10-19	Bude k dispozici i pro Vivoactive4S? Jinak používám na F3 i na VA3 a super. Nejlepší watchface.....
HandsFive	5	2019-10-15	Fantastic Face ... Love it
HandsFive	4	2019-10-15	bon écran, beaucoup d'options possibles
HandsFive	5	2019-10-14	please make it run on the vivoactive4
HandsFive	4	2019-10-12	Great watch face very well designed, would it be possible to add Floor count and Calendar notification please...
HandsFive	5	2019-10-11	Great watch face, lot of configuration possibilities and data display. I am surprised how many things you managed to put still making it look neat and nice. Great job! 
HandsFive	5	2019-10-11	Is it possible to make a large second hand that is always on? Thanks. 
HandsFive	4	2019-10-06	All is good and there except the temperature. If you can add as an option to altitude that would make it a complete package. Also add a few more hand styles.
HandsFive	5	2019-10-06	Hi, Very good watch face, this is the best I found! Keep up the good work, All the best, Csaba
HandsFive	5	2019-09-29	Great Design..... i love it, better than all others. Only one question, the bottom circle where the heart rate is shown, there is also 2 numers like for example: 65/97. what is it exactly? Minimum and macimum heartrate? Thx
HandsFive	5	2019-09-27	Best analog watchface ever!
HandsFive	5	2019-09-24	Great watchface combining data with classic analog looks. Love it! 
HandsFive	1	2019-09-23	Ruim, nao consigo desinstalar
HandsFive	5	2019-09-23	Best customizable analog watch face for Garmin watches. I have been looking for a watch face like this for my Fenix 5 plus for quite sometime. Great job on this...kudo's to the developer.
HandsFive	5	2019-09-22	Amazing watchface, I have a 245 music and it doesn't show the altitude, could you get it from the gps like the sunrise/sunset calculations? 
HandsFive	4	2019-09-21	great job!!!!!, after the update, the red-black is gone, it was also my favorite  regards.
HandsFive	5	2019-09-20	Great watch face.. Where has black red gone though.  Was my fave
HandsFive	4	2019-09-17	Love the options, but a few comments 1. Can you add units to display,... So for example hr or bpm to know it is heart rate. 2. Not sure of the all-time sunrise sunset bars in the space between 6 and 7 marks. 3. Weather... No forecast, or min/max for day.... 
HandsFive	5	2019-09-14	My favorite watch face, by far. Plenty of configuration, excellent attention to details.
HandsFive	3	2019-09-12	What can I say? Works not, completely not, on my fenix 3 HR. And I am living in the near of the famous valle joux, your grandfather has known for sure. Too bad, that it is not working for me.  Well, what about stars? What I see, is cool, but if it is not working (see only the digital time of Garmin, no matters, what I do).  Hm, I give a 3 stars, because your grandfather was a watchmaker. :-)
HandsFive	5	2019-09-12	My default watch face for while now. The amount of info versus clarity is perfect, and everything is customisable, including colours. Great support if you have questions too. Thoroughly recommended. 
HandsFive	5	2019-09-09	Really like your watch-face. When do you expect to have Garmin Fenix 6 series available ?
HandsFive	5	2019-09-03	Hi, best watch face and beautiful, easy to use and configure. Yet I  l o v e  to have permanent moving second hand. It doesn't move at all.
HandsFive	3	2019-09-02	I can´t change anything, it doesnt save. What can I do????
HandsFive	5	2019-08-31	Great watchface! Please remove the seconds in the double time feature that is below the date. Thanks. 
HandsFive	5	2019-08-28	Great face. Would be perfect if you could add no flytime feature on descent mk1, would you? Will be very happy to donate!
HandsFive	5	2019-08-27	Excellent watch face! Thank you! For guys who currently have the issues with saving settings, on IOS, it is an issue with the Garmin app, and not only this watch face has issue with it. As a workaround, while we are waiting for the fix, it is possible to configure and save settings using Garmin express application on pc or mac (wired connection required). For the author, it is useful to add this temporary information with disclaimer into the description, because not everyone reading reviews. 
HandsFive	3	2019-08-26	Nice watch face, but it is not possible to change the parameters with an IPhone XR
HandsFive	4	2019-08-25	Great face... won’t update settings on 5x Plus. Wonder why...
HandsFive	5	2019-08-14	I really love this watch face very much. It’s the best in all IQ faces!!! Here are some suggestions: I would like to add the option of “real-time temperature”.
HandsFive	4	2019-08-13	The watch face is amazing and neat. Just one issue. The field data upon changing gives me a missing history error when i change something for the forerunner 245 music. Rectify that and it would be the best WF i have come across. 
HandsFive	5	2019-08-10	Best watch face I have seen yet. Haven't been able to figure out how to change the data fields yet though. Fenix 5X
HandsFive	5	2019-08-08	The Best Watch Face all is OK
HandsFive	3	2019-07-29	The date renders too big on a Vivoactive 3.  Font is too large.  "MON 29" stretches all the way to the centre of the watch and not as shown in the example.
HandsFive	5	2019-07-27	Best watch face I have downloaded to date. 
HandsFive	5	2019-07-27	Great watch face! More than happy to buy you a coffee (or two) at SB. Just donated.
HandsFive	4	2019-07-25	Adding the option of enabling a seconds hand all time and the week number below the date field, will be amazing! Just the perfect watch face with that! 
HandsFive	5	2019-07-17	Très sympa et complète merci
HandsFive	5	2019-07-14	Works a treat. Thank you for the help earlier.  By far the best face ive seen and now have used. Great work.
HandsFive	5	2019-07-14	Best watchface on MARQ. Wow. So many options, and they actually work. Clean visuals with no pixelation. 
HandsFive	3	2019-07-13	Looks great but have tried numerous times to download but have not been successful. :-(
HandsFive	5	2019-07-13	Cannot donate, link is not working... :-(
HandsFive	4	2019-07-08	Great customisation.  Only thing I can't seem to get any data on lower sub face and can't find option in settings. 
HandsFive	5	2019-07-07	The best analog wf, excellent graphic arrangement and information displayed with very low consumption. There is no better than this analog face for fenix.
HandsFive	4	2019-07-07	With seconds hand 5 stars....please?
HandsFive	5	2019-07-06	Fantastic and can be as busy or clean as you want. I really like the fuel gauge style battery and daylight arcs, and the ability to customize EVERYTHING.  Nice work. 
HandsFive	5	2019-07-04	Hands down the best watch face for my Fenix 5. So much so, I’m happy to pay for it. So there’s €5 heading your way. Well done! 
HandsFive	4	2019-07-03	Seconds please 
HandsFive	4	2019-07-03	sehr schön, müsste nur noch ein großer echter Sekundenzeiger her...
HandsFive	5	2019-06-30	Best one after trying a dozen other ones!I"ll donate you a beer, Heineken?
HandsFive	3	2019-06-26	Why I can’t uninstall? 
HandsFive	2	2019-06-23	No la puedo personalizar 
HandsFive	5	2019-06-21	I spent entirely too much time trying to find the perfect watch face for my Fenix 5...and this ended up being the one! Everything I want to see on the face while maintaining a classy look. Love it
HandsFive	5	2019-06-21	Nice one..  thx for it :) 
HandsFive	5	2019-06-17	Really like the look and customization.  What is the data in the lower sub-face, and can that be edited?
HandsFive	5	2019-06-17	Hi Fab Watch face, however I'm not seeing a Customise option when i flick through the settings to change the data within the dials, just an Apply? Any help would be much appreciated.
HandsFive	5	2019-06-16	Great Watch Face.  Question: when displaying dual time instead of moon, how is the time zone to be configured?
HandsFive	5	2019-06-14	Très bonne face watch mais pour moi il manque il y a possibilité de mettre les pulsations cardiaques en continu et réactualiser en temps réel pensez-vous pouvoir modifier ce paramètre bravo encore
HandsFive	4	2019-06-06	I really like this watch face and it has all of the features that I was looking for on an analog face.  I am having trouble however getting anything to display on the lower face.  It does not seem to be displaying anything related to sunrise sunset.  Both fields show as -- --.  Any insight would be appreciated!
HandsFive	5	2019-06-04	Bellissimo quadrante....
HandsFive	4	2019-06-03	Everything's fine but on my tactix Charlie I couldn't turn on the second hand on watchface 
HandsFive	5	2019-06-03	Hi.  A single doubt.  Since I installed it in the sphere on the left, put what I put in the options, I only get the text "missing history" .... What is the problem?  Thank you
HandsFive	5	2019-06-01	I downloaded this watch face and really like it. I customized the data shown. Now the data has gone back to the default data after a few hours. What am I missing?
HandsFive	4	2019-06-01	Nice to see all the info on an analog watch face. One question: can you make the small dial meters around the small faces color coordinate with the small hands (or provide an option to change it)? 
HandsFive	4	2019-05-31	Using this on a Fenix 5x.  I have been looking for an analog face that includes HR, steps, calories, day/date and altitude on a single face. Appreciate the configuration options.  The bottom sub-dial showing local sunrise/sunset times seems to be fixed and cannot be deleted, even when 'show sunrise/sunset indicator' is disabled.  Very well done. 
HandsFive	4	2019-05-29	Absolutely love this face although I’m having issues displaying correct min/max for heart rate. It was correct earlier today but now hours later much lower numbers unless these values are an average?
HandsFive	2	2019-05-22	Doesn't load onto a garmin forerunner 235
HandsFive	5	2019-05-21	Wonferful watch face. Unfortunally, I can't be able to set the lower sub-face with sun-rise time, sun set and time to next sun event. Seems that the lower sub-face is pre-imposted with min/max heat rate. I wondered if it is necessary to make a donate to activit it!  Thank you for support.
HandsFive	5	2019-05-19	On of the best designs I've seen so far. Testing now - seems to drain  battery a bit faster but I can live with that. VA3
HandsFive	5	2019-05-18	Cool watchface, working well! Thanks for your hard work. 
HandsFive	5	2019-05-17	Excelente Cara de Reloj. es la que tengo la mayor parte del tiempo.  bien hecho amigo.
HandsFive	4	2019-05-17	A very nice watch face with a a lot of data shown without being cluttered. A large second hand that is always on would be the icing on the cake. Appreciate there are reasons why this isn't included. 
HandsFive	4	2019-05-11	Super watchface   Please make Anti Aliasing 
HandsFive	5	2019-05-09	Excellent Watchface.  I don't understand why Altitude does not show in my watch. I use it with FR235 watch. Thank you
HandsFive	4	2019-05-07	Hello, I can't switch altitude indicator from feet to meters? Anyone can help me?
HandsFive	4	2019-05-04	Pretty good. I would really like to be able to turn the seconds off on the dual time. It's also a major bummer that there is no option to set the dual time to be the same as the analog time instead of being a static UTC offset.
HandsFive	4	2019-05-03	Great job!
HandsFive	4	2019-05-02	Really very good and interesting. Especially because it can be adjusted. In the Fenix 5, there is a small problem, in the upper circle, the seconds indicator stops at the value of the battery charge. Interestingly, only the clock moves several times, starts the indicator of seconds to walk, but stops again. Thank you 
HandsFive	3	2019-04-30	Hello, I like it but it crashes on the 735xt when I enable the history data (the chart) could it be fixed? Thanks 
HandsFive	5	2019-04-30	Awesome watch face! I've been using it for a week and finally have it set up how I like it on my VA3. Only thing I'd like to see different is being able to add the temperature to one of the dials but otherwise it checks all the boxes. Keep up the great work!
HandsFive	5	2019-04-28	Great WF! Shows all relevant info in a well designed way, provides a lot of customization options :) Especially the user weight is a very appreciated feature, which is only offered by very few WFs for VA3 so far. It would be amazing if there would be an option to change the sunset/sunrise dial to wake up / bed time dial, reflecting the corresponding setting in the user profile. This feature would support in going to bed timely, which is sometimes quite a challenge ;) (So far I noticed this nice feature only in the 'Arc Diem' WF in the Garmin store). Thanks for the great work! :)
HandsFive	5	2019-04-27	Top watch Face. I like it. 
HandsFive	5	2019-04-27	Love this face. Best on the store by far. So configurable. Really loving the analogue style. 
HandsFive	5	2019-04-19	Simply the Best! 
HandsFive	3	2019-04-06	How do you customize the watch face colors? There's no clear instructions on how to go about this. Would leave a better review if it was easily accessible.
HandsFive	5	2019-04-01	Absolutely the best! This is the best watch face available to date for my fenix 5x. Thank you very much for craftsmanship and expertise. My enjoyment and utility of my watch has been taken to a new level via this amazing face. Thank you again...donation coming soon (as soon as I sign up for Pay Pal). 
HandsFive	5	2019-03-17	Grossartig, Danke für euere Arbeit.
HandsFive	5	2019-03-17	Bonjour très bonne face watch très complète dommage qu'il n'y ait pas possibilité d'avoir une aiguille pour les secondes paramétrable et la possibilité de voir la fréquence cardiaque en continu sans interruption et peut-être quelques couleurs supplémentaires dans les paramètres sinon Ultra lisible très très bon application merci aux développeurs
HandsFive	4	2019-03-11	Love the face and all the information it shows on one screen.  But I have two requests.  One an easier or automatic update to DST.  Every time the clocks change I forget I need to go into the face settings to correct the time. Second a better key as to what all the dials and numbers refer too.  Most of the numbers I have figured out but the small dials are a different story.  Thanks.
HandsFive	5	2019-02-08	After trying many faces this is my favorite, a combination of elegance and practice information. You deserve a donation for your work 
HandsFive	5	2019-01-30	I would also like to see weather somewhere on this screen.
HandsFive	5	2019-01-26	If I could choose one watchface for my Fenix 3HR this would be it. 
HandsFive	5	2019-01-25	C'est la Watchface la plus paramètrable qu'il puisse exister. Vous pouvez personnaliser cet affichage pour avoir une montre qui vous ccorrespond. Géniale !
HandsFive	2	2019-01-21	It does not come in color like it shows here in CONNECT IQ -- mine only comes in white with black background -- I have trouble seeing in white and black -- I need color.
HandsFive	5	2018-12-31	Well done!  Would like more options for mini dials but this is just an excellent watch face overall.
HandsFive	4	2018-12-28	Thank you for an amazing app. Could you add the option for Weather where the weight and altitude goes? 
HandsFive	4	2018-12-16	How can I customize this watch face?
HandsFive	5	2018-12-08	At last black is black and not blue. Awesone job but please add more choices to bottom sub face not only sunrise-sunset......
HandsFive	4	2018-12-08	Hi, I had installed your watch face on my Fenix 3 for nearly a year, and loved it! Only recently I was playing around with other faces, and when I tried to reinstall yours, the face only shows a digital readout. I tried deleting and then downloading again a couple of times- but same again. Any ideas how to get yours back? Tony
HandsFive	5	2018-11-29	I installed on my Fenix 5X, almost all functions work fine, but only the second mode works kind of glitch, the small hand on top sub-face is stepping and disappearing a while and then stepping  again.
HandsFive	5	2018-11-29	New version seems to have deleted the black watch face. Please can you fix? I dont like the blue graded one ( that installs when I pick black!) Thanks for all your work!!
HandsFive	5	2018-11-22	Hey, nice design. Thank you. Can you make an option to choose the background with and without gradient. Especially for the black background. Thank you
HandsFive	5	2018-11-19	I love this design, but on my Forerunner 235 the display is very sluggish. It takes about 3-5 seconds for the screen to switch.
HandsFive	5	2018-11-18	Absolute best and I love it. Thank you! I use it on fenix 5 and it has all the information I need - steps, current hr, altitude, sunset/sunrise & battery - which no other nice looking eatch face provided. I only wish if there were a permanent second hand - nit just during gesture. For now I use UTC clock as a digital work around. If you could get an analog one done, it would be great. Thanks a million.
HandsFive	5	2018-11-17	I was looking for a watch face with all essential information and I finally found it. Customization is just amazing. Great job!
HandsFive	5	2018-11-10	Absolutely my favorite!
HandsFive	5	2018-11-05	Concept and execution are great! Access to all fields I am interested in, with customization for my color preferences. Nice work!
HandsFive	5	2018-10-24	Best watch face ever, over a year on my watch. 
HandsFive	5	2018-10-23	After updating whatches become to show seconds in the UTC time.  Is it possible to make chose for customers to use seconds or not to use?
HandsFive	5	2018-10-17	It's my favorite watchface so far,  but I'm not able to configure the watchface,  so that a second hand is shown. The second hand mode is enabled, but nothing changes. Please help. I use this skin on my fenix5
HandsFive	3	2018-10-13	i love this face, but for some reason i can t customize it in my fenix 5x plus.
HandsFive	5	2018-10-01	My everyday watchface since months ago. From time to time I'd try something new just or change, and after a few hours I inevitably come back to Hands Five: it's the cleanest, neatest and most informative one so far. 
HandsFive	5	2018-10-01	Great app! But, where can I read the description :-)?
HandsFive	5	2018-09-22	Great design, showing all the data I need, highly configurable, definitely my favorite analogue watch face. In my humble opinion the only thing missing for perfection is a DND (do not disturb) indicator.
HandsFive	5	2018-08-30	It's great.  Would just like a second hand or counter.  There is a button but doesn't seem to do anything.  Am I missing something? 
HandsFive	5	2018-08-20	I find it great, beautiful and elegant. Would it be possible to have the total diary ascent?  regards.
HandsFive	5	2018-08-18	Have loved this face since getting the watch last year.  BUT at some point the left face stopped including bike distance, both in the total and in the bar graph.  Did I inadvertently change a setting?
HandsFive	5	2018-08-16	Preffered one. Only lack a stair counter.
HandsFive	5	2018-08-15	It looked nicer on the picture than on my Fēnix 3 but I like it!!!
HandsFive	5	2018-08-12	Perfect 
HandsFive	4	2018-08-04	How do I get the sunrise/sunset to display in lower field? 
HandsFive	5	2018-07-19	Great, current using, Can bottom Sub-face display dual Time? in stead of sunrise/sun set. This seem more flexible. 
HandsFive	4	2018-07-13	Is it a bug or only me when ticking „disable signature“ also all 5 minutes marker are removed as well? Thanks for investigating and for your efforts for this nice work! Device: FR 935, latest firmware and latest face version too  
HandsFive	5	2018-07-11	Great watch face. Can you add a symbols near values?
HandsFive	5	2018-07-05	Best face ever! Thanks, donate..
HandsFive	5	2018-06-25	How i can change the metric system of altitude from ft to meters?
HandsFive	4	2018-06-22	Had to write a second review since I cannot update my original. The response from the developer cleared up the crash issue I was having when I configured the watch face on my vivo active3. This is now my favorite watch face with all the data and aesthetics I want in one place. 
HandsFive	5	2018-06-20	So good!  all the geeky data I want and still looking great!  thanks! 
HandsFive	5	2018-06-11	very nice watch face! But I can't get the customization done on my Fenix 5. My watch only lets me choose the watch face, but does not show a possibility in the menu to change field s and/or colors... How?
HandsFive	5	2018-05-30	Very nice and clean wf with lots of data and customization. Works perfectly on my Fenix 5S. Thank you very much for your great work!
HandsFive	2	2018-05-30	This watch face has all the functionality that I am looking for. However, when you customize the watch face in settings it crashes the watch face and it disappears from the selection menu. I am using a Vivoactive 3 so it may work fine on other devices
HandsFive	3	2018-05-23	I live in northern Norway and the midnight sun period is just some weeks away. This watch face worked fine intil just resent when sunset and sunrise is just after midnight (summertime in Norway and midnight is actually 0100 am, and both Sunset and sunrise is after 00 am). Now the watchface will not show once the gps signal is updated. I suspect this is an error related to the special situation handling the northern most altitudes during the summer season. Othewise a very Nice face. I hope this bug can be fixed. Jan Ove
HandsFive	3	2018-05-16	Lots of informations. Great setting. Many datas not updated live (F 5x).
HandsFive	5	2018-05-12	After being testing many watch faces this one is for me the most balanced and wise data showing, esthetic, and with many customizing options.
HandsFive	4	2018-05-10	A good watch face. Please consider add floors count options where the altmeter is so we won’t need to change watch faces.  Thank you
HandsFive	5	2018-04-19	Everything is very excellent. Easy to read. A lot of function to customize. By the way the moon face should be adjustable & compensate +/- days. I found the full moon is not correct when compare to calendar in Thailand.  Thank you to create this watch face. I love it.
HandsFive	5	2018-04-13	This is the most stylish and contemporary fusion of watch face style with data display technology available.  It is readable, highly configurable, and practical, and thus will outlast novelty designs. I've made a contribution to recognize the effort and success as well as provided feedback for potential enhancements.
HandsFive	5	2018-04-02	This is an excellent watch face.  Thank you.  I just bought a Tactix Charlie and cannot see the second hand.  No big deal.
HandsFive	5	2018-03-15	Love this watch face. If you can make the watch hand transparent which not covering the data will be perfect. Thanks.  
HandsFive	5	2018-03-14	NIce watch face. Great color options. A ton of info at a glance and can be set as you wish.
HandsFive	4	2018-02-20	Just installed it on 935 with version 8 firmware on it. The bottom circle reads 'no gps', and I cannot customize the colors when I goto settings.
HandsFive	4	2018-02-16	Is it possible to show the climb floors?
HandsFive	4	2018-02-16	Looks great but I cannot in my Fenix5X change the colours and options.
HandsFive	2	2018-02-11	Do not manage to get it on my Fenix3HR I got it once and this face was really great but never got it again. Try to desinstall and then install again...
HandsFive	5	2018-01-30	Great watch face!!! Nice, crisp design despite you can customise it with a lot of information. On my old remix 3 hr a bit slow transitioning to the widgets, but I take it as normal. Amazing job, thank you for sharing it with all of us!
HandsFive	5	2018-01-30	Awesome watch face! Has everything I could want to have on a watch face. Only thing that isn’t there is the second hand.(I’m using a vivoactive 3). Something that I would love to see added would be a hour and minute hand that is a straight pointer (like the bar but with a point). Again thank you so much for the watch face I love it! 
HandsFive	4	2018-01-28	Me gustaria saber como poner la manilla del reloj en verde, tal cual esta en la imagen. Gracias !!!
HandsFive	3	2018-01-21	Hola. Yo tenía la pantalla todo blanca y el resto negro. Y esta mañana me he l2vantafo y el cuadro del día está los números en blanco y el resto en negro. Y lo quiero poner de la otra forma. Los números del día en negro y el back en blanco. Ya q tengo todo el rejol a sin. Muchas gracias. 
HandsFive	5	2018-01-16	Can you add floor climb option?
HandsFive	5	2018-01-08	Congrats on a great watch face. Can't see the options on changing the colors of the dials for the Fenix5x?
HandsFive	5	2018-01-07	Functional and great looking. Good job!
HandsFive	5	2018-01-06	Great app! Has everything I was looking for it an organized and usable way. However, I am having trouble changing the color on my Fenix 3. Do you have any suggestions? Thanks
HandsFive	5	2018-01-06	Such a great watchface with so many options. Looks great on my Fenix 5x. Thank you for all of the hard work!
HandsFive	5	2018-01-04	I don't known if it's the best one, but it's clearly one of the best. Thank you for this great job full of options.  Maybe just the possibility to display the week number with day number and DOW ? It souldn't be very difficult to add this choice into the date format. 
HandsFive	5	2018-01-03	Great watchface. All necessary Information available and easy to customize. Thumbs up!!!
HandsFive	5	2018-01-03	This is by far, hands down the BEST watch face for my Fenix 3 HR.  I am a data nerd and I absolutely ADORE all the data that is shown on my watch face.  I'm a teacher so I need to look at my watch often and for whatever reason my brain does much better knowing time and how much time I have remaining with an analog face.  Not only do I get that, but I get ACCURATE sunrise/sunset, steps, miles, battery life, HR, elevation, date and moon phase, and i get to choose colors and data fields!  Oh my goodness, I feel like I have hit the jackpot.  Thank you SO MUCH for creating this watch face and for sharing...FOR FREE!!
HandsFive	5	2018-01-01	Thanks for this beautiful watch face, it works well, except the Hr on my Fenix 5x.
HandsFive	4	2018-01-01	I have gone from Vivoactive 1-HR to 3 and this is my favourite watch face for the 3. After testing it for a week, I find it clear, effective and easily customisable. Happy to donate (and give it a 5) except for one new issue that may have happened with V2.8 of the Vivoactive software....the heart rate on the bottom half of the top sub-screen no longer reports heart rate (current or min-max). It was working prior to the latest Garmin update. Has anyone  else seen this issue? 
HandsFive	4	2017-12-25	I like it but some options dont seem to work on my vivoactive 3. Contrary to other people hr is showing for me. If i enable step history it breaks the watch and all small circles become empty. 
HandsFive	5	2017-12-20	Great watchface, could be perfect if stairs were added in upper sub-face.
HandsFive	5	2017-12-18	Great application. A little bit battery-hungry, but it really worth. Great job!
HandsFive	4	2017-12-17	Nice display, very good readability. The heart rate is blank on my vivoactive 3, although enabled in the menu. The seconds indicator works only when the backlight is on.
HandsFive	4	2017-12-13	Molto bello e personalizzabile. Bel lavoro
HandsFive	5	2017-12-05	Would be nice to have intensity minutes as an option on the left subdial. Thx
HandsFive	4	2017-12-05	Hello, Is it possible to get a full descriptions of all the options, and explanation of all the symbols on the face? Also, a seconds hand would be a nice addition.
HandsFive	4	2017-11-30	I like the ability to customize the watch face, and most functions appear to be working well, but the heart rate in the upper face is just blank even though I have it enabled. Otherwise it's great. 
HandsFive	4	2017-11-22	I love the layout of the face.  I have the Vivoactive 3 but have not been to configure the app.  Am I missing something?
HandsFive	5	2017-11-16	Brilliant app.  Takes a few mins to set up but mainly due to the many options available!
HandsFive	4	2017-11-12	Very nice watch face. I've used it since I got my watch. However I just recently updated from whatever version I installed when I first for it in late December 2016 and I'm very disappointed to see that the DOW DD MONTH format is gone and that I'm the digital time is no longer able to display the same time as analog time. I understand there were a lot of requests for "Dule Time" based on UTC, but it would be nice if I could still chose to have it in sync with analog time. The problem is when I travel the analog time changes but the digital time needs to be manually changed. I also understand there are some memory concerns at play, does that have anything to do with why these options were removed from the previous functionality? Aside from those 2 issues this is beyond a perfect (5 start) watch face, it has way more functionality than I need/want.  For anyone reading the reviews it's worth noting that there is a delay when switching navigating screens, but it's like the developer has mentioned, this watch face does a lot and uses a lot of the watches resources. So that's just the price you pay for a nice watch face with all the functionality we love!
HandsFive	5	2017-11-07	Very good customizable watch. All ok in the Fénix tactix Bravo.
HandsFive	4	2017-11-07	Good job
HandsFive	5	2017-11-05	Nice watch face.  Lots of options.  Is it possible to get a full descriptions of all the options, and explanation of all the symbols on the face?  Also, a seconds hand would be a nice addition.
HandsFive	4	2017-11-01	Just installed on Vivoactive 3. Went smoothly. Any way to get weather / temperature in one of the rings.
HandsFive	3	2017-10-28	Hi - seen the reviews uploaded watch face it says it’s on the watch in iQ but won’t open. I just have the standard digital face. How do I get to see the watch face?
HandsFive	5	2017-10-14	My favorite watchface but unfortunatly still no floors climbed setting.
HandsFive	5	2017-10-13	Sieht super aus und macht was soll. 
HandsFive	5	2017-10-03	I like your design very much， simple but useful , including heart rate , battery,  sunset and sunrise , which i watch every day.   I use the Garmin app for my running history and details.  As a Hongkonger,   I would like to express my gratitude further because you choose Traditional Chinese for Sun to Sat.  Traditional Chinese can be easily found in anything in museums.   It has a long history but not many people know. All the best. Thank you. 
HandsFive	5	2017-09-29	I really like. The only thing I would change is notification icon. It's nice that it shows the number but it's very small and it is very close to the alarm icon. Would be great to have the option to set it up as alternative to altitude and make it a little bit bigger. Anyway, the great one!
HandsFive	5	2017-09-28	The best watch-face on F5X! Donation on the way. Could You add possibility to set up on left or upper sub-face information about climbed floors or activity minutes?
HandsFive	5	2017-09-12	Very nice watch face!  One question: The left subdial has an optional pointer indicating steps progressing up to the daily goal. But what is the significance of the edge color of the left subdial? The right half is solid, red or white, whereas the left half is split into four sectors, red or white. Would appreciate if you could explain this. Thanks!
HandsFive	5	2017-09-10	The best of the best ! 
HandsFive	5	2017-08-25	Il più completo è meglio personalizzabile. Ottimo lavoro.
HandsFive	5	2017-08-17	Está muy completo y diseño muy chulo me a gustado mucho , gracias desarrollador esta muy bien .
HandsFive	5	2017-08-13	I love this display. very clear, visible and readeable numbers and signs, specially with the dot mode of the smal hands. Great Job - Thanks!
HandsFive	5	2017-08-09	Excellent cadran  
HandsFive	5	2017-08-02	Very nice watchface! Thanks!
HandsFive	5	2017-07-27	Very good watchface, very clear and customizable.
HandsFive	1	2017-07-24	Je télécharge mais le fond d'écran que je retrouve sur ma montre ne ressemble en rien à ceux montrés ici......
HandsFive	4	2017-07-23	This it's ALMOST the best watch face I have ever seen on my Fênix 3 HR! The only thing I miss are the dynamic hands when I look at my watch. Thank you!
HandsFive	5	2017-07-21	My new favorite on F5S, great work! Huge customization possibilities. Donation on the way. :) Missing "do not disturb" icon and mainly better config options for bottom sub-face, so I will be able to exchange sunrise time by climbed floors or activity minutes once this info will be available. :) Using it with steps graph on. 
HandsFive	5	2017-07-18	Very good watch: it is clear and full of information One question: how can you customize it ? I cannot see that. Or is it not possible? Thanks
HandsFive	3	2017-07-13	does anyone actual now where i install this from i have downloaded it and it sais installed but where do i get it from to make as my screen 
HandsFive	5	2017-07-09	Dobrý den, nejlepší watchface na storu. Jenom mám malý problém - jak nastavim do horního malého ciferniku zase zpět váhu? Chci tam mít baterii včetně arc symbolu a dole váhu uživatele. V současné době se mi na spodnim okraji objevuje cilový počet kroků. Díky za radu
HandsFive	5	2017-07-08	Great watch face. I'm using on For runner 235, is there a way to get a second hand?
HandsFive	4	2017-07-06	like the face and features but keeps going back to defaults, no other watch face i have does this so dont blame Garmin. i have fenix 5x running latest update etc.  still like this as my day to day face
HandsFive	5	2017-07-04	By far my fave watch face. I have  an F5x and would love, when you had the time, to see an updated version with some of its novel features. This is not just a face its a piece of art once you set it the way you like. Also I believe the F5 firmware has been updated so no more reverting to defaults :)   Miss the cog wheel though, reminds me of the tourbillion that was on my Maurice Lacroix Masterpiece Tourbillion before it was lost (I suspect stolen, I don't leave things that expensive lying around). If you could please please PLEASE add something like that to the F5x rendition of the watch (does not have to be the old cog, a tourbillion would trump if possible ;)    I believe you ran into memory issues with the 3 and 3 HR which shouldn't be a problem for the F5) along with any genius ideas your grandpa may have had it would be so greatly appreciated. I honestly had teething issues with all the settings being a mechanical watch guy but now that I have it down I absolutely love it and have actually never changed my watch face after getting this one. Your work is art and I'm sure both the community and myself are indebted to you and show you the up most respect. In closing, thank you, need I say more? PS the loss/theft of my Maurice is why I bought a Fenix 5x to begin with, thought I wold branch out and own at least one sports/GPS watch and I must admit part from pure aesthetics (not saying the 5x is ugly its actually beautiful) I do find it hard to take off and find myself wearing my automatics and manual winds less and less  I know i have said it a plethora of times but thank you for taking the time, pun slightly intended. Kind Regards, Nick
HandsFive	5	2017-07-04	Supet watchface :-)  Uz chybi jen barometr :-)    (FR935)
HandsFive	5	2017-06-29	could this show darksky weather too?
HandsFive	4	2017-06-27	I like this watch face. Everything I want in one neat display. I would like to see the data in front of the hands to prevent the occasional blocking. Thank you for your hard work. 
HandsFive	5	2017-06-23	Really like this watch face.  Easy to configure thru Garmin Express.  A lot of options. Has everything I want in a watch and is well organized. 
Sun Watch Toutou	4	2025-05-14	Very good wach face, will like to know if this will work during winter too.
Sun Watch Toutou	5	2024-10-03	Great watch face! 
Sun Watch Toutou	5	2023-01-27	Echt schönes und einfaches design. Ich finde es total cool, dass die Sonne mit der Zeit wandert 
Sun Watch Toutou	5	2022-12-25	Great. Easy to read. Good face
Sun Watch Toutou	1	2021-10-05	Doesn't correctly mark the position of the sun
Sun Watch Toutou	5	2021-07-03	Molto bello 
Sun Watch Toutou	4	2021-05-12	Grest WF, thanks! Just on Venu the date is placed very close to the edge, a bit distance/padding would be nice. And would be great to have an always on screen for Venu (just showing time?) - black empty screens in low power mode are just a bit boring  ;) Thanks!
Sun Watch Toutou	5	2020-12-30	Beautiful and good.
Sun Watch Toutou	1	2020-12-05	Epix cannot be installed
Sun Watch Toutou	1	2020-12-03	I'm  not able to removed it ... nothing happens when I click on uninstall.
Sun Watch Toutou	5	2020-11-10	I love this face! But since the "night" face is the one we see most of the time those days, could we have some moving "things" in the night sky (clouds, stars, moon,  witches on brooms, whatever....) ? Thanks a lot!
Sun Watch Toutou	3	2020-09-28	Sadly it doesn't change colour
Sun Watch Toutou	5	2020-09-28	Hi, this is a wonderful face. Could you please give us the option to set our own colors and turn off the reflection of the time?
Sun Watch Toutou	4	2020-07-19	Urlaubsfeeling! Nice! Herzfrequenz wird allerdings nicht angezeigt
Sun Watch Toutou	5	2020-05-26	Love that it changes colours throughout the day! Also like how you can customize the options available/what shoes on the screen. 
Sun Watch Toutou	5	2020-05-20	Ah ben j'ai pas les yeux en face des trous mais les data sont toujours parfaitement bien alignées à gauche :-)
Sun Watch Toutou	4	2020-05-16	This is a great Display-design, but on my garmin Venu the fonts are a little bit to small. Is there a possibility to change it?
Sun Watch Toutou	5	2020-05-14	Un petit truc qui me turlupine depuis le début..  j'attendais de voir si quelqu'un faisait la remarque... est ce que les données en bas de l'écran pourraient être centrées au lieu d'alignées à gauche? Ça heurte mon sens de la symétrie. Merci encore pour ce superbe écran !!!
Sun Watch Toutou	5	2020-05-12	Une beau cadran de montre original avec les informations essentielles. Ce qui serai un plus intéressant, l'adaptation des nuages aux conditions météorologiques (pluie, orage, grand soleil...) 
Sun Watch Toutou	4	2020-04-15	I love this watch face! Only problem I have is the heart rate widget does not work. I tried uninstalling and reinstalling and still just a blank after the little heart. It's not my actual watch that is not registering the heart because the Garmin widget heart rate works. Please help! 
Sun Watch Toutou	5	2020-04-13	Bonjour. Juste une petite question.... sur ma Forerunner 645, le ciel est blanc dans la période précédent le lever de soleil... ça doit correspondre à votre copie d'écran de 6:55. Est ce qu'il y a moyen de changer légèrement la nuance de bleu? Merci et bon lundi de Pâques!
Sun Watch Toutou	5	2020-04-07	Really appreciate the updates you are making on this face. I'd like to request the ability to customize background/text colors and font if possible. I sometimes have trouble reading the data on the screen. The reflection of the time sometimes makes viewing difficult as well. Otherwise this is fantastic
Sun Watch Toutou	5	2020-04-07	Nice to have different date options now. Also like the smaller date font, makes a cleaner sky picture. Thank you!! :)
Sun Watch Toutou	5	2020-04-05	Now all arc issues are fixed on VA3 - thanks! ;) The WF is perfect now! :)  If you'd still like to get any further suggestions reg. possible improvements, here are some ;):  - On the left there are indicators for BT & Notifications - same area on the right is empty and could be used for further useful indicators like active alarms (a lot of WFs have it) & DND mode ON (only few WFs offer this useful setting)...   - There are some WFs (eg "UltraSlim") showing some indication if the current time is in the usual sleep times range (defined by user in the Garmin profile, e.g. 23.00 to 7.00 etc) - this reminder for going to bed in time is very useful and helps to stay fit & healthy ;) In this special WF it could be indicated eg by some funny graphical element in the sky maybe...? ;)  Just suggestions based on 2 years of trying dozens of WFs here in the Store ;) If you are not interested or have better ideas just ignore the above considerations ;)   Thanks anyway for creating one of the best & most special WFs here! :)
Sun Watch Toutou	5	2020-04-05	Very quick developer! Thanks for the quick fix! Floors works now! :) Unfortunately, now battery does not work on the right arc (works on the left!), shows empty arc. And the WF crashes on Vivoactive3 if weekly activity minutes option is set on an arc - if set on right or left arc. 
Sun Watch Toutou	5	2020-04-05	Please add Russian language support, or ability to change date format. Now i have unreadeable symbols at top
Sun Watch Toutou	5	2020-04-05	Thanks for adding floors option! Unfortunately right arc is not working any more (left is ok) on Vivoactive3 - stays empty regardless of set option (steps, floors...) - could you check pls? :)
Sun Watch Toutou	4	2020-04-05	Refreshing design.its not capturing heart rate in FR45. The feild when selected shows 3 blank lines. Could you please check this as well?
Sun Watch Toutou	5	2020-04-04	Super! Bravo! I am surprised nobody has asked to be able to change the colors of sky and sea yet... well well that's an idea ;-)
Sun Watch Toutou	5	2020-04-04	Wow, cool improvements, clean design! Thanks! :) Is it maybe possible to add climbed floors (goal percentage) to the arcs options? :)
Sun Watch Toutou	5	2020-04-03	Cool Features! Thanks! :) However, gets slowly a bit overloaded/cluttered  in my opinion, which disturbs the nice & unique sun & see picture - how about the steps progress bar around the whole dial or in the lower part of the dial (half-dial)? ;) however still my favourite currently and still 5 stars - good job! :))
Sun Watch Toutou	5	2020-04-03	Super! Le nombre de pas et la FC!! Merciiii!
Sun Watch Toutou	5	2020-04-02	Cool Design, very quick fixes & improvements - Thanks! :)
Sun Watch Toutou	5	2020-04-02	WOW.... Looks awesome now clouds have been added. Plus the issue with steps bar has been fixed. Thank you.
Sun Watch Toutou	5	2020-04-02	Thanks for the clouds !
Sun Watch Toutou	5	2020-04-02	I love it! I agree on the clouds ;-) and had rather have the number of steps displayed but ou is very beautiful already!
Sun Watch Toutou	4	2020-04-01	The steps bar seems to be hidden underneath the sunrise/sunset times on my Fenix 3. Just a suggestion, having clouds with the sun during daylight time would fill the empty space, if that was possible.  
Sun Watch Toutou	5	2020-04-01	Good job, thanks! :) Note: There is one issue on my Vivoactive 3 - the steps bar overlays the sunrise/sunset times (looks like strike through the sun event times) if both features are enabled. 
Sun Watch Toutou	4	2020-04-01	Love the graphics, but don't love 24 hour time. Please include am/pm option. 
Sun Watch Toutou	5	2020-03-31	Very special & unique design, also very nice to have bluetooth & notifications & steps progress now! Good Job! Thank you! :)
Sun Watch Toutou	5	2020-03-31	Very nice watchface and concept..... Thankyou very much!... 
Sun Watch Toutou	5	2020-03-31	Very nice and original watchface. Great look and good idea. Regards. 
Sun Watch Toutou	5	2020-03-31	Great idea! Please add option to show battery level in percent
Sun Watch Toutou	4	2020-03-30	Nice idea, thanks! Would it be maybe possible to add connectivity & notifications status and steps (or percentage of the daily steps goal)? Would be a great further improvement :) thanks!
Sun Watch Toutou	4	2020-03-30	I like the concept a lot. Would be awesome if we had the ability to customize the colors and change the font (the numbers are a little hard to read). Otherwise great
Sun Dial 24	5	2026-09-21	Ja es ist ein sehr schönes Zifferblatt aber auch ich habe das GPS oben ? Es wäre Super wenn du es so Schnell wie Möglich Weg machen kannst oder muss Mann was Einstellen das es Weg geht?
Sun Dial 24	4	2026-04-16	This is a beautiful watch face. I’ve been using it for more than a year now. I am able to get a fast sense of how far off sunset and sunrise are just by glancing at it. The visual reminder is helpful when I do shift work. The only thing I would change is to make the text size customizable on the temperature etc. because it’s a bit small for my eyes. 
Sun Dial 24	4	2025-11-08	Love the watch face!! But please can you make it so the 0/24 is at the top and the sun goes east to west as if north is the top? Sun going west to east (left to right) is a bit odd ❤️❤️
Sun Dial 24	3	2025-10-19	I keep having ?GPS? coming up at the top of the watch face above the weather.  Tried everything but can't get rid of it. Otherwise, great watch face!
Sun Dial 24	5	2025-10-03	Genial
Sun Dial 24	5	2025-10-01	Love the crisp display and colors! Can you give an option for the 24 hr mark to be a 0 ?
Sun Dial 24	5	2025-08-15	Love it! Maybe the weather can be updated more frequently?
Sun Dial 24	2	2025-07-08	I love this face but its says ?gps? At the top and i dont know how to get rid of it 🥺 
Sun Dial 24	5	2025-07-05	Must have!
Sun Dial 24	5	2025-06-28	The watch face I always come back to for my Fenix 6 Pro. Has just the info I like to see. There are plenty of widgets to check HR, intensity minutes, etc. I really just want a clear sun/moon position and the time. This serves that purpose. 
Sun Dial 24	5	2025-06-26	Très cool pour 7pro 👍
Sun Dial 24	4	2025-06-23	Love the concept of this watch face. Would have loved it even more if there would be a bit more color throughout the day, it’s just very blue now most of the time. Also, the temperature indicator doesn’t seem to work properly as it only updates when I open the Connect IQ app, and shortly after that it will show N/A until I open the IQ app again. 
Sun Dial 24	5	2025-06-21	Love this beautiful watch face! Works perfectly and the developer was super fast in helping me figure out why it weirdly say "GPS?" (just needed to sync) 
Sun Dial 24	5	2025-05-11	Molto bella e funzionale , ottima per avere un idea precisa sempre della luce diurna disponibile 
Sun Dial 24	5	2025-05-10	Watch face ottima e molto personalizzabile, COMPLIMENTI 👍👍👍👍👍
Sun Dial 24	5	2025-04-26	Great face watch! Very nice customization options. I really like it.
Sun Dial 24	5	2025-03-10	I like this watch face.I have been looking for something aesthetically pleasing  fun and useful.after scrolling through 1000s of watch faces, I found this one.I have also used a full sky watch face from the same developer.Both are really good .I used navigate app to lock into GPS as it says in the description so have no issues with interface
Sun Dial 24	4	2025-02-09	I like it, but for some reason it displays "?GPS?" on my watch. Hopefully an option is added that disables that.
Sun Dial 24	5	2024-11-30	Absolutely the best watch face!
Sun Dial 24	5	2024-11-26	My new favorite! Perfect in every way 👍🏻😁
Sun Dial 24	5	2024-10-21	Love this watch face - I installed it a few years ago and it’s still my favourite. 
Sun Dial 24	5	2024-07-18	Quite an interesting watch face as you see the movements of the Sun from dawn to dusk plus the color changes with the direction of the Sun.  On top of that, it offers highly customizable elements. 5 stars! 
Sun Dial 24	5	2024-06-18	Love the watch face. Provides a unique set of data where the aesthetic components are also functional! Fun for data and weather nerds and very customizable. I’m still playing with the settings to get it to feel just right for me but very pleased with it so far. 
Sun Dial 24	4	2024-06-04	I like the concept! I would only add one more step for size of outer data fields (large/big) to be more readable and long press to obtain detailes ( long press on date opens calendar, on temperature opens weather app etc.)   
Sun Dial 24	5	2024-05-14	Fantastic one, love it!  Only thing that I miss a bit is launching widgets by long-pressing icons on the touchscreen.  Would be great if this could be added anytime soon. 
Sun Dial 24	5	2024-04-25	Love the watch face. And to those seeing n/a for temperature, it's not the fault of the watch face, it's because of your Garmin app on your phone. You need to give your app permission to always have access to your location. That's what fixed it for me, regardless of the watch face.
Sun Dial 24	4	2024-04-10	I love it but I have a big black field on the top written ?GPS? - 
Sun Dial 24	2	2024-03-21	I don’t know why but the temperature doesn’t show and instead it’s written n/a.
Sun Dial 24	3	2024-03-15	I like the look of the watch face, as well as all of the info that can be included. I only gave it three stars because the weather hasn’t updated in days. Is there a fix for this?
Sun Dial 24	5	2024-03-08	Which palette can we select colours from? The comment where you've answered before has cut off the link and it won't open.   Thanks for the updates. 
Sun Dial 24	5	2024-01-20	Excelente me encanta esta aplicación muy práctica y sensacional. Felicidades!!! Y en espera de más mejoras creativas.
Sun Dial 24	4	2024-01-12	I love it. The only thing I wish is you could change the font color to black. It can be hard to see the outer data on a cloudy day with it white on white. And on the viviofit 4s the white kind of blends in on the clock and makes it hard to read. 
Sun Dial 24	5	2023-12-13	Best watch face in Garmin Connect IQ
Sun Dial 24	5	2023-11-10	Very nice watch face to help you track your day. Lots of data options and customization and the developer is obviously very active in making new features and ensuring it's optimized. 
Sun Dial 24	5	2023-09-25	Can you give the option to have the analog marks in the inside dial disappear when the Digital type is chosen?  In all cases, beautiful watch face with great options, definitely worth donating by everyone using it! Thank you so much!  For the reviewer who gave 2 stars in June 2023, you can actually change the colour of the inside dial through the last option in the settings.
Sun Dial 24	2	2023-06-25	I would use this if there was a way to darken the middle display so the numbers are legible 
Sun Dial 24	5	2023-05-05	Love it.. But how to change color at middle circle? Thx
Sun Dial 24	5	2023-04-26	Coolest WF i seen and he dont charge for his work every one needs to donate to him would like to change color on back ground in the center to black hard for me to see
Sun Dial 24	5	2023-04-23	Great watchface, original idea. Would love to remove the outer ring with hournumbers for cleaner look. Maybe I've missed it.
Sun Dial 24	5	2023-04-20	Love this watch face.  Very clean and detailed enough. 
Sun Dial 24	1	2023-02-18	It was good, until it started showing an error.
Sun Dial 24	5	2023-01-21	Top sarebbe il massimo se a seconda del meteo cambiasse il display 
Sun Dial 24	5	2023-01-14	Perfect! I love it. Thank you!
Sun Dial 24	2	2022-12-08	Pourquoi le rond reste noir ? Il n'y a pas d'image qui s'affiche. 
Sun Dial 24	5	2022-11-26	I like it thank you
Sun Dial 24	5	2022-11-23	Looks great, well done!
Sun Dial 24	5	2022-11-22	Thaaank you for the natural colour option. Once again; genious at work:)
Sun Dial 24	5	2022-11-22	Great wf, love it!
Sun Dial 24	5	2022-11-22	Interesting wf, colorful and tidy. Nice work. 
Sun Dial 24	5	2022-11-22	Another best ever watchface from this guy:) Thanks  (Very blue at night. Like the black in the other live wf) 
Sun Dial 24	5	2022-11-21	This wf is amazing! Thanks for your work, one more brilliant app
Sun Dial 24	5	2022-11-21	Another great watch face thank you. Love the colours, option for analog face and the big bright sun on my 64 colour screen. Would like to have option of thicker hands on the analog watch face to make it more readable in low light. I realise this would obscure data more. But I would turn off those data fields, for clear time to be number one priority of any watch face. And would still have data fields in outer circle to use.
Sun | Moon | Weather	5	2026-05-20	Working good for me.
Sun | Moon | Weather	5	2025-10-14	Got this and the sun/moon widget. Both are great. Don't know (or really care) about the battery drain. They both provide good info. Consider making the watch hands optional (like the second hand)?. Many thanks. 
Sun | Moon | Weather	5	2024-03-04	Love the watch face. Can I suggest an option to remove or turn off Seconds as well as an option to make the type face smaller? 
Sun | Moon | Weather	5	2024-01-22	Super aplikace. Jsem velice rád, ze jsem ji objevil. Libi se mi co vsechno zobrazuje a ty detaily po kliknutí. Perfektní. Moc děkuji 
Sun | Moon | Weather	5	2023-11-23	WATCH FACE MOLTO BELLA COME TUTTE LE ALTRE, COMPLIMENTI 
Sun | Moon | Weather	5	2023-11-20	Fantastic.. 
Daylight	5	2024-09-19	Excellent design and minimalistic WF.   Please increase the font size and is there a way to show battery percentage instead of just using the design to show the battery left,which is great innovation by the way.    
Daylight	5	2024-07-07	This is brilliant - elegant, seemingly minimalist yet still being informative. The settings allow for excellent customization.
Daylight	5	2024-04-27	Great watch face! Looks super nice on the instinct crossover. 
Daylight	1	2024-03-22	Incomprehensible, can't read it. Boh.... I don't understand 
Daylight	3	2023-12-08	Нет настойки  для crossover ,  в 2х цветном режиме  не отображается настройка цвета шагов и пульса. Цвета на циферблате сами меняются.
Daylight	5	2023-08-22	Great watchface! Thank you. Please consider adding body battery, sunrise, sunset, etc. options to N,S,E,W details.
Daylight	5	2023-08-13	The watchface is amazing, but on the vivoactive 4 there are some problems:  1 - the second indicator stops (freeze) after about 5 seconds 2 - is not possible to change the color of the "center battery" 
Daylight	3	2023-08-10	great watch face for instinct crossover IF there was the option to change the colour of the north south etc. details and have the option to enable always on for the seconds hand 
Daylight	4	2023-07-26	I just need a seconds hand
Daylight	5	2023-07-24	Great watch face! Looks like Pac Man.
Daylight	5	2023-07-22	This is one of the most beautiful stylish minimalistic watch faces I could find on the IQ Connect Store for my Instinct. I love these kind the most. The watch face is already perfect. The only thing I could think of is perhaps an option to show the seconds gracefully pass by as the minutes and hours already does. And it would be more attractive for people if there was a bit more data field options to choose from like a weather icon, distance, moon phase, and all kinds of other different icons and data. I like this one so much that I’m gonna give little contribution for the effort you putt into this. Please keep polishing this little gem! It brings me a lot of joy looking at my watch.
Daylight	5	2023-07-21	Great unique watch face! Works great on Instinct.
Daylight	4	2023-06-06	Nice.  Allows 24 hour color fill with INNOVATIVE minutes starting at bottom if hours do.  Cool.   Would be nice to have an option Just to fill with the our color for 24 hours --  Instead of just option to fill for the first 12 hours and then unfill for the next 12 hours. Unfill for the full 24 hours would be nice option too .  
Daylight	5	2022-04-19	Is it possible to make daytime and nighttime shift in color synchronize with sunrise and sunset? That will be really awesome! 
Daylight	5	2021-04-25	Very special design! Beautifully made
Daylight	5	2020-11-05	So Nice and thks for the update.
Daylight	5	2020-10-27	Rad! Thanks for the work!
Daylight	5	2020-10-26	Really great! Would love to be able to set the hours ring and minutes ring to different colors.
Daylight	4	2020-10-25	Very nice. Just one thing. The battery level is not very visible. Some circle for 25, 50 and 75% will be welcome.
Daylight	5	2020-10-08	This is my favorite watch face, it's simple and futuristic. And visually, my watch was almost invisible to other people around me until I added this watch face. A little difficult in the first two days to read the time, but you can play with the settings and find the balance you're comfortable with. I already suggested the developer to add the date as an option... Personally it's the only thing I'd like to see  in it. Thank you so much Bruno!
Daylight	5	2020-09-20	Really nice watchface - minimal and elegant :)
Daylight	5	2020-08-12	Love it! Best minimal watchface on the store in my opinion. Abstract but easy to read -- makes me truly feel like I'm living in the future.   A few months ago I went looking for a watchface or widget that allows you to see the passage of time by the changing area of colored wedges (like the Time Timer), because that can be very helpful for visual learners, ADHD, or those with time blindness, and Blocks was the only one I found. This watchface looks SO much better than Blocks and I love how remaining battery indication is integrated into the design. 
Daylight	5	2020-07-03	Very nice and original watchface, congratulations, I like it very much! Maybe the possibility to have other colors for the night circle (navy blue...) and day circle (yellow or orange...) Many thanks for the job. Regards, Vince. 
Daylight	5	2020-06-14	Lässt sich auch bei schlechten Lichtverhältnissen ohne Berührung gut ablesen. Man gewöhnt sich an die Zeitdarstellung. ;-)
My Day 24 - Sun, Sleep & Heart Rate Dial	3	2026-08-28	I don’t know how that works in terms of sleeping time counting
My Day 24 - Sun, Sleep & Heart Rate Dial	4	2026-08-27	Super, bardzo mi się podoba zegar 24h i długość dnia i nocy, rewelacja! Możliwość personalizacji, zmiany kolorów i danych wyświetlanych na ekranie. Minus, że bardzo drenuje baterie, niecałe 4 dni i muszę ładować zegarek, wcześniej ładowałem po 6/7 dniach.
My Day 24 - Sun, Sleep & Heart Rate Dial	5	2026-08-23	Great idea and well implemented
My Day 24 - Sun, Sleep & Heart Rate Dial	1	2026-08-22	Llevo 4 horas con la aplicación, y ya se me ha ido del reloj no me sale, basura, dinero perdido
My Day 24 - Sun, Sleep & Heart Rate Dial	1	2026-08-22	Absolutely crap don’t spend your money on this!!!
My Day 24 - Sun, Sleep & Heart Rate Dial	5	2026-08-21	En un INSTICT 3 Amoled funciona espectacular
My Day 24 - Sun, Sleep & Heart Rate Dial	5	2026-07-27	Na to jsem čekal, byl jsem na něj zvyklý léta. Přidělal bych tam ještě možnost ručiček a barvu pozadí. Jinak díky 😉
My Day 24 - Sun, Sleep & Heart Rate Dial	5	2026-07-24	Had it a long while ago on MIP, still love it now. There are many info that a watch can display, yet most of them can also be found at a glance on a phone. Yet there is no 24 hour heart rate history glance, this is the only one. Ok, there are a few bugs and a few features worth adding, yet Tomas seems involved to iron and sew them.
My Day 24 - Sun, Sleep & Heart Rate Dial	5	2026-07-21	Gut geworden. Seit ich von einer Quatix mit MIP Display auf eine Epix mit Oled Display umgestiegen bin habe ich dieses Watchface vermisst. Für meinen Geschmack könnte noch ein weiteres Datenfeld unter die vier mittleren passen. Der Bereich ist relativ leer. Danke für die Neuauflage für Oled Displays.
Sundance	5	2026-06-09	Cool on my previous devices! Waiting for Enduro 3 support...
Sundance	5	2025-10-25	Nice!
Sundance	4	2024-08-28	I like it. But it would be really good to see dusk/awn as alternative to golden and blue hour.. 
Sundance	5	2024-05-10	Great, albeit not perfect. On my 655, the weather status appears correctly, but not the temperature. Some data fields have more choices that others. (Which is a pity: I would have liked to have the sunrise and the golden hour on the same line.) There is no support for touchscreens. Despite these limitations, it is one of my favorite watch faces. It is simply elegant, easy to read, functional. A masterpiece. The ability to choose a different day/night theme is great. 
Sundance	5	2024-04-13	Very usefull for all my outdoor activities! And great design!
Sundance	5	2023-10-06	Absolutely love this watch face anyone who loves being outside and loves watching the sun's motion will appreciate this face
Sundance	5	2022-12-27	Best watchface used for years in several devices!
Sundance	2	2022-11-03	Bug with my Fenix 7 solar 
Sundance	5	2022-09-28	This is the best watchface you can use. The time is legible, includes smart watch data, and  visualizes the data in a way that is intuitive at a glance.
Sundance	4	2022-09-24	Hi, thanks for you job...wheather forecast does't work...
Sundance	5	2022-09-21	Thanks for fixing this great face for the fenix 6x pro. Awesome job
Sundance	2	2022-09-13	very good watch face. since the last update the sphere is removed and the iq logo appears. please fix it. I have tried to uninstall and install several times I have a phoenix 5. Thanks a lot
Sundance	3	2022-08-25	Loved this watchface for a long time. Since last update it's not possible to select it as watchface on vivoactive3. After a few minutes it switches back to a standard Garmin watchface.
Sundance	5	2022-08-01	Great watchface. But seconds freeze after a certain period of time. Fix it please.
Sundance	5	2022-07-30	Thanks for introducing theme colors ! Great ! Now all is visible.
Sundance	5	2022-07-08	This is my favourite on my Fenix 6. Just got the Decent MK2s that has the 24 on the physical di at the top. Would be great if we could invert the 24 to be at the top 
Sundance	5	2022-06-13	Very happy on FR 945. Just upgraded to 955. Hope there will be un update for the 955 too. PLEASE!!
Sundance	1	2022-05-02	With a white background, the yellow icons are almost unrecognizable. No contrast. Please finally adjust.
Sundance	5	2022-04-28	Muy buen trabajo. Pero esta última actualización la altitud no actualiza con normalidad. Sería ideal cada minuto refrescar altitud. Gracias.
Sundance	1	2022-04-24	Just updated yesterday, and now it doesn't work. Garmin Vivoactive 3 
Sundance	2	2022-04-21	Been waiting for this to be released for Epix2.  Not quite three yet, but I'm sure you will sort the bugs out.
Sundance	5	2022-04-21	Please a clear black icons and white icons. Actually when rhe backgroungmd is set to white only text could be changed to black for good readability. The yellow and green icons are almost not readable on white background. Thank you.
Sundance	5	2022-03-17	This is the EDC of watch faces. Perfect, couldn't love it more. Slightly soured by recent update, since then the screen frequently crashes (iq! symbol) which requires a watch restart to fix. Still 5 stars though.
Sundance	5	2022-03-09	So damn nice. That WF has all i need
Sundance	5	2022-03-05	Good. i like it. 
Sundance	5	2022-02-14	An option to only show every 2nd small hour number would make for a cleaner look I think (showing 14, 16, 20, 22, 2, 4, 8, 10 and the big ones). Or optional only showing every 3rd number (15, 21, 03, 09 and the big ones).  Also great would be a marker indicating the highest point of the sun for the current day.
Sundance	4	2022-01-29	Un cadran original, avec l'essentiel des informations nécessaires. Seul regret : la disparition totale de la barre de temps après le coucher du soleil. Dans une future mise à jour ? 
Sundance	5	2022-01-27	Is the Fenix 7 update in the works? :)
Sundance	5	2022-01-24	Favourite watchface, waiting for Epic support
Sundance	4	2021-10-22	Great watchface! It would be nice if the barometric pressure would show the decimal points instead of simply rounding to the nearest whole number since minute changes can indicate a shift in the conditions. 
Sundance	5	2021-10-07	Great!!!
Sundance	5	2021-10-05	Great watch face. Exactly what I was looking for. Recommend reading the FAQs like I didn't.
Sundance	5	2021-10-01	Great watch face. I really like the balanced functionallity while still having a more classic look which is easy on the eyes. I enjoy the daylight ring.
Sundance	5	2021-09-07	Excellent.  I've had Garmin Fenix watches for several years, and this is the only watch face I have tried that I'm going to continue using.  Thanks!
Sundance	5	2021-09-07	Beautiful and easy to read, slightly bigger font for the data fields would be a bonus. 
Sundance	5	2021-05-28	Nice watchface! Could be the font a bit bigger in datafields and in the round?
Sundance	5	2021-04-29	Espectacular!!!! Fenix 6X.
Sundance	5	2021-02-10	Very well designed watchface. Looks stunning on Fenix 6s.
Sundance	5	2021-02-07	Very nice watchface. Even better than Suunto original, and expand the same informativity fron the Suunto.
Sundance	5	2021-01-24	Ein schönes Zifferblatt, leider funktioniert seit ca 10 Tagen die Anzeige des Sonnen standes (Kreissegment) nicht mehr. Was ist zu tun. GPS funktioniert.
Sundance	5	2021-01-17	everything I need!  Doesn't kill the battery, but still offers always on seconds and the other features I want/need!  Well done!
Sundance	5	2020-10-09	Very nice. Would like to see an option to put Zero hour (midnight) at the top of the dial like the Rolex GMT does 24 hour time.
Sundance	2	2020-09-20	Seit dem neusten Update, erscheint keine Notifikation (rotes Symbol)wenn eine Nachricht eingegangen/verpasst wurde..
Sundance	3	2020-09-18	Very nice Watchface but on mi fenix 6 pro didn’t appears the sun info
Sundance	4	2020-09-18	Very nice watch face. If possible please make the "Step" font size bigger
Sundance	4	2020-08-26	Hello, i really like this watch face, but i dont know why i cant use / see sun rise information :(
Sundance	5	2020-08-20	I've been using this watch face for a couple of days now. The battery life hasn't got worse compared to the previous watch face. This is the watch face I've been searching for. Exactly the right information I need without clustering up the display. The only thing I miss is a temperature reading....
Sundance	3	2020-06-20	Sehr gutes Aussehen, ordentlicher 24h-Tag, gefällt mir sehr. Leider ein extremer Energiefresser. Fenix 5x inner halb eines Tages von voll auf komplett leer. Vielleicht lässt sich da eine Lösung finden. Vielen Dank für die ansonsten tolle Arbeit :)
Sundance	4	2020-06-10	Absolutely great looking and functional face.  Gold/ blue/ sunset and sunrise calculations are great references for hiking and photography enthusiasts.   Having the option for a more traditional 12 hour dial and (understandably) only marking the current/next gh/bh would make this a 5☆ face! Highly recommend!
Sundance	4	2020-05-23	Distanza solo km ,senza metri (non funziona)
Sundance	5	2020-04-28	Very beautiful watchface! Could it be just possible to choose color for each icon (steps, HR, floors etc.)? Thanks a lot!
Sundance	5	2020-04-25	Baro graph problem fixed, so a clear 5* for now.
Sundance	5	2020-04-16	V2.9 (and v3.0) have been Running for 1,5 days without crash es on my VA3 now, so it seems the problem os fixed :)
Sundance	1	2020-04-08	Last update have crashed 8 or 9 times in the last two days.  Need to turn off watch and back on, to get watch face back.....only for it to crash again shortly after   Garmin VA3
Sundance	5	2020-04-08	Distanza metri non funziona ,only km ;)
Sundance	5	2020-04-06	One of my favorite watchfaces!!!
Sundance	5	2020-03-23	Great. Thanks man! - may be you can add some sharper numbers, more edgy ?
Sundance	5	2020-03-15	Fantastic Watch Face ! Thank You ... very much . My Kindly & Warmly Gretings .
Sundance	5	2020-03-15	One of my favourite Watchface :-)
Sundance	5	2020-03-07	My favourite watchface
Sundance	5	2020-02-24	I used to have SuLu-24 on my Fenix 3, but now I've upgraded had found this one, which works really well. Though I would like to make the time colour different (light grey) and have the other numbers dark grey.
Sundance	5	2020-02-10	Besides a couple of the stock watch faces on the Fenix 6X Pro, this watch face is my favorite. Almost perfect for me. 
Sundance	4	2020-02-05	Love this watchface! It's my preferred one now on my fenix 6 pro. A few tweaks would make it perfect: 1. battery performance isn't great. i don't use the seconds and i have the black background. 2. the rendering of the small hours font isn't great. Can that be cleaned up at all? 3. would love to see battery days remaining instead of percent. Thanks so much for making this fantastic watch face. Looking forward to the updates! Will donate!
Sundance	5	2020-02-02	it's my favorite Watchface on fenix6. Great Job! 
Sundance	4	2020-01-30	Can you make battery in days????
Sundance	4	2020-01-29	Is it possible to also have the option to display week no?
Sundance	5	2020-01-17	Great watchface. Small issue with calories display, shows as 3.0M not 3.0k.
Sundance	5	2020-01-16	Amazing design and great features !! Love it ! Thank you for this watchface !
Sundance	5	2020-01-11	Awesome watch face. Using as my default now. One thing though, there is no yellow bar showing sunlight hours on my fénix 6. Is there a setting to enable that?
Sundance	5	2020-01-09	Battery remaining in days please
Sundance	5	2020-01-08	hello I can not see or set the current time pointer and the outer ring.  can you help?
Sundance	5	2020-01-06	Getting better all the time :-)
Sundance	5	2020-01-05	very nice update.  battery consumption could be a little bit better. now it is 0,354%/hour. battery in days would be great.  i post it on my facebook-groups.  hoping to give it a positive swing.  keep up the good work.  my most favorite watchface.
Sundance	3	2020-01-05	Great watchface, nice design, but a terrible battery usage... Too much for me.
Sundance	5	2020-01-04	Great changes, loving having more options! Please add “active calories” as an option.          Total calories is just not as useful. Thanks!!
Sundance	5	2020-01-03	Awesome changes because of leading zeros. Thanks!
Sundance	5	2020-01-03	Excellent watch face and thanks for providing such regular updates. Does night mode work? What difference does it make? Would you do an analogue hand version of the same face? Made a small donation :)
Sundance	5	2020-01-02	This is one of the best watch faces I've ever seen! You've done an awesome job providing quality features quickly! 
Sundance	5	2020-01-02	Thanks for releasing so fast. It is worth to donate.
Sundance	5	2020-01-02	Really nice watchface. Calender week as option would be great
Sundance	5	2020-01-01	i love this watchface. The only thing I miss is the possibility to enlarge the datafields a bit
Sundance	4	2019-12-31	Hi, I really like your watch face. Is it possible to add an option to change the main clock with the altitude? I’ve always wanted a face that shows the altitude in a large size font. Thank you. 
Sundance	5	2019-12-31	Did a donation.  Keep up the good work.  Best watchface for now.   
Sundance	5	2019-12-31	Great! Please add Body Battery as a field and it will be perfect:p
Sundance	5	2019-12-30	Love the added Golden and Blue Hour option :-)
Sundance	5	2019-12-30	Looking for seconds in one of the data fields.  Also floors climbed.   The best watchface for now.   Is it possible to make battery in days in case of percentage. 
Sundance	5	2019-12-30	Great but please make the option available to select a 24 hour time display, rather than just a 12 hour display!! Also, why not make body battery available as a field?
Sundance	5	2019-12-29	The best. It would be a must k MBE able to see Oxymeter and days left instead of %. But the watch face is the best
Sundance	5	2019-12-28	Some features can’t be disabled anymore such as the Steps, the Battery indicator ...
Sundance	5	2019-12-28	No leading zeroes :-)
Sundance	5	2019-12-28	Best watch face! 
Sundance	5	2019-12-28	Nicely designed 
Sundance	5	2019-12-27	Top!! I love it!
Sundance	5	2019-12-26	Well done!
Sundance	5	2019-12-26	Looking for seconds.    A circle around it would be great.   
Sundance	5	2019-12-26	Great watch face. Would you ever consider doing an analog version? Same face but with simple hands would look fantastic too. 
Sundance	4	2019-12-25	Just a suggestion. I live in alaska where civil twilight or "usable light" is pretty important to navigation especially in the winter. I'd like to see bars for differant stages of light. 
Sundance	4	2019-12-25	Me gusta mucho esta cara de reloj pero tengo un Fenix 6X saphire y no me sale la barra progreso de sunrise 
Sundance	4	2019-12-25	Watch Face is beautiful, but I miss the heartbeat and floors. Is it possible to add more information?
Sundance	5	2019-12-24	Good!
Sundance	5	2019-12-24	Nice layout. Follow directions from developer to get sunrise and sunset to work
Sundance	4	2019-12-24	Tip: remove leading cero on single digits to look like Suunto even more!
Sundance	4	2019-12-24	Nice. On Fenix 6 Pro sun hours isn’t working 
Sundance	3	2019-12-24	Nice watchface - but the main feature (sun hours) - is not appearing at all (Fenix 6X). 
Sundance	3	2019-12-24	Daylight progress line and current time pointer don’t work, ir maybe doing something worng.
Sundance	4	2019-12-24	Comming from Suunto I really missed this watch face. It is very close but I think it can be improved
Sundance	5	2019-12-23	Great watchfaxe, very readable. 
Sundance	5	2019-12-23	Perfect. All I would like have been implemented !!! Great job
Sundance	5	2019-12-23	Love it, but would also like heartrate
Sundance	5	2019-12-23	nice!
Sundance	5	2019-12-23	Hi! Thanks for an excellent watch face! It really looks nice. Is there any possibility to have heatbeat instead of altimeter in bottom location? 
Sundance	5	2019-12-23	Thx for the latest update. On the large F6 display the small hour indicators could be smaller (75% maybe), maybe a nice option to have them in different sizes?
Sundance	5	2019-12-17	Thanks for the sunset time display. Also the thickness setting of the sunbar is a great idea.  If you have time to add the golden hour and blue hour display to the sunbar this would definitely be my number one watchface. 
Sundance	5	2019-12-17	Very nice watchface. I have 2 suggestions: an option to disable some information (ex: I don’t want to display the number of steps , or anything else) and an hour font closer to the Suunto version.
Sundance	5	2019-12-16	Nice watchface really, good job. It would be perfect for me if it had possibility of white background and choosing foreground colors (dark blue etc...) Go on with the good work! Many thanks in advance. 
Sundance	5	2019-12-12	Nice, would be cool if you include golden und blue hours in the sun circle (in orange / blue). And maybe fill up the rest of the night with darkblue.  Also don't care about the moon, an optional sunrise / sunset time info would be nice there though.  
Solarium ∗ Sun Tracker ∗ Venu X1	1	2026-08-09	Das anfänglich gut laufende Watchface wurde leider wieder total kaputt geupdatet. Wieder viel Geld für nichts. MfG
Solarium ∗ Sun Tracker ∗ Venu X1	5	2026-07-16	Great watch face.  I love the sun / daylight tracker.
Solarium ∗ Sun Tracker ∗ Venu X1	5	2026-07-08	Absolutely great watch face, very elegant and stylish analog watch face.
Solarium ∗ Sun Tracker ∗ Venu X1	5	2026-07-07	Amazing watch face, love it
Solarium ∗ Sun Tracker ∗ Venu X1	4	2026-07-04	Very nice face. Indexhand is popping up a fraction of a second later than the rest of the display.
Solarium ∗ Sun Tracker ∗ Venu X1	5	2026-07-04	Ich bin noch in der testphase, sehr schönes ziffernblatt. Funktioniert alles einwandfrei, werde es mir kaufen. LG Max
Solarium ∗ Sun Tracker ∗ Venu X1	3	2026-07-02	Hát elmegy. Az AOD következő használatnál el állitódik magától.
Solarium ∗ Sun Tracker ∗ Venu X1	5	2026-06-08	Excelent !!.
Solarium ∗ Sun Tracker ∗ Venu X1	2	2026-05-19	Please add active calories as an option. Also quite  major bug whereby the sun isn’t visible for most of the day on the ring on x1. Just vanishes
Solarium ∗ Sun Tracker ∗ Venu X1	4	2026-05-13	Cadran cool sur Venu X1. Possibilité d'ajouter plus de couleur comme le blanc, gris ou orange ?   Merci
Solarium ∗ Sun Tracker ∗ Venu X1	5	2026-05-02	I use it on my Venu X1, had problems reading the X1 specific menus around the edge, requested a change and the developer changed it for the latest release. Can't ask for more, my favourite watch face on my X1, highly recommended.
Solarium ∗ Sun Tracker ∗ Venu X1	3	2026-04-21	Please add active calories as an option 
Solarium ∗ Sun Tracker ∗ Venu X1	3	2026-04-18	It’s good. The only reason I didn’t continue the purchase is there’s no option to show active calories only. 
Solarium ∗ Sun Tracker ∗ Venu X1	1	2026-04-16	Test Zeitraum funktioniert nicht. Ich soll ohne Test sofort zahlen... Deinstalliert 
Solarium ∗ Sun Tracker ∗ Venu X1	4	2026-04-08	Отличный циферблат. Но -1 звезда за большое потребление заряда аккумулятора. Если с другими циферблатами мне при стандартном использовании аккумулятора хватает на 5 дней, то с этим всего на 2 дня!!! Часы эпикс2
Solarium ∗ Sun Tracker ∗ Venu X1	5	2026-04-03	This is a great watch face for the Venu X1. Weather, body metrics, sunrise / sunset, night mode. None of the metrics overpower the analogue clock but are all still easily readable. Very thoughtful colour schemes. Well done. 
Solarium ∗ Sun Tracker ∗ Venu X1	5	2026-03-27	Le meilleur des écrans pour ma Garmin Venu x1 Très paramétrable et du fait tres fonctionnel Une 3ème couleur pour le cadran de nuit en rouge serait trop top
Solarium ∗ Sun Tracker ∗ Venu X1	5	2026-03-24	Very nice !!.
Solarium ∗ Sun Tracker ∗ Venu X1	5	2026-03-22	Very Nice !!. Thanks.
Solarium ∗ Sun Tracker ∗ Venu X1	5	2026-03-10	Nice watchface. L.ots of info. Having sun rise and set times is great. Wish it also had moon rise and set times. Also wish for brighter color schemes. Still gets 5 stars
Solarium ∗ Sun Tracker ∗ Venu X1	5	2026-02-21	Класс
Solarium ∗ Sun Tracker ∗ Venu X1	5	2026-02-12	Wow, nice and clear design, many possible data-settings. Full AOD mode. A must have watchface for analog enthusiasts! 
Solarium ∗ Sun Tracker ∗ Venu X1	5	2026-02-04	COMPLIMENTI 👍
Solarium ∗ Sun Tracker ∗ Venu X1	5	2026-02-04	This looks great, well done!
Solarise	3	2021-12-31	This was my favourite watch face until the details flipped, now it says it’s night when it’s day and day when it’s night. Uninstalled and reinstalled and even restored to factory settings. Very frustrating. 
Solarise	5	2020-01-22	Very cool face, thanks for your efforts. Would be great to have a field option which could show how long til sunset, how long to sunrise. Also an option to remove the analogue hands to a digital time in the centre. 
Solarise	5	2019-08-30	This is an excellent watchface.  A clean look which clearly shows the basic information in a compact watch face - very nice.  If I could make a suggestion, how easy would it be to add the moon? 
Solarise	5	2018-11-30	Fantastic concept - my favorite watchface presently. Thank you! My suggestion would be to add alternative color scheme for solar information (i.e. bright yellow for daylight, orange for twilight, and so on) - that would be more related to information it is actually depicting. 
Solarise	5	2018-11-29	Very good concept! If you ask me how could it be a bit more decent, some redesign of the hands would be beneficial. Either the hand shape themselves, or at least a transparent inside. 
Solarise	5	2018-11-21	Beautiful watch face
Solarise	5	2018-11-20	Thanks
Solarise	3	2018-11-20	Nice graphics and it would be even iteress but it does not work I did take the GPS point and tells me it gets dark at noon
Solarise	4	2018-11-20	Great watchface, nice idea, but the sun curve doesn't work any more since the update of today, I'm on Fenix 5 ver 11 (the last one) Waiting for the new working version... Vincent. 
Solarise	5	2018-11-19	Simple and elegant! Well done!
Solarise	4	2018-11-17	Great idea, great clock. I'm looking forward to the function and the correctness! Thank you! :) 
Solarise	4	2018-11-15	Excellent - needs the ability to customise perhaps the date field to add HR or other data but a great start!
Solarise	3	2018-11-15	Interesting wf but as I can understand calculating Sun times not correctly.
SolarTime 2.0	1	2020-06-28	Display distorted.  Fields overlapping one over the others.  Can't be used for fenix 6x pro solar titanium Asia version 
SolarTime 2.0	5	2020-06-11	Great watchface try it
SolarTime 2.0	1	2020-01-18	Sunrise and sunset time reset always
SolarTime 2.0	5	2019-11-25	Thanks for releasing so fast.
SolarTime 2.0	1	2019-10-27	Not work on my fenix 6x pro
SolarTime 2.0	4	2019-09-27	Very cool.  Could it be possible to get wind in Knots please? 
SolarTime 2.0	1	2019-07-12	No funciona para el.vivo Active 3
SolarTime 2.0	2	2019-06-03	Not working on my VivoActive 3.  When I try to select the watch face, it gives me an "IQ!" error message.  I've deleted the .set files and so on. No change.  I will send my .yml file via email. 
SolarTime 2.0	5	2018-12-20	Tim has made a very nice face, and is VERY quick responding to support questions and is very quick to provide updates when needed. Love the face.
SolarTime 2.0	1	2018-12-02	Still CIQ! error. Seems you are using old CIQ 2.4.9 SDK ? I had send you the CIQ log file.  After changing settings, watch makes a beep and the default Garmin watchface is loading.  Please fix. 5 stars when fixed. Thank you.
SolarTime 2.0	1	2018-08-23	Still IQ error at fenix 5x
SolarTime 2.0	1	2018-08-12	F5x IQ! Error after switching colors. Brand new watch. First installation of this watchface.
SolarTime 2.0	5	2018-07-09	Great face! A bit buggy layout on Fenix 5 Plus (overlapping labels) though
SolarTime 2.0	5	2018-06-10	Thanks, among the best faces
SolarTime 2.0	1	2018-06-02	switch between the widgets and the Watchface has become long, after the lasts  updates. Check the video https://1drv.ms/v/s!Akr0jv41oBL2h9FeVqDiaCrro8UoGw
SolarTime 2.0	3	2018-03-28	switch between the widgets and the Watchface has become long, after the last three update
SolarTime 2.0	1	2018-01-30	As other reviewer getting IQ! error after switching to other color. Pressure wrong. Please get pressure from sensor history. Then it should show right value, like the garmin build in widget and all other iq watchfaces doing that.
SolarTime 2.0	3	2018-01-29	Same as other reviewers on Fenix 5X..if you change colors it reverts back to stock watch face and shows iq? error
SolarTime 2.0	2	2018-01-28	F5x: after switching to other color theme then default, getting IQ! error.
SolarTime 2.0	5	2018-01-28	The value of the temperature is displayed in Fahrenheit and not in degrees Celsius.  For the wind speed it seems ok thank you
SolarTime 2.0	5	2018-01-27	the wind speed still displayed in m/s and not in km/h. please can u fix it.
SolarTime 2.0	5	2017-12-17	the wind speed is displayed in m/s and not in km/h. 
SolarTime 2.0	5	2017-12-06	the wind speed still incorrect. for example now the speed is 1.6kmh on the watchface and it is 6.1kmh on darksky. and it is 6.1kmh on the others apps that uses darksky.
SolarTime 2.0	5	2017-12-04	By far the best watchface. The only problem is that the wind speed is wrong and that was also the problem of previous versions.
SolarTime 2.0	3	2017-12-02	It stops working after 2 days of installation :(
SolarTime 2.0	5	2017-11-22	Best watchface, thanks Thursday in french is Jeudi not Geudi. and it will be very good if wind speed in  kmh
SolarTime 2.0	5	2017-11-21	You are achieving perfection. For us Europeans can you put the wind speed unit in km/h and the atmospheric pressure in millibars? Thank you very much.
SolarTime 2.0	5	2017-11-11	Make your watch better. Thanks for the extraordinary work. Can UMTWRFS change the Italian or international language?
SolarTime 2.0	5	2017-11-10	Love this watchface after latest updates everything works fine ! Thank you for hard work !
SolarTime 2.0	1	2017-11-08	Sorry, update doesnt work. All data are wrong at f5x. 2574 steps and 251.7 km. Wow! Baro always 1008. batt is 42%, but face shows 81% all time. 
SolarTime 2.0	2	2017-11-07	Nice Design, but direct after install crazy wrong data at fenix 5x. Sunrise shows 08:44 but must be 07:17; sunset 18:04 must be 16:26; 1008 hPa must be 1020; 254,6km must be 1,6 !!! 
SolarTime 2.0	3	2017-10-28	Looks cool, but does not work with my Fenix 5x
SolarTime 2.0	5	2017-10-28	Much better the bigger characters. You may need to recapture the character position (steps and altimeter). Let me know how to do the donation.
SolarTime 2.0	5	2017-10-28	Very beautiful and full face watch. The next versions with explanations of the features and slightly larger characters? Thanks for the great work. If you want a cash contribution.
Energy Face	5	2024-08-23	Can you update version 
Energy Face	5	2023-06-28	(updating my review from December 2021) Fantastic! I've used this since I downloaded it (I'm not sure when exactly but...) It is customizable And just has all the information I could ever want. Though if I may offer a suggestion that the full moon be maybe a shade of yellow or different color to more easily differentiate between almost full waxing/waning moons. 
Energy Face	5	2023-05-14	Well done!!!
Energy Face	4	2022-04-05	Good app
Energy Face	5	2021-12-30	I'd give it 5 stars but the time doesn't stay current on the main face. I have to go to a widget and then go back and it will be updated. Can you fix it or let me know if I'm overlooking a setting?
Energy Face	5	2021-09-15	My go-to watch face when looking to have lots of info!  Great work.
Energy Face	5	2021-09-09	Beutifiul 
Energy Face	2	2021-08-28	Me too: Time stops after 1 Minute 
Energy Face	2	2021-08-06	Loved this Watchface but since 2 Months the time just stops. When I activate the watchface after 1 Minute the time just stops an stays there - as we all know this from old watches with a low battery ;-). So for example when I activate it at 10:08 it goes to 10:09 and thats it. It shows 10:03 when it is actually 11:25... (Fenix 5 plus + latest Software)
Energy Face	4	2021-05-31	Really Nice... Please add Temperature
Energy Face	5	2020-09-04	ใช้ดีนะครับ รู้สึกว่าประหยัดแบตด้วย
Energy Face	4	2020-09-02	Best looking face I’ve found yet. 
Energy Face	5	2020-08-09	plz update it for fenix 6 
Energy Face	5	2020-08-07	Great watch face!!!!Cannot make it show sunrise and sunset time. Any help?
Energy Face	5	2020-07-11	All in one 
Energy Face	5	2020-06-03	plz update it for Fenix 6 !!!! ★★★★★★
Energy Face	4	2020-05-22	Weather never work, I have to do something additional??
Energy Face	4	2020-05-13	为什么更新版本后天气信息不更新了？
Energy Face	5	2020-04-25	Absolutne perfektni. Úžasné. 
Energy Face	5	2020-03-16	Perfect Watch Face! Many lines of info, many types of colours than you can to change. Sunrise/Sunset, Moon phase, weather, personale graph....,perfect just perfect!
Energy Face	5	2020-03-06	This watch face is perfect. The only thing I would love to add is wind speed, it would have to be an option for the 4th field though as it has enough room to fit in. 
Energy Face	5	2020-03-06	Fantastic. Many options for look and layout. Battery eater though
Energy Face	5	2020-02-13	Very nice and beautiful. There is only one issue that I will email you 
Energy Face	4	2020-02-08	Great watchface but drains battery significantly more than others even with no weather, heartrate or seconds on. 
Energy Face	5	2020-01-21	Very nice watch face. Thanks!
Energy Face	4	2019-11-24	Not bad. Everything is good, but weather doesn't work! Can someone please help. 
Energy Face	4	2019-11-17	Very clean and clear design. Loads of info at one glance.  Perfect for everyday use.  
Energy Face	5	2019-11-14	Loads of info, yet very clean interface. Great customization options. Not sure how to verify battery usage, some mention it is high. Love it. 
Energy Face	5	2019-10-23	Please, option day in Spanish
Energy Face	4	2019-10-13	I have problems to add weather with openweathermap, I made all set up but in my watch no appears the weather data
Energy Face	4	2019-10-07	Nice face but the WhatsApp notifications don’t appear! I would like to know why. Thanks a lot
Energy Face	5	2019-10-07	Funciona muy bien. La única pega es que los días de la semana no estén en español pero por el resto, cinco estrellas.
Energy Face	4	2019-09-06	Great face except I can't get it to show just the day of month like the third screen example. Looks like the setting is ignored.
Energy Face	3	2019-08-26	Good design but seeming to have some bugs - I've changed the colour scheme but it keeps reverting to black and grey. If I change screen and then back to the watch face, it is the correct colour for maybe 1 second before changing to black and grey.
Energy Face	4	2019-08-25	Great face!  Almost perfect.  How can I choose which indicators appear in the upper left?  I want to see Bluetooth status there, but it shows and alarm and mail icon, which I don’t care about?
Energy Face	5	2019-06-02	Clean, all the information I want, and great color customization options. Does have a decent battery drain but I expect that from something with active seconds and a need to update weather and sunrise/-set so I don't mind. 
Energy Face	3	2019-06-02	Design is awesome but I see some bugs. For ex: when you change data from Sun set and sun rise to active minutes and floors, the background is changed. Also battery cons is huge! More than 1% per hour
Energy Face	4	2019-05-26	Great customization options, the weather feature is nice too. However, for 12-hour format, it appears between 12am and 12:59am that the time is displayed like 00:01 for 12:01. Other than that, great!
Energy Face	5	2019-05-21	Best watch face! Please add pressure to data fields.
Energy Face	5	2019-05-18	Love this watch face :) 
Energy Face	5	2019-05-17	The best watch face on the market! Everything works and look beautiful! Thanks
Energy Face	2	2019-05-16	12 hour format, 12.01am to 12.59 appear as 00.01 to 00.59(like 24 hour format). Sun rise/set not working.  5x plus in Asia.
Energy Face	5	2019-05-16	Very good... pls add the step for the day progress as a line or a circle. 
Energy Face	5	2019-05-13	On of the best faces available!  
Energy Face	3	2019-05-07	Like it but the Seconds field works 10sec and then seconds disappear. It works only witn any action (movement or pressing the buttons). Fenix 3.
Energy Face	5	2019-05-07	Usually like the minimalist look but this watch face is on another level. Even if there is so many data it looks so neat somehow. Its great and i love it, just the graph colour goes back to black automatically when i change it to other colour  but in general a great watch face. 
Energy Face	5	2019-05-04	I would appreciate a third time zone. I would like to put a permanent UTC time zone on the bottom part of the watch face where the moon phases are placed. Other than that, the watch face is amazing!
Energy Face	5	2019-04-27	Long time didn't see such great watch face, just 1 complain. Plssssss add Spanish for the days. 
Energy Face	5	2019-04-25	My fav face but i do have problem where the altitude only to display based on meters but i cant seems to get it to show in ft. Fenix 5x plus
Energy Face	5	2019-04-23	Finally a watch face that's clean and easy to read AND it has all the information I was looking for. AWESOME!!
Energy Face	5	2019-04-17	Quadrante molto ben fatto e completo, se impostato a dovere risulta leggibile pur fornendo una quantità rilevante dì dati.
Energy Face	5	2019-04-16	Ich kann nur sagen : einfach großartig 
Energy Face	5	2019-04-15	Awesome watch face! The data is crystal clear Easy-to-Read with plenty of choices and customization. 
Energy Face	5	2019-04-12	Really clean looking. Has all I need. Highly recommend it! 
Energy Face	5	2019-04-08	Einer der besten Face mit hier bei Garmin... Von meiner Seite her 5 Sterne :-)
Energy Face	4	2019-04-08	Top Face wäre schön wenn die Höhe noch in Meter angegeben werden. MfG 
Energy Face	5	2019-04-06	Really great watch face, very good information, data, and very well organized! Better than this only in inverted colors!
Energy Face	4	2019-04-02	Absolutely love this face... its gives everything I want at a glance.  Not sure why but when I use this face my battery shows its draining @ 1.5%+ / hr. Soon as I remove this face it goes back to less than 0.5% / hr.  Would love to use this everyday, but cant sacrifice battery drain at such rate.  I replaced my Vivoactive3 thinking it was faulty watch but it did the same on replacement.  Not sure if this makes a difference, but from default below are my changes Graph - change from steps to heart rate Add steps below Calories Remove moon face - this automatically added the weather
Energy Face	5	2019-03-31	Finally very good. Thema only thing, what is missing:  we cannot see the daily progress for steps. Best would be a running circle around the watch (the longer the line, the better we can see the progess) or something else. But without such a possibility, we cannot see our daily progress.  Thema bars for the days are very cool!
Energy Face	5	2019-03-31	12 марта 2019 г., Monsterious  YES I change the color of the frame to foreground color in this version   Please do as it was. There were more opportunities for customization before. 
Energy Face	5	2019-03-18	Мне очень нравиться!
Energy Face	5	2019-03-12	Hi!On Fenix 3HR Broken display of graphs. Setting the foreground color now affects the color of the frame of graphs. Previously, the color of the frame was changed by setting the graph field color. Please fix it.
Energy Face	5	2019-03-11	Great face!!!!! In the last update there is a mistake in the date, it writes 12-30.
Energy Face	3	2019-03-11	Zeigt nun falsches Datum an. Heute steht 12-30? 
Energy Face	5	2019-03-10	The daily goal Marks in the graph are gone.
Energy Face	4	2019-03-07	Very nice with face, only reason I haven't given 5 stars is due to the large day & small date, it would he great to see an option to reduce the day size & view longer date format, such as 07-Mar-19. Well done & Thanks
Energy Face	5	2019-03-06	very nice! add military time
Energy Face	5	2019-03-04	抱歉，回覆上次設定天氣問題，原本使用 caiyunapp.com 溫度還算準確，但是前一周開始溫度有很大誤差，之後改用 openweathermap.org 就準確了 :-)
Energy Face	5	2019-03-04	Very good watchface. If  the new update “auto change colors according to the sunrise time” works (just installed it), then this is a great improvement.  Not a lot of improvements (bars, runing circles), then for me this face is almost perfect. :-) Nevertheless I give 5 stars (also for the quick releases).
Energy Face	4	2019-03-03	Falta colocar o fundo do mostrador na cor black.
Energy Face	5	2019-03-03	Thank you for quickly modifying the date, now I have everything I need.
Energy Face	5	2019-03-02	Super face, just why in Fenix 3HR on the date is only the day of the month and there is no month number?
Energy Face	5	2019-03-02	Very nice watchface!! The only thing i miss is having the month beside the day of the month like i see in the screenshots...how do i enable that? Thanks!!
Energy Face	5	2019-03-02	自從1.3.0之後，天氣的溫度顯示一直失準(兩個天氣網站都是..少了10度左右)，手錶為FR935。再次感謝開發人員的分享與用心！
Energy Face	5	2019-03-01	Everything is perfect.... and the developer is really a nice guy.
Energy Face	5	2019-03-01	I uninstall and reinstall it work great again. No more issue. Could you add day and month as well?
Energy Face	4	2019-02-27	when set to the heartbeat graph, there is no field on which you can set the display of atmospheric pressure. it is worth adding one more such data field. Maybe at the expense of reducing the name of the weekday?Anyway thanks to a good job. 
Energy Face	5	2019-02-27	Fine! Thank You for fast fix a days of the week in Russian. 
Energy Face	5	2019-02-27	BEST
Energy Face	5	2019-02-27	Klasse Watches. wenn das  Akku Zeichen bei akkustand min rot würde wäres es perfekt.
Energy Face	5	2019-02-27	Great watchface, new version works fine on fenix3 hr. Thank you
Energy Face	5	2019-02-27	Hi! I like this watch face. Great job! However, I have two comments: the first, correct abbreviations for the days of the week in Russian are:  ПН (Monday)  ВТ СР ЧТ ПТ СБ  ВС (Sunday) and the second, is it possible to display a graph of changes in atmospheric pressure instead? Thanks a lot! 
Energy Face	5	2019-02-27	Hi. I am very glad finding this watch face. It is really greate in general. But could you pls exchange places of L and H strings for graph, it is more logical if max value places above min?
Energy Face	3	2019-02-26	The last Update killed it for the Fenix 3 HR.
Energy Face	5	2019-02-25	Danke für die Updates. Warum ist die Movebar nur noch so kurz? 
Energy Face	5	2019-02-25	After the update the weather works again and the watchface doesn't crash anymore.
Energy Face	2	2019-02-25	Since the latest update (1.2.3) weather lets the watchface crash and my watch (FR735) returns to the build-in watchface. I installed it several times, it doesn't help.
Energy Face	4	2019-02-25	Czech PO,ÚT,ST,ČT,PÁ,SO,NE
Energy Face	4	2019-02-24	Italian language?
Energy Face	5	2019-02-23	Beautiful watchface! Is possibile to have day in italian, DOM LUN MAR MER GIO VEN SAB? Thanks! 
Energy Face	5	2019-02-23	很棒的錶面；當有訊息圖示，斷開手機連結，訊息圖示不會消失(但無訊息的藍芽圖示則會消失)，所以有訊息時斷開手機，無法判定有無連結。
Energy Face	5	2019-02-20	Great wf, please could You add days in Croatian : PON, UTO, SRI, ČET, PET, SUB, NED. It will be perfect!
Energy Face	5	2019-02-20	Super Watchface. Danke. 
Energy Face	5	2019-02-20	Thanks for correcting german date format.
Energy Face	5	2019-02-19	Thank you! This is very good :) I support this 
Energy Face	5	2019-02-19	真棒的錶面！ 週(星期)可以繁體中文化嗎? 再次感謝作者！
Energy Face	5	2019-02-19	Very cool watch-face. Congratulations! 
Energy Face	5	2019-02-19	Great new face. A few comments. Give the option to have the weather in the place of the moon phases. Can the date be displayed Day/Month rather than Month/Day? Thank you!
Energy Face	5	2019-02-18	Wow! Great job! Looks cool, plus the weight functional watch face. On Fenix 3HR works without problems. How do you look at moving all the icons (bluetooth, alarm clock, sleeping mode, notifications) to the bottom, instead of the moon phases. And the icon phases of the moon (one is enough) in the upper left corner? In my opinion it would look very organic.This in turn will allow you to add more information about the current date (Day of the week, day, month, year, or maybe a week of the year, day of the year).
Energy Face	5	2019-02-18	Awesome!
Circles 2	5	2026-09-25	Like that you can track swimming and cycling
Circles 2	5	2026-09-24	Top
Circles 2	5	2026-09-22	Los datos que más me interesan en la pantalla principal y con lindo diseño.
Circles 2	5	2026-09-17	Nice!
Circles 2	5	2026-09-17	Cool
Circles 2	5	2026-09-11	Seems nice as I just downloaded it. I appreciate the information on the watch face as opposed to email notifications and the like. Looks sharp.
Circles 2	5	2026-09-10	Eccezionale
Circles 2	3	2026-09-08	Love the options for customisation. However my only hiccup is the background does not cover the full watch face. It cuts of a quarter of the left hand side.
Circles 2	5	2026-09-06	Coming from Apple Watch (10years), this was the perfect watch face for my OCD
Circles 2	5	2026-09-05	美觀又實用
Circles 2	5	2026-09-04	Looks good and has everything I need
Circles 2	5	2026-09-02	Super appli
Circles 2	5	2026-09-01	Hi! I really love the these circles. Would it be possible to make the ends of the circular progress bars more rounded, like in the goals watch face? I think the rounded ends give it a smoother and more polished look. Thank you!
Circles 2	5	2026-09-01	Está excelente, solo me gustaría en alguna actualización que se pueda elegir otros tipos de fuente.
Circles 2	5	2026-08-31	Looks nice
Circles 2	5	2026-08-30	Amazing
Circles 2	5	2026-08-29	Einfach
Circles 2	5	2026-08-26	안녕하세요 제가 정말 좋아하는 워치페이스입니다. 지금도 잘사용하고있습니다 그런데 혹시 초시간 나오는 부분이 공간이 작아서 완벽하게 나오지않아서 초시간 위치를 아래쪽 공간에 나올수있도록 가능할까요?
Circles 2	5	2026-08-26	Nice! Very customizable!!
Circles 2	4	2026-08-24	Cadran vraiment sympa mais c’est dommage que lorsque l’on choisit d’afficher le nombre de notifications ça ne prenne pas en compte celles qui sont filtrées dans la montre…
Circles 2	5	2026-08-19	Love this!!!!!
Circles 2	3	2026-08-16	Very nice! The only issue is the screen’s loading time across all of my VAW.BE watch faces. When I turn my wrist, it takes about five seconds for the display to light up, and it’s also very slow to respond when I press a button. I don’t have this problem with any other watch faces.  It’s a bit sad, because apart from that, you have the best-looking watch faces.
Circles 2	5	2026-08-10	Looks good
Circles 2	5	2026-08-09	Gefällt mir sehr gut.
Circles 2	5	2026-08-08	Awesome face
Circles 2	5	2026-08-04	This is my 3rd watch face I've downloaded from this creator. I've been very happy with all of them! He makes data rich but aesthetically pleasing faces. This one is my new current favorite!
Circles 2	5	2026-08-01	Like the watch face.  I do wish there were more color option and wish more of the Garmin data points were available, like training readiness.
Circles 2	5	2026-07-30	Great!
Circles 2	5	2026-07-29	Bello e personalizzabile! Molto contenta di utilizzare questo quadrante! Grazie per averlo creato!
Circles 2	5	2026-07-28	Goede trial om te testen en vlotte app met veel keuzemogelijkheden
Circles 2	5	2026-07-27	Nice and practical
Circles 2	5	2026-07-27	Great face with lots of info displayed
Circles 2	5	2026-07-25	Can’t find a better watch face. Clean, easy to read, easy to customise and looks good. Had it for a long time. I sometimes look at others but nothing better.
Circles 2	5	2026-07-16	Fácil
Circles 2	1	2026-07-12	On my Garmin Fenix 6S Pro (software version 28.02), Kreise 2 does not start at all. Immediately after activation, only the Connect IQ error icon (IQ with an exclamation mark) is displayed. The problem is fully reproducible. Original Garmin watch faces work without any issues. Unfortunately, this paid watch face is unusable in its current state.
Circles 2	4	2026-07-11	Clean
Circles 2	5	2026-07-08	Best face
Circles 2	5	2026-07-08	Obsessed with this watch face. It’s gorgeous!
Circles 2	5	2026-07-04	Super!
Circles 2	4	2026-06-23	Brakuje statystyki : Waga ciała
Circles 2	5	2026-06-20	nice❤️❤️
Circles 2	5	2025-10-17	Best watch face on earth! Please make it work with the venu sq!
Circles 2	4	2026-06-14	Best watch but u can add gold color or silver please.
Circles 2	4	2026-06-05	Mám ho krátce. Zatím vypadá dobře, uvidíme, jaká bude spotřeba baterie.
Circles 2	5	2026-05-26	Love this! It has breathed some fresh life into my fenix7s. It's lovely and clear, and you don't have to sacrifice the clarity for the info you want to display. Some of the colours are a bit janky on such an old device, but it's still very pretty and doesn't detract from the user experience. Superb
Circles 2	5	2026-05-22	Muito bom, ótimo mostrador
Circles 2	5	2026-05-22	Heureusement que j ai trouver ce cadran, je suis très satisfait de ma Garmin solar tactique mais ayant eu la venu 2 avant, j était déçu du cadran de la tactique, celui ci  ma sauver mon achat😍
Circles 2	5	2026-05-19	Top
Circles 2	5	2026-05-18	Parfait !
Circles 2	5	2026-05-16	Easy to read
Circles 2	1	2026-05-09	Picked it for the colors and mine is only black and white and will not change. Wish I did not pay for it. 
Circles 2	5	2026-05-09	So far so good, really impressed
Circles 2	5	2026-05-08	Best minimal
Circles 2	5	2026-04-27	So far so good
Circles 2	5	2026-04-25	Muy linda práctica súper personalizado. Me encanta jugar con los colores.  Lo único me gustaría poder cambiar el color de la pantalla cuando está en reposo
Circles 2	5	2026-04-23	顯示顯示各數據 很棒
Circles 2	5	2026-04-16	Love the face
Circles 2	3	2026-04-07	For the time portion of the face, I wanted to see the seconds as well. But the seconds block part of the last number for the time and looks very messy. It would be better if I could move the time a little more to the left to make space for the seconds
Circles 2	4	2026-04-07	Falta el VFC en la pantalla
Circles 2	5	2026-04-05	leuke app
Circles 2	5	2026-03-27	Circles 2 is clear and easy to read, fantastic 
Circles 2	5	2026-03-22	Love it. Really easy to see data. So much data on the screen but keeps its simplicity too
Circles 2	5	2026-03-20	Love the interface. The color scheme is and layout very easy to use and navigate. Lots of options 
Circles 2	5	2026-03-17	Love the colour combination and plenty of stats to choose from. The watch face is simple but not too simple, it is the design I like. 
Circles 2	4	2026-03-05	Cadran de montre joli et utile mais j’aimerais pouvoir ajouter la préparation à l’entraînement   
Circles 2	3	2026-02-28	It’s really nice, but the background gradient is not working! I bought this because I loved that look. A little disappointing. 
Circles 2	3	2026-02-27	Love the watch face but does not load half the time or gives me the connect IQ error
Circles 2	5	2026-02-20	Has every info i want to have on display. I love the theme too! :)
Circles 2	5	2026-02-15	Świetnie sie prezentuje 
Circles 2	5	2026-02-13	Brilliant watch face. My absolute favourite. Lots of different colours to use so the same Dave can look very different.
Circles 2	2	2026-02-03	Too small for a venu sq 2
Circles 2	5	2026-02-03	Favorite watch face hands down!
Circles 2	5	2026-02-01	Fajna czytelne 
Circles 2	4	2026-01-28	Are you going to fix the issue with the seconds overlapping tha last digit of the minutes?
Circles 2	5	2026-01-14	Liker at han viser kaloriforbruk til sammen. Liker at en viser skritt. Liker at den viser flere funksjoner. Liker at den viser klokka. Liker at den viser hvor mye prosent klokken har. Liker at den viser hva hjertet mitt pumper. Liker hvordan figuren er og laget på. Bra. 
Circles 2	5	2026-01-14	Didn't thought I will like a watch face this much. I'd recommend this to anybody who wants a clean watch face.
Circles 2	5	2026-01-14	Great combination of nice design and functionality. Highly customizable. So far the best I have tried. 
Circles 2	1	2026-01-13	Watch Face does not accurately display the active calories that is being reported on other watch faces and the Connect App
Circles 2	5	2026-01-11	(repost because of typo 😅)  After using your Goals 8 watchface for a long time, I bought one from another developer recently. Don't know why I even bothered doing so, it was a complete disappointment in terms of customization and handling. Decided to check out your other stuff (instead of simply going back to the Goals 8 watchface), bought this one and I am completely in love already. Hell it's even better than the one with 10 circles. Just wish I could put the current date into the field where you can put the bluetooth/ notification/moon phase symbols, but that's really a minor concern :)
Circles 2	5	2026-01-11	Awesome
Circles 2	5	2026-01-09	Bardzo fajna tarcza, przyjemna i miła dla oka. Ma wszystko co potrzebne.  Dodał bym tylko strzałkę trendu ciśnienia i było by Perfect. 
Circles 2	5	2026-01-09	ดูง่ายดีค่ะ
Circles 2	5	2026-01-08	Tarcza jest extra , czytelną ma wszystko co potrzeba i jest super. 
Circles 2	5	2026-01-06	Sinds gister deze watchface. Bij mee, dank je wel! Ik vroeg me af, zou het mogelijk zijn om nog wat meer beige/bruine tinten toe te voegen? :)
Circles 2	5	2025-12-25	Bardzo ładny, prosty i nie zamulający zegarka (Forerunner 255)
Circles 2	4	2025-12-19	Top
Circles 2	5	2025-12-07	Perfect. Love that you can display any stats you want and can change the colour scheme with ease. 
Circles 2	5	2025-11-25	Veramente bello Ha tutto quello che serve, fatto Veramente mene, soldi spesi bene  Complimenti 👏 top 
Circles 2	5	2025-11-25	Its beautiful. 
Circles 2	4	2025-11-09	Could the application support the Greek language!!
Circles 2	4	2025-11-02	Sehr schönes Watch Face mit kleiner Verzögerung  Das Watch Face ist insgesamt sehr gelungen – das Design sieht modern und ansprechend aus, und die Farben sind wirklich gut abgestimmt. Die Anzeige ist übersichtlich und macht einen hochwertigen Eindruck.  Einziger Kritikpunkt: Wenn die Uhr aus dem Schlafmodus aufwacht, dauert es ein paar Sekunden, bis das Watch Face vollständig geladen wird. Das ist kein großes Problem, aber es wäre schön, wenn dieser kleine Verzögerungseffekt in einem zukünftigen Update verbessert werden könnte
Circles 2	5	2025-10-31	Love the colours! A nice add to my shiny new garmim Vivoactive 5 
Circles 2	5	2025-10-26	So far I love it. The colors. The circles. The different things ypu can swap out to track. It does it all with the watch face not looking cluttered. 
Circles 2	5	2025-10-26	Awesome watch face. I love it!
Circles 2	4	2025-10-26	Love it! But would love to be able to change text fonts too, like a ”rounder” font maybe?
Circles 2	1	2025-10-26	Become not free after one week. Really? Very bad expérience, only 1 is already too much
Circles 2	5	2025-10-25	Me encanta su distribución y funcionalidad 
Circles 2	5	2025-10-25	Tolles Design!
Circles 2	5	2025-10-24	Excellent watch face! It’s very customizable, but without being complicated like I’ve found with other watch faces. The gradient background looks amazing and sets this watch face apart from the others!
Circles 2	5	2025-10-24	디자인 매우 만족스럽네요
Circles 2	5	2025-10-23	Привет. Я установил ваш циферблат примерно неделю назад, все было классно. Циферблат мне очень нравится. Сегодня циферблат пропал, вместо него появилась надпись, что требуется оплата и для дополнительной информации нужно обратиться к разработчикам. Как оплатить циферблат чтобы вернуть его, в приложении возможности оплаты нет. Я бы очень хотел пользоваться вашим циферблатом 
Circles 2	5	2025-10-23	ein Zifferblatt mit wirklich vielen Einstellungsmöglichkeiten (Daten und Farben) 🤩 Alle Daten sind sehr gut ablesbar👍🏻  Ich empfehle es sehr gerne weiter 🍀
Circles 2	5	2025-10-23	Love the color options. Neat and simple. Really enjoying this watch face! 
Circles 2	5	2025-10-22	Nice and easy to read. 
Circles 2	5	2025-10-22	Love. Easy to see and use!! 
Circles 2	5	2025-10-21	nice
Circles 2	5	2025-10-20	Love all the data features but still simple! 
Circles 2	5	2025-10-20	Sieht richtig stark aus! Sehr viele Einstellmöglichkeit und funktioniert einwandfrei. 
Circles 2	5	2025-10-20	I use it on enduro 3, just white on black though.  Great watchface 😁😁😁
Circles 2	5	2025-10-19	Great watch face 😁
Circles 2	5	2025-10-19	This is my new favorite watch face.  It's super customizable.  Developer is very responsive and I love the gradients he added for the Vivoactive 5.
Circles 2	5	2025-10-17	I downloaded this on my vivoactive5 a couple of days ago. It had the colors but didn't have the background gradient. I contacted the developer and he said that with my style watch it won't take to gradient. Well today I updated it and the gradient background works!!!!!! Tysm 😊
Circles 2	5	2025-10-17	Installed this last night, absolutely love it... Thank you
Circles 2	5	2025-10-17	I’d love to be able change fonts! And font colors ◡̈ 
Circles 2	3	2025-10-17	Dá se to  
Circles 2	5	2025-10-16	Really great watch face with plenty of data without compromising style. 
Circles 2	5	2025-10-16	This is the most perfect Watch face i have Ever seen!!!! Thank you
Circles 2	5	2025-10-15	Nice I love this
Radian	3	2024-11-15	There is some bugs. When low power set is on primary metrics, then ther is no transitions. When is on turn of then transition is to empty circle. But good idea.
Radian	5	2024-09-09	Excelente. Gran trabajo 
Radian	4	2024-09-06	Beautiful watch face with lots of customization. Pretty much exactly what I've been looking for. I think the only thing I'd love to see is the option for daily activity minutes (not just weekly), and the ability to launch the HR, stress, etc widgets by pressing the dials.  It does seem like there might be a bug with the HR zones, though: as the HR increases, the zone indicator graph gets smaller, and vice versa. It seems like the graph should increase along with the HR. (Venu 3)
Radian	5	2024-07-07	Very beautiful!!!
Radian	5	2023-09-16	Wonderful design and useful functionality. My fav :)
Radian	4	2023-03-11	Great shield, great configuration options.  In the Venu 2 plus watch, however, I have trouble assigning the functionality of the dial B secondary.  Shield A and C are working properly
Radian	5	2023-01-18	The best watch face for Garmin Epix.Customization to my needs.Perfect
Radian	5	2022-11-18	beautiful watch face that requires some testing, given the many setting options. The available and clear manual is very helpful. I highly recommend this one!
Radian	5	2022-10-16	Best watchface for Garmin watches. Clear and very complete. Great design!!! Congratulations to the developer!!
Radian	5	2022-06-11	Did not work on FR645, have you other review for this model ?
Radian	4	2022-05-30	Great looking watch face, classy and informative, though some things are not working for me; could be due to the CIQ API level of course, though lots of things look strange to me, unsure if all of these can relate to the API level: I can't find the option to change the layout, date is only showing the number but not the day of the week, floors icon does not appear (though the arc around 6 o'clock dial and the number do show up), notifications icon and coult does not show up, the other icons are in a different place in reference to the pictures, there is no possibility of setting anything else that top left dial, other dials and data fields not appearing in the settings in connect IQ, ... looks almost as it is a different app! I have a fenix 6x running FW 21.00 and CIQ 3.3.2
Radian	4	2022-05-26	Why some function not available on Fenix 6 series? (Only Fenix 7). 
Radian	5	2022-05-09	Thanks for releasing new version. Five stars.
Radian	5	2022-04-30	Thanks for releasing new version. Five stars. Btw, is it possible to add battery% to siwtch battery remain days?
Radian	5	2022-04-26	Is it possible to add battery % for dial? And add move bar or indcator and notification icon for this watch face?
Radian	5	2022-04-21	I love this watch face.  Even the AOD is great.  customizable even on the watch.  no phone needed.  Well done, mate!
Radian	5	2022-04-05	Great It would be nicer if you can make DISTANCE unit from m to km. Regards 
Radian	5	2022-03-24	Es kann so einfach sein. Weniger ist oft mehr. Klar und sehr deutlich zu lesen. 
Radian	5	2022-03-07	I like this one! For me, it's a keeper. The Watchface has a clean analog look with configurable hands and date field, but also with a lot of configurable Health Info in three Dials and a Graph Zone. I like this Configurable Design, possible via the Watch or the Smartphone. The Colors of most elements are customizable and being able to change according to the achievement of your Goal. (For the color numbers see the link to the Github in the Description) If you like, you can use the Low Power Display function, also on Amoled Watches. Of course, it's will use some Battery Power. The remaining Battery Level via Tick Marks gives a good indication when it's time to recharge. Try this one! I think you will like it. 
Radian	5	2021-03-13	The only face which simply cover all needs and looks classy! Thanks 
Radian	4	2021-02-01	Seems to work well  - like all the information in a relatively classic multi-dial analogue
Radian	5	2020-10-12	I like it, everything works and it looks nice
Radian	3	2019-10-09	Good design and features but not much good if it won't load on 5x. Can't delete from watch either. Mmmm.
Radian	3	2019-10-05	Really like the design. Installed onto the watch but it wont load. Would be 5 star if it would load 
Radian	5	2019-10-03	good job ;-)
Night & Day	2	2025-02-19	Pay2win
Night & Day	5	2024-12-28	Very Nice ♥️♥️
Night & Day	1	2024-10-11	Hi, as you don’t reply to my emails anymore , i invite you to refund immediately the price i’ve paid for this WF in order to encourage your further improvements. As you wrote me that you don’t want to fix the bug i’ve noticed because isn’t worth it for this WF, i’m waiting for your refund. Please note that if you don’t refund or answer me, i’ll report this issue by a contestation. best regards
Night & Day	4	2024-09-30	For Night & Day watch face, the scecond screen doesn’t work. It always blink for ten seconds and just show time. After ten seconds, it return to screen one. Can you fix it? My device is Garmin fenix 8 solar(47mm). Ps: I had paid for this watch face. I had unlock code.
Night & Day	4	2024-04-27	I really like this watch face - great combination of function and style. Two things I’d love to see: ability to change colors of sun and moon (even just a white/grey theme rather than the orange/yellow) and the ability to choose which icons are displayed 
Night & Day	1	2023-09-30	Paid for face, no unlock code forthcoming. Raised paypal case, dev waited until the deadline to acknowledge and paypal closed case before I could respond. 
Night & Day	2	2023-08-26	This app is actually shit u have to pay on a completly random website made by the developer 
Night & Day	3	2023-04-01	時刻設定が今まで秒まで表示していたのに急に分までしか表情されなくなった
Night & Day	5	2023-03-21	I have a question. Is there still enough space to add data for screen 1 and 2 at the bottom? It can display more data.
Night & Day	1	2023-02-08	Says payment not required but some features are locked without premium access?? This means I couldn’t try out any of the features I was looking at so for me it didn’t suit at all. 
Night & Day	5	2022-06-05	I checked dozens of watch faces and this one (with a beautiful sky during the day and an atmospheric night) is really unique and it was worth buying the extended version. My only remark - it would be good, instead of text markings, to introduce icons that would be more pleasant to watch (e.g. shoe icon to mark steps or runner icon to mark vigorious minutes of activity).  Despite everything, 5 stars deservedly!
Night & Day	5	2022-04-30	I have a question. My device is epix2. I can't use gesture to siwtch screen 1 to screen 2 . When I turn wrist , it always shows the screen 1.
Night & Day	1	2021-12-03	Not what I was expecting, very low quality graphics
Night & Day	3	2021-04-29	Installation enfin réussie. Paramètres accessibles. Par contre, la clef de déverrouillage n'est plus reconnue et les fonctions sont limitées. A suivre.... 
Night & Day	1	2021-04-25	Trois desinstallations et réinstallations qui se soldent toujours par un écran noir sur une Forerunner 245 et pas de possibilité de paramétrer sur Garmin Connect. Bien qu'ayant payé pour ce cadran il y a quelques années, j'abandonne et passe à un autre. Dommage de ne pouvoir revenir à la version précédente qui fonctionnait très bien 
Night & Day	1	2021-04-25	Une mise à jour qui offre la gratuité, mais empêche tout paramétrage et surtout débouche sur un écran noir. J'aimais bien la version précédente, qui permettait de l'utiliser. Sur Forerunner 245
Night & Day	5	2021-04-09	Easy to pick & choose what YOU want to show on your “face”. Once you click save, changes are made instantly!  Easy to access. If your not tech savvy- like myself, this is for you. Thank you for making it so simple and GREAT!
Night & Day	5	2021-03-23	Been my favorite watch face so far, clean layout
Night & Day	5	2020-03-18	Excellent design. Clean, simple, and lots of data options.
Night & Day	5	2019-12-27	fantastic watch face that meets my needs, as well as being well thought out and beautiful. Developer is very responsive and helpful
Night & Day	5	2019-09-11	Beautiful face! Could we have simple data instead of "data + goal" ? Could we have "active calories" (same calculation as Garmin)? Thanks a lot!
Night & Day	5	2019-08-17	Je ne m'en lasse pas ! Cette Watch face est facilement customisable 
Night & Day	5	2018-11-27	Vivoactive looks good2go
Night & Day	4	2018-10-01	I hope I could use only screen 2... Please add a function to be able to exchange screen 1 and 2.  
Night & Day	4	2018-09-12	Great looking face. In future updates, can you give the option of small numerical seconds on the right side of the time, and to be able to remove the colon for military time?? Keep up the good work!
Night & Day	3	2018-09-07	Like other posters I have lost the date on the watch face. I have a Garmin Forerunner 230 and don't have the option to change the date format in the watch, as in the Gamin Connect App I don't have the option for settings, just Uninstall and to go to the IQ store. I tried uninstall and reinstall with no luck.
Night & Day	5	2018-08-19	hello hello ... that's a very thoughtful concept !!! ... very good work !!! ... keep it up !!! ... Thank you !!! Greetings M
Night & Day	5	2018-08-03	short version: love! it works (even sun/moon times and dial display!). highly configurable. colorful and different. no crashes. using f935.  long version, specifics: I've used Simply Late and Full Day watch faces, but I ultimately did not like circles/border displayed, even as a function of minutes or daylight. so, I like that the seconds circle is optional. wrist movement and second screen is great! also, the blinking feature to let you know it will disappear soon.  love the colored paw print for movement and the sunrise and sunset chevrons. (I'm assuming these are based on 12hr analog time, though, which is easier to remember (than 24hr analog time) and it actually works!) sun and moon as hour hands with clouds as minute hands: brilliant! (and that I can choose which theme, too.) if minute hand drains battery, I would use an "every 5 minutes" movement for clouds, if available instead. love the font options. I would also be okay without the status icons or with these as removable. date format options- great!! 24 hour time for sun/moon hands: amazing.  random, but I like airplanes, so it would be cool to have a little airplane for the move icon, nothing fancy, just a filled-in shape of an airplane even! I don't need any of these suggestions as features, those are just personal preferences. super awesome job, thanks!! =]
Night & Day	5	2018-07-29	Great work in my f3 and looks awesome. Well done
Night & Day	5	2018-04-29	Awesome watch face..only changes I would like would to see is to have the option to remove the parentheses around the data, option to hide am/pm next to date or just move it, and maybe make the fonts a little thicker. Other than those few suggestions, keep up the great work!!
Night & Day	5	2018-04-26	Very good work!! If possible, I would give 6 stars.
Night & Day	4	2018-03-10	Hi, I have a 230 but in my Gamin Connect App I don't have the option for settings, just Uninstall and to go to the IQ store 
Night & Day	4	2018-03-08	Loved this watch face. But had to uninstall it as the date (weekday/day/month) is no longer appearing. I have a little "0" (zero) instead, right above the time. Anything that can be fixed?
Night & Day	5	2018-03-08	Great! Thanks for adding aditional fonts! Great developer. 
Night & Day	5	2018-03-08	Great! Thanks for adding aditional fonts! Great developer. 
Night & Day	5	2018-03-08	Great! Thanks for adding aditional fonts! Great developer. 
Night & Day	5	2018-03-08	Great! Thanks for adding aditional fonts! Great developer. 
Night & Day	5	2018-03-08	Great! Thanks for adding aditional fonts! Great developer. 
Night & Day	5	2018-02-04	Works fine at my f5x. Thank you for this very nice looking and configurable watchface.
Night & Day	5	2018-02-04	Works fine at my f5x. Thank you for this very nice looking and configurable watchface.
Night & Day	5	2018-02-04	Works fine at my f5x. Thank you for this very nice looking and configurable watchface.
Night & Day	5	2018-02-04	Works fine at my f5x. Thank you for this very nice looking and configurable watchface.
Night & Day	5	2018-01-17	Complimenti per l'ottimo lavoro. Praticamente è quello che uso sempre. Però volevo chiedere se era possibile rendere più grandi i numeri della data... insomma più visibile a chi ormai ha un po' meno diottrie... eheheh. Grazie
Night & Day	5	2018-01-16	Love the new customisable themes and date.  
Night & Day	4	2018-01-04	One of the best. Thanks for your great work! Some advice:  upper battery icon should be able to customize to numbers too.
Night & Day	3	2017-12-09	The date format cannot be set properly. It always shows like this: Sun 10 w49
Night & Day	5	2017-11-21	I like Night theme very much. Could i set it for daytime too and see the moon and stars all the time?
Night & Day	5	2017-11-16	Great watchface. 5 stars from me. I have one suggestion: you can add option for best readable mode to have White fonts on black screen? Thank you.
Night & Day	5	2017-10-04	I love to play around with electronic gadgets. So this watchface is perfect for me! Configurable to show any information needed, stunning animations, and a great idea behind it. Really great work! I really love it!  p.s. would it be possible to make the bluetooth icon struck through when not connected instead of disappearing?
Night & Day	5	2017-08-20	How do you change the optional datat fields on the base screen?? 
Night & Day	5	2017-08-08	my favorite! p.s. how i activate the second screen? fenix 5. doesn't seems to work. 
Night & Day	5	2017-07-27	Downloaded it for my Garmin Forerunner 230. I love it!!
Night & Day	5	2017-06-14	Five stars for the great idea for functionalities.. and hope your job to inspire.. I dont know why, i have activated the second screen but I cannot see second screen.. I have fenix 5x in last version firmware (4.10)
Night & Day	5	2017-06-11	Updating my review as the bugs have been worked out and it's working again on my watch. Tremendous dev support and response. Thank you!
Night & Day	3	2017-06-08	Worked great until it stopped working overnight. Can't get it to appear on watch face although it's still there as a downloaded watch face. Uninstalled & reinstalled and still won't work. Please advise.
Night & Day	5	2017-06-08	I am really impress with the great watch face on my Vivoactive HR. Thank you, it makes me daily happier with the sun and moon movements :)
Night & Day	1	2017-06-06	Didn't work on my  Fenix 5X
Night & Day	5	2017-04-30	Very nice. Thank you :-)
Night & Day	5	2017-04-21	Perfect. Thank you :-)
Night & Day	5	2017-04-20	Absolutely amazing work! Love it more when find out about the second screen lol. Only one question, can I still use the second screen without the wrist move? I'd like to flip it or something rather than the wrist move.
Night & Day	3	2017-03-29	looks nice but it made my watch run REALLY slowly
Night & Day	3	2017-03-23	The moon age value is ahead by 2 days. Decrement it or add an option in the settings to adjust the moon age by +/- 1, +/- 2
Night & Day	3	2017-03-19	How can I delete the watch face
Night & Day	5	2017-03-08	Beautiful and versatile. 
Night & Day	3	2016-12-25	I'm in the ET, but the settings won't save. It's dark outside but my watch says that it's still sunny outside. I wish the settings were easier to adjust. 
Night & Day	2	2016-12-04	No funciona barómetro ni termómetro.
Night & Day	5	2016-11-13	Best watch face available.  Has more information and is highly configurable.
Night & Day	1	2016-11-04	Can't uninstall this watch face which means I CAN'T CHANGE the watch face style either! VERY IRRITATED!
Night & Day	4	2016-10-17	Nice watch face!!  I doubt if the battery status is accurate. In my case. 'Level' is 44% what is ok, 'time since charge' 1 (i do not know what it means?, it is charged a few days ago): 'estimated remaining time' 373h (that is over 15 days what i do not believe) I use this watch face on a Garmin Forerunner 735xt.
Night & Day	2	2016-09-19	Didn't work on my 235 
Night & Day	5	2016-09-04	Probably the most complex watch face yet looking great on my Vivoactive HR. It's amazing I can get GPS coordinates, sunrise/sunset times, pressure/temperature data and some fitness stats all from just one watch face! It even shows time! :)
Night & Day	5	2016-08-08	This face continues to get better on my FR630.  I've reached out to the developer a number of times, he is quick to respond and resolve an issue or enhance the face.  Do yourself a favor and use this watch face, 10,000 downloaders can't be wrong.
Night & Day	2	2016-08-08	I downloaded the app on my Forerunner 230  and tried to set is as my default. Did not work. Kept putting it back to Digital setting. 
Night & Day	1	2016-07-17	Doesn't work with viviactive HR. Must be very large file. It locks up my whole watch.
Night & Day	5	2016-07-17	I like it!  A sign for "Bluetooth turned on but no connection" was very nice. 
Night & Day	5	2016-07-17	A great watch face after the update! 
Night & Day	5	2016-06-20	It looks good! It'd be better if we can set the colour of the digits.
Night & Day	5	2016-06-15	Well thought out, clever watch face with the actual moon phase, cool changes during sunrise.  Quite an ambitious face.  Nice work!
Night & Day	5	2016-06-14	I like it, it is well design and easy to read.
Night & Day	4	2016-06-13	Great watchface but the moon seems to be in the wrong spot on the Fenix HR?
Night & Day	4	2016-06-13	It looked nice,but it doesn't support Chinese words…  看起来蛮好看的，但是国行中文版貌似不支持，周几那里就是两方块
Pokémon Sleep: Snorlax & Friends	5	2026-09-20	Add more Pokemon characters 
Pokémon Sleep: Snorlax & Friends	5	2026-09-12	Cute and nice
Pokémon Sleep: Snorlax & Friends	5	2026-09-09	很可愛有趣的一款設計錶款我喜歡卡比獸每一個表情
Pokémon Sleep: Snorlax & Friends	4	2026-09-08	So adorable. Wish it had more displays like steps taken and calories burned
Pokémon Sleep: Snorlax & Friends	5	2026-09-02	Great app!
Pokémon Sleep: Snorlax & Friends	4	2026-09-01	It’s so cute but I want it to display total calories burned not just active.
Pokémon Sleep: Snorlax & Friends	5	2026-08-29	Absolutely adorable and practical.
Pokémon Sleep: Snorlax & Friends	5	2026-08-22	Good
Pokémon Sleep: Snorlax & Friends	5	2026-08-07	All good
Pokémon Sleep: Snorlax & Friends	5	2026-08-07	可愛い。無料なの最高
Pokémon Sleep: Snorlax & Friends	5	2026-07-28	Cutest watch face ever and I love Pokémon ❣️
Pokémon Sleep: Snorlax & Friends	5	2026-07-28	Super polecam
Pokémon Sleep: Snorlax & Friends	5	2026-07-24	カビゴンがかわいい。
Pokémon Sleep: Snorlax & Friends	5	2026-07-19	Super cute just wish the background could be changed to black so the black bezel wasn't as noticeable.
Pokémon Sleep: Snorlax & Friends	5	2026-07-19	Good
Pokémon Sleep: Snorlax & Friends	5	2026-07-17	I think the calories information is incorrect. Please fix this problem
Pokémon Sleep: Snorlax & Friends	5	2026-07-16	They are adorable!
Pokémon Sleep: Snorlax & Friends	5	2026-07-16	좋아요
Pokémon Sleep: Snorlax & Friends	3	2026-07-12	The tramsparency of this on the watch is like 60% And is not a clear picture
Pokémon Sleep: Snorlax & Friends	5	2026-07-08	Så sött!!
Pokémon Sleep: Snorlax & Friends	5	2026-07-05	น่ารัก
Pokémon Sleep: Snorlax & Friends	5	2026-06-25	Good but you need more Pokemon
Pokémon Sleep: Snorlax & Friends	5	2026-06-25	Goh kia boon just saying you can change what info is on the screen, and it was very cute!
Pokémon Sleep: Snorlax & Friends	3	2026-06-25	Too less information, at least include more info like second, and few more information
Pokémon Sleep: Snorlax & Friends	4	2026-06-24	Poca personalizzazione
Pokémon Sleep: Snorlax & Friends	5	2026-06-23	かわいい
Pokémon Sleep: Snorlax & Friends	5	2026-06-22	So cute and fun!
Pokémon Sleep: Snorlax & Friends	5	2026-06-22	ดีมาก
Pokémon Sleep: Snorlax & Friends	5	2026-06-02	So cute!!
Pokémon Sleep: Snorlax & Friends	5	2026-05-28	Works very well
Pokémon Sleep: Snorlax & Friends	5	2026-05-21	Amazing love how they sleep and wake-up
Pokémon Sleep: Snorlax & Friends	3	2026-05-19	No ghost pokemon for the sleep app!? Add Mimikyu and Gengar and my life is yours
Pokémon Sleep: Snorlax & Friends	5	2026-05-12	Muy bueno
Pokémon Sleep: Snorlax & Friends	3	2026-05-10	AOD is flickering on Garmin Forerunner 165.
Pokémon Sleep: Snorlax & Friends	5	2026-05-09	可愛🥹
Pokémon Sleep: Snorlax & Friends	5	2026-05-06	Snorlax
Pokémon Sleep: Snorlax & Friends	4	2026-05-03	h很可爱。但是信息太少了。希望可以增加一些信息
Pokémon Sleep: Snorlax & Friends	5	2026-05-02	okey
Pokémon Sleep: Snorlax & Friends	4	2026-05-02	Super cute!  Wish there was more contrast between the bright green background to the other Pokémon’s.  Snorlax looks great against the green but the others looks washed out.  I would also like the alarm/clock data for the fields.
Pokémon Sleep: Snorlax & Friends	3	2026-05-01	Love this app! Just wish there was more background color options :)
Pokémon Sleep: Snorlax & Friends	5	2026-04-26	Buen diseño
Pokémon Sleep: Snorlax & Friends	4	2026-04-24	幾時可以更新返日期欄 依然係步數
Pokémon Sleep: Snorlax & Friends	4	2026-04-21	日期無法顯示清楚，日期版面可能要調整一下 看不太到
Pokémon Sleep: Snorlax & Friends	5	2026-04-21	超級可愛，還有白天跟晚上的變化，每天看到都感覺很開心
Pokémon Sleep: Snorlax & Friends	5	2026-04-20	Would be great If the characters can rotated
Pokémon Sleep: Snorlax & Friends	5	2026-04-19	น่ารักมากค่ะ
Pokémon Sleep: Snorlax & Friends	5	2026-04-16	So fun and love how the Pokemon get more tired by end of day :)
Pokémon Sleep: Snorlax & Friends	5	2026-04-12	超可愛介面！
Pokémon Sleep: Snorlax & Friends	5	2026-04-11	สนุก
Pokémon Sleep: Snorlax & Friends	5	2026-04-11	非常可愛，晚上寶可夢還會睡覺
Pokémon Sleep: Snorlax & Friends	3	2026-04-09	Cute and fun, had some issues with it not syncing with watch notifications but seems to of been fixed, kinda wish it had a bar going around the outside perimeter  indicating the human battery level 
Pokémon Sleep: Snorlax & Friends	4	2026-04-09	I love it but please make me able to change background color or Pokémon!! :) 
Pokémon Sleep: Snorlax & Friends	5	2026-04-07	So lovely! 
Pokémon Sleep: Snorlax & Friends	5	2026-04-05	Nice touch on how pokemon changes from awake to sleep throughout the day 
Pokémon Sleep: Snorlax & Friends	5	2026-04-05	The best thing about every night is to see how my watch changes skin and tells me that it’s time to sleep, it looks very good
Pokémon Sleep: Snorlax & Friends	5	2026-04-01	อยากให้มีอีกเยอะ ๆ น่ารักมาก
Pokémon Sleep: Snorlax & Friends	4	2026-03-31	Maybe needs more data areas
Pokémon Sleep: Snorlax & Friends	5	2026-03-29	Exclente opción de carátula
Pokémon Sleep: Snorlax & Friends	5	2026-03-28	I wish i could change the Pokémon, but anyways I Love It! 
Pokémon Sleep: Snorlax & Friends	5	2026-03-28	超級可愛的欸
Pokémon Sleep: Snorlax & Friends	3	2026-03-27	かわいいけど文字が見にくい
Pokémon Sleep: Snorlax & Friends	5	2026-03-27	可愛いです。
Pokémon Sleep: Snorlax & Friends	4	2026-03-27	Very cute and the data fields are useful.  I wish I could change the Pokémon 
Pokémon Sleep: Snorlax & Friends	5	2026-03-26	Cute
Pokémon Sleep: Snorlax & Friends	3	2026-03-25	表示項目が少ない
Pokémon Sleep: Snorlax & Friends	5	2026-03-24	非常可愛😍
Pokémon Sleep: Snorlax & Friends	4	2026-03-24	I
Pokémon Sleep: Snorlax & Friends	5	2026-03-23	This looks cool 😎!
Pokémon Sleep: Snorlax & Friends	2	2026-03-23	I love that I have bulbasaur on my watch face, but because of my chronic illness (M.E) my body battery is always low and bulbasaur is looking stressed out and it’s making me sad. I haven’t been able to get it up despite resting. I’d love for an option to pick what poses you cycle through or change it from this mode so I can see happy bulbasaur because it’s bringing me down a bit and some of the Pokémon look annoyed when they are sleepy….
Pokémon Sleep: Snorlax & Friends	5	2026-03-23	This has to be the best thing and best collaboration i have seen 
Pokémon Sleep: Snorlax & Friends	4	2026-03-22	Ojalá pronto esté disponible toda la pokedex
Pokémon Sleep: Snorlax & Friends	4	2026-03-22	Love it as a Pokemon Fans, would be great if it can display time in am/pm.
Pokémon Sleep: Snorlax & Friends	5	2026-03-21	I love it. It's cute and I always monitor my sleep trying to improve so great job and thank you. 
Pokémon Sleep: Snorlax & Friends	3	2026-03-20	Date not complete in venu 3s (cannot read)
Pokémon Sleep: Snorlax & Friends	3	2026-03-20	Date is overlaid by steps in Garmin Venu. 
Pokémon Sleep: Snorlax & Friends	3	2026-03-19	データの色が変更できたら良いのに。バックが緑でデータ部分も薄緑で、老眼には見えづらいです。
Pokémon Sleep: Snorlax & Friends	4	2026-03-19	Instead or auto switching day and night.  I wish there is option to set it day or night only.
Pokémon Sleep: Snorlax & Friends	4	2026-03-19	date please
Pokémon Sleep: Snorlax & Friends	4	2026-03-18	The date is not showing on Vivoactive 5. Please fix it. Thank you.
Pokémon Sleep: Snorlax & Friends	5	2026-03-18	Muy bueno
Pokémon Sleep: Snorlax & Friends	5	2026-03-18	Perfect design! Great job!
Pokémon Sleep: Snorlax & Friends	5	2026-03-17	Kawaii
Pokémon Sleep: Snorlax & Friends	5	2026-03-16	可愛すぎますね〜　おすすめです。
Pokémon Sleep: Snorlax & Friends	4	2026-03-16	可愛いです
Pokémon Sleep: Snorlax & Friends	3	2026-03-16	Would be better if there are more fields 
Pokémon Sleep: Snorlax & Friends	5	2026-03-15	So far so fun! Brings me small joy when I look at my watch now. 
Pokémon Sleep: Snorlax & Friends	5	2026-03-15	Sooo cute!! Love my garmin again !
Pokémon Sleep: Snorlax & Friends	2	2026-03-15	Why 265 cant choose pokemon? I reinstall still same
Pokémon Sleep: Snorlax & Friends	5	2026-03-14	Great on fenix 8!
Pokémon Sleep: Snorlax & Friends	4	2026-03-14	How to enable night mode on Garmin venu 4 ?
Pokémon Sleep: Snorlax & Friends	3	2026-03-14	Its okay but, maybe let us change the green background to other color? In sunny day it is 0 chance to see anything
Pokémon Sleep: Snorlax & Friends	5	2026-03-14	I love it!!!!!!
Pokémon Sleep: Snorlax & Friends	3	2026-03-13	It’s good, but it during the day the watch face goes away . I reinstalled it again it comes back , but after a few hours it goes back to normal watch face. I wonder if it’s a glitch/ bug especially if it just came out? 
Pokémon Sleep: Snorlax & Friends	5	2026-03-13	Sooooo Cute🥺
Pokémon Sleep: Snorlax & Friends	5	2026-03-13	Está en todo, la amo 
Pokémon Sleep: Snorlax & Friends	5	2026-03-13	Está súper 
Pokémon Sleep: Snorlax & Friends	5	2026-03-13	J’adore 😍
Pokémon Sleep: Snorlax & Friends	5	2026-03-13	OMG!!! Thank you Garmin for this!!!
Pokémon Sleep: Snorlax & Friends	5	2026-03-13	Absolutely fantastic!!! I want more data fields
Pokémon Sleep: Snorlax & Friends	5	2026-03-13	Best watch face by far!!!
Pokémon Sleep: Snorlax & Friends	5	2026-03-13	Love this watch face SO much!!!
Pokémon Sleep: Snorlax & Friends	5	2026-03-13	Sleep with my friends💤
Pokémon Sleep: Snorlax & Friends	5	2026-03-13	Stunning!
Pokémon Sleep: Snorlax & Friends	5	2026-03-13	Big love! ❤️
Pokémon Sleep: Snorlax & Friends	5	2026-03-13	大好き! Snorlax in the watch ( —‸ ͟ ‸— ) 
Pokémon Sleep: I Choose You	4	2026-09-25	Great app super cute and I enjoy that we can choose from all the starters plus eeveelutions!!! I would love to have vulpix too of course lol I think the only thing I would request is for it to be larger to take up the entire screen. There’s a black ring around it at least on the vivoactive 6.
Pokémon Sleep: I Choose You	4	2026-09-24	Love this watch face. Wish we could customize the background and also please add snom!!!
Pokémon Sleep: I Choose You	5	2026-09-24	Pls add togipi
Pokémon Sleep: I Choose You	4	2026-09-24	Can u make it bigger so it fills out the hole watch?
Pokémon Sleep: I Choose You	4	2026-09-23	Please add Piplup in the next update! It would be the perfect fit for this watch face 😭😭😭
Pokémon Sleep: I Choose You	4	2026-09-22	Please add growlithe! 🥺 I need my little fire boy
Pokémon Sleep: I Choose You	4	2026-09-22	希望能增加其他御三家或是神奧地區的寶可夢
Pokémon Sleep: I Choose You	5	2026-09-22	Agreguen otros Pokemon 😢 Dragonite hace falta.
Pokémon Sleep: I Choose You	5	2026-09-22	Please add Snorlax!
Pokémon Sleep: I Choose You	3	2026-09-21	Pudiese existir la opción de coleccionar Pokémon y, que además, que lograrlo sea un reto, que sólo entreguen pokemones iniciales, y para que evolucionen, se debe entrenar y eso les da experiencia y logran evolucionar. De esa forma, quien tenga varios pokemones evolucionados, será por qué ha entrenado mucho en alguna disciplina deportiva.
Pokémon Sleep: I Choose You	5	2026-09-21	Weekly running distance appears as last activity distance, please fix this
Pokémon Sleep: I Choose You	4	2026-09-21	Where is Jigglypuff? 😭
Pokémon Sleep: I Choose You	5	2026-09-20	I wish it had Weedle :(
Pokémon Sleep: I Choose You	3	2026-09-20	Slowpoke!
Pokémon Sleep: I Choose You	5	2026-09-20	Please Add PSYDUCK!!! 🙏🙏🙏
Pokémon Sleep: I Choose You	5	2026-09-20	Add snorlax please!
Pokémon Sleep: I Choose You	5	2026-09-18	Gents please 🙏
Pokémon Sleep: I Choose You	5	2026-09-18	PLEASEEEEE ADD GENGAR AND MIMIKYU !!!!
Pokémon Sleep: I Choose You	5	2026-09-18	Please add Snorlax 😁 I want my watch to be JUST Snorlax
Pokémon Sleep: I Choose You	5	2026-09-18	gengar plzzzzzzzzzzzzzz!!!!!!!!
Pokémon Sleep: I Choose You	5	2026-09-16	Would love to see the full 151 line up, but mostly Venonat! Other backgrounds to choose from would also be neat but absolutely great all around!
Pokémon Sleep: I Choose You	5	2026-09-15	Would love of you could add Mimikyu, Psyduck, and Gengar!! I do love it though!
Pokémon Sleep: I Choose You	4	2026-09-14	Please ad Psyduck and different background colors!
Pokémon Sleep: I Choose You	5	2026-09-13	Adding Ditto would be that best. I’m addicted to Pokopia and I love my little guy ❤️
Pokémon Sleep: I Choose You	3	2026-09-13	設定出来るポケモンの数を増やして欲しい。
Pokémon Sleep: I Choose You	5	2026-09-13	Can we please get legendary Pokémons? Love this app
Pokémon Sleep: I Choose You	3	2026-09-11	Really cute and love the look but really drains the battery.
Pokémon Sleep: I Choose You	5	2026-09-11	This is so cute! Please add slowpoke!
Pokémon Sleep: I Choose You	3	2026-09-10	Pokemon nemění polohu dle nastavení, už je prostě 3 dny stejný, vyjma režimu spánku. Režim spánku se nesynchronizuje s telefonem a aplikaci a spánek se nepropíše do aplikace Garmin.
Pokémon Sleep: I Choose You	5	2026-09-09	Loved it! But I feel like it should have more Pokémons, such as Gengar, Jigglypuff and Ditto. I also think their positions should be more interesting when they’re awake.
Pokémon Sleep: I Choose You	5	2026-09-08	So cute
Pokémon Sleep: I Choose You	5	2026-09-08	We need bauz or gengar
Pokémon Sleep: I Choose You	5	2026-09-07	I was SUPER excited when I finally got my Forerunner 265 so I could put this watch face on here!  I'm a HUGE fan of Pokémon sleep, and I'm glad that Garmin partnered with this app!
Pokémon Sleep: I Choose You	4	2026-09-07	Please allow to change background color 🙏
Pokémon Sleep: I Choose You	4	2026-09-07	Coloca o gastly, Gengar, Haunter
Pokémon Sleep: I Choose You	4	2026-09-06	Great app! I just wish for more Pokémon and to be able to change the background colour as well because having a fire Pokémon with a green background doesn't  fit well.
Pokémon Sleep: I Choose You	4	2026-09-06	Add some new backgrounds so that grass pokemon do not disappear
Pokémon Sleep: I Choose You	5	2026-09-05	I lovee it! Great update if you could change the background color as well.
Pokémon Sleep: I Choose You	5	2026-09-05	Super cute but please add Koduck and Sonans 😭
Pokémon Sleep: I Choose You	5	2026-09-04	Love it but the option of changing the backround so it isnt just green would be perfect! Also adding more pokemon!!
Pokémon Sleep: I Choose You	5	2026-09-04	I love this wach fave I have bulbassoar probably my favorite its really cool and I suggest it :)
Pokémon Sleep: I Choose You	5	2026-09-03	Super cute but need a Gengar option
Pokémon Sleep: I Choose You	4	2026-09-02	かわいくて、見やすくてお気に入りです！ヤドンが増えてほしいな
Pokémon Sleep: I Choose You	3	2026-09-01	It's really cool, but the date is not accurate. It's September the 1st and it says it's March the 1st. Also please let us choose the background color!!
Pokémon Sleep: I Choose You	4	2026-09-01	It is a very good design, but the calorie display can only display calories during exercise, not total calories. Please improve it.
Pokémon Sleep: I Choose You	5	2026-09-01	I love everything about this app but there should be Oshawott in it.
Pokémon Sleep: I Choose You	5	2026-09-01	It's pretty cute! But hopefully we can change the background too, based on what type of Pokémon we're using.
Pokémon Sleep: I Choose You	5	2026-09-01	Please add the option for changing the colour for daytime and nightime 🥹❤️
Pokémon Sleep: I Choose You	5	2026-08-31	10/10
Pokémon Sleep: I Choose You	5	2026-08-30	Really cute. I like to see my Pokemon change through the day !
Pokémon Sleep: I Choose You	5	2026-08-29	Cuteee
Pokémon Sleep: I Choose You	5	2026-08-28	In love 😍
Pokémon Sleep: I Choose You	5	2026-08-28	Love!! Add Mew and Mewtwo please and more Pokémon!!!
Pokémon Sleep: I Choose You	5	2026-08-28	Need piplub, chimchar and turtwig
Pokémon Sleep: I Choose You	3	2026-08-28	New sleep schedule won’t sync no matter what
Pokémon Sleep: I Choose You	4	2026-08-27	Deberia existir la función de (pokemon Ramdon cada día) q sea una sorpresa al despertar el saber q pokemon te va a acompañar durante el día
Pokémon Sleep: I Choose You	3	2026-08-27	Needs more Pokémon, and more settings/contrast/visibility for the smaller stats (battery, seconds, HR, etc). Some only show icons instead of numbers. Thank you!!! My favorite watch face so far.
Pokémon Sleep: I Choose You	3	2026-08-27	More pokemon! Other than that, its a great little app
Pokémon Sleep: I Choose You	3	2026-08-26	Begging for Piplup. Please. I’m on my hands and knees.
Pokémon Sleep: I Choose You	3	2026-08-26	Rating 3 until we have cubone psyduck and meowth
Pokémon Sleep: I Choose You	4	2026-08-24	Where is Psyduck??
Pokémon Sleep: I Choose You	5	2026-08-23	Me encanta!! Es una esfera muy divertida, aunque sería genial que se pudiera cambiar el color de fondo, Los pokemon verdes no se ven con el fondo verde
Pokémon Sleep: I Choose You	4	2026-08-23	Rating 4 until they add Psyduck!!!
Pokémon Sleep: I Choose You	5	2026-08-22	☆♡I love this app, I can even choose Umbreon which is my favorite Pokémon♡☆
Pokémon Sleep: I Choose You	4	2026-08-22	とても可愛く、時計を見るのが楽しみになります。ただbody batteryに合わせてポケモンの様子が変わりますが、その設定を個人でできると嬉しい。
Pokémon Sleep: I Choose You	5	2026-08-22	I love how the Pokemon looks exhausted when I feel exhausted. Quite possibly the best Garmin watchface ever in the history of Garmin watchfaces.
Pokémon Sleep: I Choose You	5	2026-08-22	Mong nhà sx thâm gekkouga vào sớm với cả thay đổi đc phong cảnh theo pokemon thì hay tuyệt đỉnh luôn
Pokémon Sleep: I Choose You	5	2026-08-21	Good
Pokémon Sleep: I Choose You	4	2026-08-21	It's nice more than ,if user can change colour for background.
Pokémon Sleep: I Choose You	4	2026-08-20	Love it but night mode makes too much light and both modes does not render well in red mode on my vivoactive 5 making it not usable.
Pokémon Sleep: I Choose You	3	2026-08-20	Would be nice if it was possible to change the background color 
Pokémon Sleep: I Choose You	5	2026-08-19	너무귀여워요 대만족입니다
Pokémon Sleep: I Choose You	4	2026-08-19	For the app to be perfect for me, I need Vulpix! 🙏
Pokémon Sleep: I Choose You	5	2026-08-18	Please put mewtwo and turtonator on there! Otherwise love it!
Pokémon Sleep: I Choose You	1	2026-08-17	Can put gengar please
Pokémon Sleep: I Choose You	5	2026-08-17	Cute & love the character can be changed
Pokémon Sleep: I Choose You	5	2026-08-17	Peut on avoir des nouveaux Pokémon comme suicune ect ?
Pokémon Sleep: I Choose You	4	2026-08-17	Really cute!! And u can customize the screen too!! Pls release more pokemons!! 🤭
Pokémon Sleep: I Choose You	5	2026-08-16	It’s soooo cute
Pokémon Sleep: I Choose You	3	2026-08-16	Peccato non poter cambiare il colore dello sfondo
Pokémon Sleep: I Choose You	5	2026-08-16	Assolutamente 5 stelle, please tutta la prima generazione
Pokémon Sleep: I Choose You	5	2026-08-16	… desperately needing Jigglypuff / Pummeluff / Purin 🙏🏼❤️
Pokémon Sleep: I Choose You	3	2026-08-15	Deberia poder editar el color del fondo solo es verde
Pokémon Sleep: I Choose You	5	2026-08-15	I hope there is a Gengar theme,please.
Pokémon Sleep: I Choose You	4	2026-08-14	I was hoping for Psyduck as a migraine sufferer. Can he get added please?
Pokémon Sleep: I Choose You	5	2026-08-14	Mew please??
Pokémon Sleep: I Choose You	5	2026-08-14	Jigglypuff please
Pokémon Sleep: I Choose You	2	2026-08-14	Suger strøm, blir derfor avinstallert. Ikke verd det!
Pokémon Sleep: I Choose You	4	2026-08-13	we need automatic pokemon change everyday
Pokémon Sleep: I Choose You	4	2026-08-13	Psyduck please
Pokémon Sleep: I Choose You	3	2026-08-13	I need genka
Pokémon Sleep: I Choose You	5	2026-08-13	We need a clefairy!!!!
Pokémon Sleep: I Choose You	5	2026-08-13	Gible or greninja please !!
Pokémon Sleep: I Choose You	5	2026-08-12	Epic, but please at Gen 4 Pokemon
Pokémon Sleep: I Choose You	5	2026-08-11	Perfect
Pokémon Sleep: I Choose You	3	2026-08-11	Please add snorlax 😭😭
Pokémon Sleep: I Choose You	1	2026-08-11	文字が小さすぎるので見えない
Pokémon Sleep: I Choose You	5	2026-08-11	Definitely 5 star
Pokémon Sleep: I Choose You	4	2026-08-10	Great app, would be 5* if i could choose 24hr time schedule
Pokémon Sleep: I Choose You	5	2026-08-10	Gjfjgjgt
Pokémon Sleep: I Choose You	5	2026-08-10	Request to add Psyduck, Meowth, Mew, Slowpoke, Snorlax… original 151 at least to 300? The better Pokémons, essentially
Pokémon Sleep: I Choose You	5	2026-08-09	Favorite data display watch face. I don’t really even use it for the sleep aspect— I just love how the data is arranged and the ability to choose so many different pokémon. Really awesome watch face.
Pokémon Sleep: I Choose You	4	2026-08-08	My only problem is that even though I have set the pokemon to change pose every time I wake up the watch, it doesn't change pose even once during the day, but it does happen at night.
Pokémon Sleep: I Choose You	4	2026-08-07	My Pokemon is sleeping in day time and awake in night time. I've set the time zone and even the 12-hour to 24-hour format but still no change.
Pokémon Sleep: I Choose You	5	2026-08-07	Alles gut
Pokémon Sleep: I Choose You	5	2026-08-07	Love it! My kids and students love it too! Would love to have Jigglypuff!
Pokémon Sleep: I Choose You	4	2026-08-07	Where's Psyduck??? :)))
Pokémon Sleep: I Choose You	5	2026-08-06	It’s really good i like the designs for the pokemon and also I think it needs more pokemon please do more pokemin i don’t know but put all of the ones from the pokemon sleep app 1 bug with the app is the large pokemon high energy poses dont display they go back to the low energy ones
Pokémon Sleep: I Choose You	5	2026-08-06	Cute Pokemon
Pokémon Sleep: I Choose You	5	2026-08-05	Unreal face pls pls pls add my guy Gengar 💜
Pokémon Sleep: I Choose You	1	2026-08-05	Ist ganz nett. Aber im Hintergrund funktioniert plötzlich die Aktivitäskalorien nicht mehr und die Kalorien in Ruhe sind auch wie bei Relaxo. Ich wiege aber 80kg. Bis ich mal rausgefunden habe woran es liegt waren alle Ernährungapläne im Eimer! DANKE für Nichts.
Pokémon Sleep: I Choose You	5	2026-08-05	Nice watch face but please add DITTO 🥹🫶
Pokémon Sleep: I Choose You	5	2026-08-04	I'm obsessed with this watch face! I love that the Pokémon changes its expression based on your body battery. I hope for more Pokémon to come out in the future
Pokémon Sleep: I Choose You	4	2026-08-04	Is there a reason I don’t see the date? Or am I just missing it?
Pokémon Sleep: I Choose You	5	2026-08-04	Ce serait cool de rajouter des nouveaux Pokemon
Pokémon Sleep: I Choose You	5	2026-08-04	I love it
Pokémon Sleep: I Choose You	5	2026-08-04	I like it I'm using umbreon :) only nit picks are wish I could change the background color and want to have a way to see my body battery also if possible. Other then that 5 stars
Pokémon Sleep: I Choose You	3	2026-08-03	add space for more data fields  please
Pokémon Sleep: I Choose You	5	2026-08-03	Muy bonita 🤗🥰
Pokémon Sleep: I Choose You	5	2026-08-03	einfach toll!!!
Pokémon Sleep: I Choose You	5	2026-08-03	Trop mignon je viens de le mettre aujourd'hui 😍
Pokémon Sleep: I Choose You	5	2026-08-03	Que lindooooo
Pokémon Sleep: I Choose You	5	2026-08-02	Perfect! I love it! Morr like this
Pokémon Sleep: I Choose You	3	2026-08-02	It disconnect for no reason
Pokémon Sleep: I Choose You	5	2026-08-01	I love it so much!!! SO CUTE!!
Pokémon Sleep: I Choose You	1	2026-08-01	Please do 24 hours format
Pokémon Sleep: I Choose You	4	2026-07-30	I love the watch face and how it looks. However, could it be possible to somehow change the background of the Pokémon? I mean besides being connects to the sleep time. Like maybe add different backgrounds where some are darker than others?
Pokémon Sleep: I Choose You	5	2026-07-29	This is amazing but I’d want to make more data available to see and larger to see. This means the Pokémon has to be smaller. I think more ability to customize would be amazing
Pokémon Sleep: I Choose You	5	2026-07-29	The pokemons are very cutes
Pokémon Sleep: I Choose You	5	2026-07-29	I love this! Has all the data for lovers of data and a Pokémon for anyone. Love love love it!
Pokémon Sleep: I Choose You	5	2026-07-29	Great feature but the heart rate to small for me to see
Pokémon Sleep: I Choose You	4	2026-07-25	Very cute! There is just one point I would like to ask you to modify. I am using it on a Forerunner 265s, and I have Body Battery set to Data Field 5. However, the end of the progress bar isn't rounded, which makes it unintuitive to tell at a glance whether the green or white part represents the remaining battery. In the store screenshots, the border between the two colors is rounded, making it clear that the bottom is 0 and the top is 100. Color choice might also be playing a role here. It might just be me, but between bright white and dark green, the bright white naturally feels like it represents the remaining battery.
Pokémon Sleep: I Choose You	5	2026-07-27	Very cute! If possible, I would like to see more Pokémon added. Currently, this app only allows to choose from 1st partner of four regions and the evolutions of Pikachu and Eevee.
Pokémon Sleep: I Choose You	5	2026-07-26	Great
Pokémon Sleep: I Choose You	5	2026-07-26	Very cute
Pokémon Sleep: I Choose You	5	2026-07-24	とにかくかわいい…！御三家とブイズだけではなく、各世代の600族も加わったらとても嬉しいです！
Pokémon Sleep: I Choose You	3	2026-07-23	Please add battery percent 
Pokémon Sleep: I Choose You	3	2026-07-23	If it showed the current date it would be the best.
Pokémon Sleep: I Choose You	5	2026-07-23	please add Piplup
Pokémon Sleep: I Choose You	5	2026-07-22	please add Rowlet
Pokémon Sleep: I Choose You	5	2026-07-22	Very fun. Please add Chespin too
Pokémon Sleep: I Choose You	5	2026-07-21	Añadan más Pokémon! Tipo fantasmaaaaaa,
Pokémon Sleep: I Choose You	5	2026-07-21	please add Oshawott
Pokémon Sleep: I Choose You	5	2026-07-21	Please add Grenjinja
Pokémon Sleep: I Choose You	5	2026-07-21	很可愛的APP耶看起來就很療癒皮卡丘系列的真好玩每天都可以換看起來就很療癒真的很棒
Pokémon Sleep: I Choose You	5	2026-07-21	Please add Riolu
Pokémon Sleep: I Choose You	4	2026-07-20	I love this watch face! Have been using it since the first day of getting my Vivoactive 6.  Unfortunately, I can't use the scheduled sleep mode option on my watch, because each night's sleep is way too different in my case, so the automatic background change of this watch face got quite messed up. It would be great to have an option to choose between 3 ways of when the background should change: 1. Only manually 2. Setting a time x to time y for when night mode should be used 3. The currently used method  Also, I know it's a Pokémon Sleep related watch face, but it's too adorable, and I'd love to have more Pokémon added, at least all the starters.
Pokémon Sleep: I Choose You	5	2026-07-20	They’re so cute
Pokémon Sleep: I Choose You	5	2026-07-20	Please add Gengar
Pokémon Sleep: I Choose You	5	2026-07-20	Love the app!
Pokémon Sleep: I Choose You	5	2026-07-19	Super cute how they get tired as your body battery depletes for the day. Wish they add move Pokémon but I like that it’s easy to swap a Pokémon out based on your vibe that day. Just enough metrics too!
Pokémon Sleep: I Choose You	5	2026-07-17	Super app, i need it😎
Pokémon Sleep: I Choose You	5	2026-07-17	It's really cool that you can change Pokemon and that it will sleep at night and be awake during the day, but you need a Pokemon OD
Pokémon Sleep: I Choose You	4	2026-07-17	Amazing, but add more Pokemon!
Pokémon Sleep: I Choose You	5	2026-07-16	Need Abra Kadabra and Alakzam
Pokémon Sleep: I Choose You	5	2026-07-16	Zarąbista
Pokémon Sleep: I Choose You	5	2026-07-16	Its so cute! Please please pleaaaassseeee add zorua!!!!
Pokémon Sleep: I Choose You	5	2026-07-16	I NEED TURTWIG!!!
Pokémon Sleep: I Choose You	5	2026-07-15	Love it. Just wish there were more choices of Pokémon (tepig pretty please)
Pokémon Sleep: I Choose You	5	2026-07-15	Love this app, just wish it had chimchar
Pokémon Sleep: I Choose You	3	2026-07-15	No dice la fecha ;(
Pokémon Sleep: I Choose You	4	2026-07-14	My sleep time is not working.  It shows up a random sleep time although I’ve tried changing it everywhere
Pokémon Sleep: I Choose You	2	2026-07-14	My Sleep Time is not changing on the watch. I've changed in watch settings, app settings, watch face still shows old sleep time. Thoughts?
Pokémon Sleep: I Choose You	5	2026-07-14	if it can change to another Pokemon automatically every day. that will be great
Pokémon Sleep: I Choose You	5	2026-07-12	So cute
Pokémon Sleep: I Choose You	5	2026-07-12	Fun app since I’m seeing suggestions for additional Pokémon’s I would like to see Mimikyu please
Pokémon Sleep: I Choose You	4	2026-07-10	Please give more option of pokemon (e.g psyduck, snorlax..)
Pokémon Sleep: I Choose You	4	2026-07-08	Little confusing at first, sucks that you have to use a data field for the date but the option is there.  Great for a free watch face, knowing Pokémon it could easily be a paid addition.  Glad there are so many options for buddies to put on your wrist.  Takes a while to download because if how much info is in the watch face too. But worth it. Its been my favorite.
Pokémon Sleep: I Choose You	5	2026-07-08	Absolutely love this but where's Haunter?
Pokémon Sleep: I Choose You	4	2026-07-07	I’d like to have date too, like Snorlax Sleep. Only time it’s not functional.
Pokémon Sleep: I Choose You	2	2026-07-06	Podrían hacer que solo se pueda tener pokemones en fase inicial y evolucionaran según la cantidad de experiencia obtenida en entrenamientos , sería fantástico !!!!!!
Pokémon Sleep: I Choose You	5	2026-07-05	Jako fan pokemon za małolata, super odskocznia od klasycznej tarczy 🙌
Pokémon Sleep: I Choose You	5	2026-07-04	Un cadran dynamique et sympa pour les fans de Pokémon !
Pokémon Sleep: I Choose You	2	2026-07-02	love it but it drains the battery really fast !!! :(
Pokémon Sleep: I Choose You	5	2026-07-01	Goated screen
Pokémon Sleep: I Choose You	2	2026-07-01	Why the night display doesn't show on nighttime??
Pokémon Sleep: I Choose You	3	2026-07-01	The night mode design doesn’t appear. It goes back to its original face
Pokémon Sleep: I Choose You	5	2026-07-01	very nice
Pokémon Sleep: I Choose You	5	2026-06-30	OMG it's the best
Pokémon Sleep: I Choose You	1	2026-06-29	Why the day and date is not reflected even though I changed it already.
Pokémon Sleep: I Choose You	1	2026-06-29	沒有每小時更換錶面
Pokémon Sleep: I Choose You	5	2026-06-29	希望有沼王跟呆呆獸😍
Pokémon Sleep: I Choose You	4	2026-06-28	沒有日期和秒數啊
Pokémon Sleep: I Choose You	5	2026-06-27	Please add to jigglypuff
Pokémon Sleep: I Choose You	4	2026-06-27	Nefungujíi postoje a nejde mi tam dát toho modrého huňáčka
Pokémon Sleep: I Choose You	3	2026-06-26	Love this! Although I wish there were more backround colors other than green.
Pokémon Sleep: I Choose You	5	2026-06-26	Please add rowlet
Pokémon Sleep: I Choose You	5	2026-06-25	Please add my baby Turtwig and his evos to the app!
Pokémon Sleep: I Choose You	4	2026-06-25	I need my Piplup on this app please
Pokémon Sleep: I Choose You	2	2026-06-25	ㄧ希望背景顏色可以改 不要綠色
Pokémon Sleep: I Choose You	5	2026-06-25	Can you add Lucario Greninja and gengar you will definitely get more people to get the app
Pokémon Sleep: I Choose You	5	2026-06-25	可可愛愛的錶面❤️
Pokémon Sleep: I Choose You	5	2026-06-24	Great facewatch!
Pokémon Sleep: I Choose You	4	2026-06-24	Missing more pokemon and correct the sleep time, as it not really shows the slept time.
Pokémon Sleep: I Choose You	4	2026-06-24	Heel leuk! Ik mis alleen togepi, mijn favoriet van vroeger, enorm tussen de Pokemons
Pokémon Sleep: I Choose You	5	2026-06-23	Would love to see more Pokémon sleep added like the legendary and mythical Pokémon!
Pokémon Sleep: I Choose You	5	2026-06-23	Es genial, pero estaria bien meter muchos más Pokémon.
Pokémon Sleep: I Choose You	5	2026-06-23	It would be nice if we could set it to display the time and seconds.
Pokémon Sleep: I Choose You	5	2026-06-21	I want see more pokemon aps for garmin
Pokémon Sleep: I Choose You	3	2026-06-19	It's nice, but it doesn't track my calories or steps correctly like other faces.
Pokémon Sleep: I Choose You	5	2026-06-18	希望可以更改背景色～～
Pokémon Sleep: I Choose You	5	2026-06-18	ポケモンの種類が増えたら嬉しいです
Pokémon Sleep: I Choose You	4	2026-06-17	Please add Dachsbun please!!! Overall I really like it I haven’t had any issues with it and I’ve been using Jolteon because at the moment I’m waiting for Dachsbun if they will add them!
Pokémon Sleep: I Choose You	5	2026-06-17	It's great and super cute! I wish the date was permanently under or above the time but it's not a big deal. Would also love an option to have a random Pokemon everytime I wake the watch :)
Pokémon Sleep: I Choose You	3	2026-06-17	Pysduck please huhu
Pokémon Sleep: I Choose You	5	2026-06-16	One of the better faces in the garmin watch. Wish we had haunter lol
Pokémon Sleep: I Choose You	5	2026-06-16	I'm not a professional pokemon card collector but this is FIRE
Pokémon Sleep: I Choose You	5	2026-06-16	Growlithe please :(
Pokémon Sleep: I Choose You	3	2026-06-15	Please add more Pokemon, atleast complete all starters
Pokémon Sleep: I Choose You	5	2026-06-15	PLEASE I BEG OF YOU ADD CURBONE
Pokémon Sleep: I Choose You	4	2026-06-15	Please need Psyduck
Pokémon Sleep: I Choose You	4	2026-06-15	It’s great, but you should include Gengar 🙂‍↕️
Pokémon Sleep: I Choose You	4	2026-06-15	All good, but where is Gengar?🥲
Pokémon Sleep: I Choose You	5	2026-06-14	非常可愛🥰拜託趕快新增謎擬Q好嗎😭🙏
Pokémon Sleep: I Choose You	5	2026-06-14	Its great - the variety of Pokémon is awesome 👌 - wish that the date was permanent under the time though instead of needing to take up a data field.
Pokémon Sleep: I Choose You	5	2026-06-12	Please add gengar and psyduck pleaseeeee :)
Pokémon Sleep: I Choose You	3	2026-06-13	WHERE IS PSYDUCK
Pokémon Sleep: I Choose You	5	2026-06-04	Dla tej apki warto kupić garmina.  No Farfetch'd but i love it anyway.
Pokémon Sleep: I Choose You	4	2026-06-13	Gengar and i give 5 stars GEHEHEHE
Pokémon Sleep: I Choose You	5	2026-06-13	I would love if Psyduck was an option :)
Pokémon Sleep: I Choose You	3	2026-06-12	pikachu and some other popular Pokémon had a really wide range of emotions to match with body battery level but the rest only have two (awake and sleeping) it’s a little disappointing but overall very cute
Pokémon Sleep: I Choose You	5	2026-06-12	Awesome app.    Love how you can customize what values to show as well as the pokemon. So many good choices. I miss Rowlet. But I guess you can't add all 1025 pokemon.   <3
Pokémon Sleep: I Choose You	5	2026-06-12	Great app, I love it. Hope you add more pokemon like Chansey
Pokémon Sleep: I Choose You	4	2026-06-12	Where is Jigglypuff?!
Pokémon Sleep: I Choose You	5	2026-06-11	Love this app. I change my pokemon every day to match my outfit or energy for the day. Let’s get the rest of the first gen pokemon on here!
Pokémon Sleep: I Choose You	5	2026-06-11	hope to add more pokemon(such as gengar and dragonite), and open for edit sleep time
Pokémon Sleep: I Choose You	5	2026-06-09	This is an amazing watch face and life is all the better for its literal existence. We are blessed and should act accordingly. Thank you Pokémon!!! I choose you!!!
Pokémon Sleep: I Choose You	5	2026-06-09	I love this watch face. I only wish that there was more Pokémon characters to choose from. Other than that, it's a really nice one.
Pokémon Sleep: I Choose You	3	2026-06-08	Adding at least snorlax would be cool
Pokémon Sleep: I Choose You	4	2026-06-06	Me encantaría que se pudiera cambiar el color del fondo de pantalla
Pokémon Sleep: I Choose You	5	2026-06-06	No puedo hablar
Pokémon Sleep: I Choose You	5	2026-06-06	Could you add more pokemons to the list?
Pokémon Sleep: I Choose You	5	2026-06-06	Un beau cadran de montre avec ces Pokémon préférés qui changent de couleur et d’humeur pour le Pokémon en fonction des heures etc…(j’adore mon Pikachu)
Pokémon Sleep: I Choose You	5	2026-06-06	Please add psyduck :(
Pokémon Sleep: I Choose You	5	2026-06-05	It would be beautiful to choose also background colour options :)
Pokémon Sleep: I Choose You	5	2026-06-05	I know Gengar isn’t a starter but pleeeeease add him simply because he is an OG and much loved!
Pokémon Sleep: I Choose You	5	2026-06-04	Excelente
Pokémon Sleep: I Choose You	5	2026-06-04	Excelente
Pokémon Sleep: I Choose You	5	2026-06-03	Gitara
Pokémon Sleep: I Choose You	2	2026-06-02	Если количество шагов переходит за 10.000, вместо последних цифр появляются просто квадратики
Pokémon Sleep: I Choose You	5	2026-06-01	Love it! Thank you for listening and adding the date on the face, now I can say it's a five star with full confidence! Really happy to see different versions of my Sylveon ❤️ I also agree with some comments, it would be awesome to choose more than one pokemon so they will appear in a shuffle 😀 
Pokémon Sleep: I Choose You	5	2026-06-01	Super cute!
Pokémon Sleep: I Choose You	5	2026-06-01	瘋掉，拜託這個錶面絕對不可以下架，為了這個錶面可以買一隻手錶沒問題
Pokémon Sleep: I Choose You	5	2026-05-31	Excelente!
Pokémon Sleep: I Choose You	5	2026-05-31	Good❤️
Pokémon Sleep: I Choose You	5	2026-05-30	I love it, would be so so happy if growlithe/arcanine are added in
Pokémon Sleep: I Choose You	4	2026-05-30	꼬부기 포즈가 안바뀜 ㅋㅋㅋ
Pokémon Sleep: I Choose You	5	2026-05-29	Love it!! Cuz you update new version with the date on watch face. But if you can update for more character i’ll love it that much 😊
Pokémon Sleep: I Choose You	3	2026-05-29	If you add a version of Scorebunny (a starter) this is a 5 star
Pokémon Sleep: I Choose You	4	2026-05-29	I love it but i have some trouble with the sleep schedule on the Forerunner 165. the sleep schedule doesnt change even with a new edited sleep schedule.
Pokémon Sleep: I Choose You	5	2026-05-29	I just love it !
Pokémon Sleep: I Choose You	4	2026-05-28	Todo bien
Pokémon Sleep: I Choose You	4	2026-05-28	I really like this. There are some improvements that will make it better. I agreed with the others that we should have the option to change the grass color. Some Pokemon blend in too much with the green background. We should also have a shuffle Pokemon feature that could randomly change the Pokemon on the watchface depending on the interval time we select, i.e. change every hour or change 1x per day. If this becomes a feature, it'll be good for us to also select which Pokemon we want in rotation of the  watchface refreshing. Thanks!!
Pokémon Sleep: I Choose You	4	2026-05-27	Overall I love having this on my watch. I think what would make it even better though is being able to change the background colors. I love green but some of the grass Pokemon blend in to it too much. Another thing that would be nice is if you could turn off syncing the poses to your battery levels. Its cute when they sleep but sometimes they look so sad when my watch thinks my energy is low. More pokemon would be great too! At least all the starters. Also there’s no ghost Pokemon at all which is kind of sad. I don’t think there’s any dark either besides umbreon.
Pokémon Sleep: I Choose You	5	2026-05-27	It's great but add Dragonite plsssss ❤️❤️
Pokémon Sleep: I Choose You	4	2026-05-27	Missing some Graninja right now :)
Pokémon Sleep: I Choose You	5	2026-05-27	Awesome! Please add Rayquaza (: !
Pokémon Sleep: I Choose You	5	2026-05-26	Poliwhirl please!! I second it.
Pokémon Sleep: I Choose You	5	2026-05-26	Cute!
Pokémon Sleep: I Choose You	5	2026-05-25	Poliwhirl please
Pokémon Sleep: I Choose You	5	2026-05-25	Could you please add more pokemon. I really want to see Riolu and Lucario 🥹
Pokémon Sleep: I Choose You	5	2026-05-25	孫が喜ぶのでポケモンにしました。
Pokémon Sleep: I Choose You	5	2026-05-24	めっちゃかわいい❤️ これが無料はすごい🤩
Pokémon Sleep: I Choose You	5	2026-05-24	Cute cute cute
Pokémon Sleep: I Choose You	4	2026-05-24	add gengar please
Pokémon Sleep: I Choose You	5	2026-05-23	De lejos el mejor salvapantalla si eres amante de Pokemon!!!
Pokémon Sleep: I Choose You	5	2026-05-23	Nice
Pokémon Sleep: I Choose You	5	2026-05-23	FUN! This watch face is super fun and cool, nice having your Pokémon on screen reacting through the day.  Works smoothly in my FR970.
Pokémon Sleep: I Choose You	5	2026-05-23	Añadir Gengar por favor
Pokémon Sleep: I Choose You	5	2026-05-22	かわいい❗️
Pokémon Sleep: I Choose You	5	2026-05-22	I love it! If more pokemons were updated it’d be too🔝
Pokémon Sleep: I Choose You	5	2026-05-22	Super cute! I love it! Would be great if there is a day/date on screen
Pokémon Sleep: I Choose You	5	2026-05-22	It would be fantastic having the Pokemons with more movements or their attack
Pokémon Sleep: I Choose You	4	2026-05-22	Please let us change the background and also the pose change could be aligned with the body battery a little better but the background would be amazing
Pokémon Sleep: I Choose You	5	2026-05-22	Need Spheal
Pokémon Sleep: I Choose You	4	2026-05-21	Cute and very cool! Would love to be able to change the background though! The green is fine but would like other options too!
Pokémon Sleep: I Choose You	4	2026-05-20	very adorable very cute please add Pachirisu <3
Pokémon Sleep: I Choose You	4	2026-05-20	farfetch pokemon  it's must have
Pokémon Sleep: I Choose You	5	2026-05-20	Flygon evoline please
Pokémon Sleep: I Choose You	1	2026-05-19	No matter how and where I update my sleep schedule the watch face is pulling the wrong information! I have reset the watch, reset my phone, uninstalled the face, reinstalled the face, and the sleep schedule is still wrong! It makes me want to pull out my hair
Pokémon Sleep: I Choose You	5	2026-05-19	Need Mew
Pokémon Sleep: I Choose You	5	2026-05-19	Need Psyduck
Pokémon Sleep: I Choose You	4	2026-05-18	Super cute but I'm so bummed Snorlax isn't on this one! He is apart of the other face so I figured he would be included. Alas. It's a fun feature though!
Pokémon Sleep: I Choose You	5	2026-05-18	Awesome update, give me gen 5 starters and my life is yours
Pokémon Sleep: I Choose You	5	2026-05-18	Very cute, add Hoot-Hoot pls
Pokémon Sleep: I Choose You	5	2026-05-18	I adore! I'd love to see Psyduck and Jigglypuff in the future! 🩷
Pokémon Sleep: I Choose You	5	2026-05-18	I want a Giodude character to be added!!
Pokémon Sleep: I Choose You	4	2026-05-17	There Pokemons don't change their poses. How do I fix it? (compared to this, the Snorlax version of this watchface works perfectly)
Pokémon Sleep: I Choose You	4	2026-05-17	Would be great if colours could be changed still love it tho.
Pokémon Sleep: I Choose You	5	2026-05-16	Need more Pokémon on here asap
Pokémon Sleep: I Choose You	4	2026-05-16	Please add more Pokemon!
Pokémon Sleep: I Choose You	5	2026-05-16	Sooooo Cute! Thank you
Pokémon Sleep: I Choose You	3	2026-05-16	Cute but not complete. And is there just Pikatchu that moves more than the others ? I find the other Pokémon too static
Pokémon Sleep: I Choose You	5	2026-05-16	Please add Mimikyu!!!
Pokémon Sleep: I Choose You	5	2026-05-15	SO CUTE! Dragonite next option plz
Pokémon Sleep: I Choose You	5	2026-05-15	Add Gengar as a Pokémon option please!!!!!!!
Pokémon Sleep: I Choose You	4	2026-05-15	Excellent app, 4 stars because bewear isn't an option
Pokémon Sleep: I Choose You	4	2026-05-15	Could you add see date , is a lit bit fun that date was not set as default
Pokémon Sleep: I Choose You	3	2026-05-14	Would be 4 Stars with other background options and 5 stars with way more Pokemon
Pokémon Sleep: I Choose You	4	2026-05-14	Would be five stars if background color or hue was also.customizable.
Pokémon Sleep: I Choose You	3	2026-05-14	change the background color option please. date does not show up on home page.
Pokémon Sleep: I Choose You	4	2026-05-14	Psyduck please
Pokémon Sleep: I Choose You	4	2026-05-14	Gengar and Psyduck, pls!
Pokémon Sleep: I Choose You	3	2026-05-13	Can you add Psyduck please ?
Pokémon Sleep: I Choose You	4	2026-05-13	Great! But I NEED Rowlet. Please I'm begging.
Pokémon Sleep: I Choose You	5	2026-05-12	I cannot enter the settings to change the pokemon, it's flickering and not working. (It's fixed now I edited my review). Amazing watch face!
Pokémon Sleep: I Choose You	4	2026-05-13	I will put 5 star if they add psyduck
Pokémon Sleep: I Choose You	5	2026-05-12	Hope they add more Pokemon!
Pokémon Sleep: I Choose You	1	2026-05-12	Je n'arrive pas a changer de pokemon. La page clignote et ne fonctionne pas
Pokémon Sleep: I Choose You	4	2026-05-12	Please add date. I wanna use this but its didnt have date 😭
Pokémon Sleep: I Choose You	4	2026-05-12	Pokemon太少了，希望能有隨機出現pokemon功能而不是只有固定一隻
Pokémon Sleep: I Choose You	4	2026-05-11	I really love this app and I am so close to giving it five stars, however, the date still does not show on the watch face.
Pokémon Sleep: I Choose You	3	2026-05-11	Would be great to be able to change this weird Green color
Pokémon Sleep: I Choose You	5	2026-05-11	I just don't know 🫡
Pokémon Sleep: I Choose You	4	2026-05-11	No date
Pokémon Sleep: I Choose You	3	2026-05-10	Pokémoni se nemění coš mě dost sklamalo
Pokémon Sleep: I Choose You	5	2026-05-10	Hoping for some legendaries soon 😉
Pokémon Sleep: I Choose You	3	2026-05-10	Please expand pokemon choice. Not even all the starter here
Pokémon Sleep: I Choose You	3	2026-05-10	AOD is flickering on Garmin Forerunner 165.
Pokémon Sleep: I Choose You	5	2026-05-09	Awesome!
Pokémon Sleep: I Choose You	4	2026-05-09	Love it but I agree change the back round
Pokémon Sleep: I Choose You	5	2026-05-09	Está hermoso 😍
Pokémon Sleep: I Choose You	4	2026-05-09	超讚，但Pokemon太少了
Pokémon Sleep: I Choose You	3	2026-05-09	Love it! But background of the day mode’s color is too bright and make it hard to see the number. And it doesn’t fit the frame all the way.
Pokémon Sleep: I Choose You	5	2026-05-09	超可愛🥹
Pokémon Sleep: I Choose You	5	2026-05-08	Good 
Pokémon Sleep: I Choose You	5	2026-05-08	可愛好看，希望可以能加入第一代全部的寶可夢♥️
Pokémon Sleep: I Choose You	5	2026-05-08	어릴 적 자녀가 가지고 놀던 포켓몬스터인데 저도 해보니 재밌고 아주 젊어진 기분입니다. 아주 좋습니다!
Pokémon Sleep: I Choose You	5	2026-05-08	Best
Pokémon Sleep: I Choose You	5	2026-05-08	It's missing Sandshrew and Sandslash
Pokémon Sleep: I Choose You	5	2026-05-07	好可爱！
Pokémon Sleep: I Choose You	5	2026-05-05	너무 귀여워요! 배경색 변경과 고라파덕도 추가해줫으면 좋겠습니다!
Pokémon Sleep: I Choose You	5	2026-05-05	すばらしい。他の機種にも使えるようにお願い
Pokémon Sleep: I Choose You	4	2026-05-05	ㄴㅓ무나도좋습니다만 배경색도 바꼈음 좋겠슴당 ㅜ
Pokémon Sleep: I Choose You	4	2026-05-04	Very cool app. I wish I could make the pokemon random from a selected set and I could change the background color from green.
Pokémon Sleep: I Choose You	4	2026-05-04	Ability to randomise the Pokémon would be great! Or base it on stats from the night before.
Pokémon Sleep: I Choose You	3	2026-05-03	I really want more options of pokemon and for there to be more backgrounds similar to the different islands on pokemon sleep.  We all don't just live on Greengrass ya know?!
Pokémon Sleep: I Choose You	4	2026-05-03	Could you please add on data field 5 the calories goal and add change background and also I with
Pokémon Sleep: I Choose You	5	2026-05-03	Supi
Pokémon Sleep: I Choose You	5	2026-05-03	I love this!! Just wish they added more Pokémon and could change the background colour as the bright green's a bit jarring lol
Pokémon Sleep: I Choose You	4	2026-05-02	Love it!  But I agree with others about changing the background.  There’s not enough contrast between the Pokémon’s and the bright green background.  I would also like all the data sets for each field. I use the alarm/clock which isn’t available.
Pokémon Sleep: I Choose You	5	2026-05-02	Works great! Love it, but hope there’s more pokemon in the future! Growlithe would be ideal! And maybe an option to change the background color instead of just green.
Pokémon Sleep: I Choose You	4	2026-05-02	Wish there was a better Pokémon selection and you could change the background colour but overall it’s great
Pokémon Sleep: I Choose You	5	2026-05-02	please kindly help add Spheal
Pokémon Sleep: I Choose You	5	2026-05-02	Mega geil
Pokémon Sleep: I Choose You	5	2026-05-02	孫が、ポケモンが、好きなので、インストールしました。その日のラッキーカラー、気分によってキャラクターを変更。毎日気分ウキウキです。ただ、ポケモンのキャラクターの名前と姿が分からないので、変更する度にどんな色か何のポケモンなのか子どもに聞いてます。今のところ嫌がらずに教えてもらってます。
Pokémon Sleep: I Choose You	4	2026-05-02	Great app.   Wish I could change a few small things. Change the background colour for example.   Also there is no greninja 😞
Pokémon Sleep: I Choose You	1	2026-05-02	ポケモンのポーズがまったく変わらない バクでは？
Pokémon Sleep: I Choose You	5	2026-05-01	Love it but i wish we could change the green background
Pokémon Sleep: I Choose You	5	2026-05-01	Adding the date and seconds perfected this watch face. Love it
Pokémon Sleep: I Choose You	5	2026-05-01	跟生活結合，很可愛的錶盤。希望未來有更多姿勢或是更多寶可夢選擇。
Pokémon Sleep: I Choose You	2	2026-04-30	Ich dachte das Pokemon nimmt verschiedene Posen ein, weil man ja auch einstellen kann wie oft es Pose verändert... trotz Neuinstallierung verändert sich mein Evoli nicht😏 Sonst süß gemacht😊
Pokémon Sleep: I Choose You	4	2026-04-29	a little less I wish there more
Pokémon Sleep: I Choose You	1	2026-04-28	WHERE IS SNORLAX ???????
Pokémon Sleep: I Choose You	4	2026-04-28	A downside for the lack of Gengar and Snorlax, and for not displaying the date. Overall, great job for creating such a watch face ❤️
Pokémon Sleep: I Choose You	4	2026-04-28	I dont givw it 5 because it doesnt have Gengar! Also changing the green grass bg needs to be added as an option.
Pokémon Sleep: I Choose You	4	2026-04-28	Great watch face with lots of pokemon to choose! Would of  been a 5/5 if it showed the date like in the Snorlax watch face.
Pokémon Sleep: I Choose You	4	2026-04-27	もっと項目を増やしてほしい。背面カラーを選べるようにしてほしい。ニャースを追加してほしい。
Pokémon Sleep: I Choose You	4	2026-04-26	I’d love to have more data display options. I am used to watch faces that show a lot of my data, so I don’t like being limited to 3 or 4 fields. It is super cute tho!
Pokémon Sleep: I Choose You	5	2026-04-26	Wish you could change the background color
Pokémon Sleep: I Choose You	5	2026-04-26	Love this app, but wish more options were available! Not every pokemon, but at least the ones in the Sleep app, like Gengar and Meowtg
Pokémon Sleep: I Choose You	3	2026-04-25	More pokemon would be amazing
Pokémon Sleep: I Choose You	5	2026-04-25	We need more Pokemon because everyone has their own favorite Pokemon
Pokémon Sleep: I Choose You	5	2026-04-25	It's  so cool
Pokémon Sleep: I Choose You	5	2026-04-24	I want the incineroar line but cool(:
Pokémon Sleep: I Choose You	4	2026-04-24	希望有更多Pokémon
Pokémon Sleep: I Choose You	5	2026-04-23	Está súper genial la información y demás , solo por favor añadir más fondos y más pokemon 🖤
Pokémon Sleep: I Choose You	5	2026-04-23	Very fun
Pokémon Sleep: I Choose You	5	2026-04-23	I love it but can we get gengar please
Pokémon Sleep: I Choose You	5	2026-04-23	Super cute! Give me more Pokémon!! Jigglypuff please
Pokémon Sleep: I Choose You	5	2026-04-23	I bought garmin just for this watchface. Please give us more pokemon and can change background please
Pokémon Sleep: I Choose You	3	2026-04-22	Ist sehr gut nur mir bei meiner Forerunner 265 ändert sich bei egal welchen Pokemon die Pose nicht
Pokémon Sleep: I Choose You	5	2026-04-22	I traded out my Apple Watch just because I wanted this app and also better battery life and more fitness gaming apps. My one complaint as others mentioned is the sleep schedule is frozen and doesn’t sync. Hopefully fixed soon. 
Pokémon Sleep: I Choose You	4	2026-04-22	Molto carina l'idea. Secondo me bisognerebbe dare l'opportunità di modificare il colore di sfondo e riuscire a tenere gli stessi dati che si metterebbero in uno sfondo classico
Pokémon Sleep: I Choose You	5	2026-04-22	Super App für die Garmin. Es wäre schön, wenn man die Hintergrundfarbe anpassen könnte. Und natürlich wäre es cool, wenn noch weitere Pokémon dazukämen. Schlappchu aus Pokémon Pokopia wäre richtig nice. 😅
Pokémon Sleep: I Choose You	2	2026-04-22	It’s really cute and nice in concept but application just isn’t there. I saw the sleeping Pokemon one time and never again. With that, the screen always keeps this incredibly bright green background. At night, that gets very aggravating when I roll over and am flash banged cause my watch thinks I’m looking at it but that background color is bright green. If I could changed the background color, I’d be less sad with the app not letting me see the sleeping pokemon anymore. Not being able to see the date, seconds, and battery percentage at the same time in different places  is frustrating. Some really small changes that would make a world of difference on this app. I do wish I saw the sleeping pokemon though I do think that’s probably just a glitch at this point. 
Pokémon Sleep: I Choose You	3	2026-04-21	Love it, but randomly the night mode stop correlating for when I was about to go to bed. So if it has this glitch at least make it to where we can change the background so it’s not so bright at night time. Or fix the glitch! Other than that, love it and hope reviews are read and listened to! 
Pokémon Sleep: I Choose You	3	2026-04-20	Sleep Time field appears to show some preset range of time and DOES NOT align with whatever sleep schedule you have set in your watch at any given day. Ironic given this is a watch face promoting Pokemon SLEEP.  Tried to re-adjust the sleep schedule in watch in hopes that this somehow gets the watch face to reflect the correct sleep schedule, to no avail. Cute watch face, but with relatively limited space for data fields and with the one data field relevant to Pokemon Sleep not functioning correctly, not sure if worth the extra battery drain.
Pokémon Sleep: I Choose You	3	2026-04-20	data field 1 is useless at the moment. Also, need more options for customisation such as font size and colors. Thank you
Pokémon Sleep: I Choose You	4	2026-04-20	I like it but it seems to be draining my battery pretty quickly
Pokémon Sleep: I Choose You	4	2026-04-19	I love it just wish the Galar starters were included and could change background colors 
Pokémon Sleep: I Choose You	4	2026-04-19	I bought a Garmin just because of this watch face. I really wish it allowed changing the background color and adding Gengar pls🥹
Pokémon Sleep: I Choose You	3	2026-04-19	any one had the same issue whereby the sleep time doesn't tally with what i configured in my sleep time profile?
Pokémon Sleep: I Choose You	3	2026-04-18	Add gengar please! And colours background!
Pokémon Sleep: I Choose You	5	2026-04-18	Please add more coloured backgrounds!
Pokémon Sleep: I Choose You	5	2026-04-18	Typhlosion my beloved 🥹💖 best watch face ever!!!!!
Pokémon Sleep: I Choose You	4	2026-04-18	5 stars if it had Gengar
Pokémon Sleep: I Choose You	4	2026-04-17	Can u please add shiny???? Vaporeon 🙏 please!!
Pokémon Sleep: I Choose You	2	2026-04-17	Its cute and all, i was really excited to use this. But its based on sleep and my sleep schedule changes every week due to rotating shift work and the sleep time display on the face never aligns with what i actually have set. So my character is like always sleeping. Just doesnt update to what it should be like ive set it
Pokémon Sleep: I Choose You	4	2026-04-17	Love the watch face.. Bought a garmin watch just to get this watch face. Hahahaha... I have to shelf my galaxy ultra just to use this.  I hope I can set the Pokémon to a specify mood and not base on my body battery and change the background color. 
Pokémon Sleep: I Choose You	2	2026-04-16	It's drawing in a trend for Pokemon and a gimmick. It lacks the important fields a user might want in combination with the Pokemons. Sadly, like advertisements, a quick look, them swipe right and uninstall. 
Pokémon Sleep: I Choose You	1	2026-04-16	업데이트 언제까지 하노
Pokémon Sleep: I Choose You	3	2026-04-15	Really cute but honestly too finicky for me. Every time it needs an update, the watch face disappears and it takes forever to update and get the device back to the Pokémon one. 
Pokémon Sleep: I Choose You	5	2026-04-15	I need psyduck !
Pokémon Sleep: I Choose You	4	2026-04-15	Really cute! Wish we could change the background colour and that there were more pokemon, like gengar, clefairy, mew,  psyduck or some others
Pokémon Sleep: I Choose You	3	2026-04-14	Nice but we need the option to change the background color rs
Pokémon Sleep: I Choose You	4	2026-04-14	Anche dopo l aggiornamento manca la data Se cerco di metterla nelle impostazioni non si vede la data ma un bug Risolvete perfavore ✌🏼
Pokémon Sleep: I Choose You	2	2026-04-14	This review is just based on the recent up, claims it added the needed date but even after updating the watch face doesn't have a date shown. The example photos also don't show a date. 
Pokémon Sleep: I Choose You	4	2026-04-14	Really cool but how are they going to have a Pokemon sleep oriented watch face with out Snorlax 
Pokémon Sleep: I Choose You	5	2026-04-14	ES PEC TA CU LAR, muy divertido y se le puede configurar muchos Pokemones 
