id,name,download_bucket,rating,reviews,price_usd,updated,permissions,n_products,developer,desc_mentions_body_battery,desc_mentions_sun,core_body_battery,core_sun
880e3034-3e6e-4521-88d4-a208f2406b66,Pokémon Sleep: I Choose You,500000,4.2,1274,0,2026-09-01,UserProfile|ComplicationSubscriber,56,GarminPokemon,1,0,1,0
33e3fa77-82cf-4aa2-bba3-5eb99bca424e,Pokémon Sleep: Snorlax & Friends,100000,4.9,1698,0,2026-09-02,UserProfile|ComplicationSubscriber,56,GarminPokemon,1,0,0,0
bfa0dd86-d947-45d7-832e-3ea36f5c4fba,HandsFive,100000,4.7,775,0,2024-12-28,Positioning|SensorHistory|UserProfile,130,mbell,0,1,0,1
b754fc6a-a5dd-4ff1-9397-db9020b3b25f,"PSX-1 stress, breath, body temperature, weather...",100000,4.7,227,0,2026-08-28,Positioning|Background|SensorHistory|UserProfile|Communications|ComplicationSubscriber,205,_psx_,1,1,0,0
3f205c2e-a2f9-4647-9922-d3aa01f84b8b,Coros Vertix2 Like,50000,4.9,341,0,2026-08-28,Positioning|SensorHistory|UserProfile,200,bine8x8,0,0,0,0
f6b227e2-1de1-467f-92c4-e74487bef05a,New Moon,50000,4.3,171,0,2026-09-06,Background|Communications,204,reno.watch,0,0,0,0
39680ec3-5bf7-4473-ac43-e462c67df4da,Night & Day,50000,4.1,96,0,2026-09-26,Positioning|Background|SensorHistory|UserProfile|Communications,203,ReedWorks,1,1,0,0
ee44232e-2a5f-4dd5-9f8c-37afe67e5920,Analog Battery Saver,50000,4.2,73,0,2026-09-02,,248,f3b ,0,1,0,0
bba6fa8b-72a6-41d5-83f9-e08b74d0fa42,Circles 2,10000,4.8,1716,3.49,2026-08-28,Positioning|Background|SensorHistory|UserProfile|Communications|ComplicationSubscriber,213,VAW.BE,1,1,0,0
cff2027e-76f8-4c0a-835a-a5631f924f5b,Circles 2 - with trial,10000,4.9,892,0,2026-08-27,Positioning|Background|SensorHistory|UserProfile|Communications|ComplicationSubscriber,213,VAW.BE,1,1,0,0
1f50693c-5ae9-47d2-b076-37763189ac72,Liquid Crystal Clock 2,10000,4.6,266,0,2016-10-19,UserProfile,41,benjamin.serant,0,1,0,0
db7ce339-97e6-4b37-ac2d-9915571681b9,Big Vert,10000,4.9,236,0,2026-08-26,Positioning|Background|SensorHistory|UserProfile|ComplicationSubscriber|BluetoothLowEnergy,157,TomekCz,0,1,0,0
d734861a-2f99-4f65-b587-955cfdd89454,Tablo,10000,4.8,234,0,2026-09-13,Positioning|Background|SensorHistory|UserProfile|Communications|ComplicationSubscriber,112,IQdev,1,1,0,0
787e36a2-57b5-4b3a-b627-c4cc667287cf,Coros Vertix2 Like Another ,10000,4.9,218,0,2026-09-07,Positioning|SensorHistory|UserProfile,212,bine8x8,0,0,0,0
4f2acaf0-cd09-42f1-84e6-000361ad86b6,Tablo2,10000,4.8,205,0,2026-09-13,Positioning|Background|SensorHistory|UserProfile|Communications|ComplicationSubscriber,112,IQdev,1,1,0,0
0953ac45-6d4e-4879-967f-b6aa38097e3f,My Day 24,10000,3.5,170,0,2022-05-27,Positioning|Background|SensorHistory|UserProfile|Sensor,171,TomasSlavicek,0,1,0,0
230667a0-e5a6-49bc-aefd-856806870d7a,Multi Time Zone Digital,10000,3.9,155,0,2026-08-28,,241,DouglasR,0,1,0,0
f39a4383-7c2c-4823-beda-09837beb1e06,Sundance,10000,4.6,144,0,2026-06-30,Positioning|SensorHistory|UserProfile,106,cizi,0,1,0,1
4b14a5d5-503c-4407-9e62-6e3ed02e2195,Energy Face,10000,4.6,123,0,2020-07-06,Positioning|Background|SensorHistory|Communications,75,Monsterious,0,1,1,0
37198784-737e-4376-a11a-ed10a7531e30,Happy Hour,10000,4.9,83,0,2026-08-28,SensorHistory,194,coldheart,0,0,0,0
c884c795-9b1b-466f-a382-40ec0429f75a,Fenix 8 Solar Like,10000,4.7,78,0,2026-08-30,Positioning|Background|SensorHistory|UserProfile|Communications|ComplicationSubscriber,85,GreenBlack,0,0,0,1
6fab8f66-1d7c-4a60-9feb-6493438bbc68,Digital Battery Saver,10000,4.4,75,0,2026-09-02,,241,f3b ,0,1,0,0
1e2507e0-77f3-4729-a8d4-34ad3a499774,Sun Dial 24,10000,4.6,71,0,2026-08-28,Positioning|Background|SensorHistory|UserProfile|Communications,185,MarekSoso,0,0,0,1
996b157f-7afa-43db-8026-608906f9adc8,Simple Vert,10000,4.8,68,0,2026-08-26,Positioning|Background|SensorHistory|UserProfile|ComplicationSubscriber|BluetoothLowEnergy|Notifications|Sensor,165,TomekCz,0,1,0,0
2d0c078a-703d-4e77-9843-5e9156ab07a7,Cristal,10000,4.1,59,0,2025-09-29,Positioning|Background|SensorHistory|Communications,188,prenard,1,1,0,0
a0b6a199-9ee7-4241-b0bb-ac90d14d44d3,SWF04,10000,4.7,43,0,2026-05-15,Positioning|Background|SensorHistory|UserProfile|ComplicationSubscriber|BluetoothLowEnergy|Notifications|Sensor,155,TomekCz,0,0,0,0
55e09ed2-0fd2-42aa-b6ee-1a2af0f4e23e,I Run This Body ,10000,4.3,36,0,2021-10-15,,140,NatalieHawley,0,0,0,0
1d146c60-afb0-47ff-b76e-49b619e75de3,"Watchface with altitude, moon, sun & countdown",10000,4.2,36,0,2018-11-13,Positioning|Background|SensorHistory|UserProfile|Ant|Communications|Sensor,52,Karlwim,0,1,0,1
1b19a80f-906c-4a5e-ba6e-57c193b61387,Radian,10000,4.6,34,0,2026-09-04,Positioning|SensorHistory|UserProfile,150,RobAyris,1,0,0,0
9fe41a0b-116f-4cdb-81fc-3df2e5b2afc5,Fenix Arc,10000,4.8,30,0,2026-09-24,Positioning|Background|SensorHistory|UserProfile|Communications|ComplicationSubscriber,232,Riedid74,0,1,0,0
c65e8450-fd34-43c5-9455-a151d9f13118,"Swim2: Clean and Colourful (Steps, HR, Battery)",10000,4.8,25,0,2024-01-30,Background|SensorHistory|UserProfile|BluetoothLowEnergy|Sensor,7,leonvissie,0,0,0,0
b0cc2eef-dbb1-4aca-b53c-6c251ac04a70,Metropolis (Night),10000,3.7,19,0,2023-10-24,SensorHistory,171,Garmin,0,0,0,0
9b4c931d-ff4b-457c-a703-152a3b1ba841,Merlin,10000,3.9,14,0,2026-09-06,Positioning|Background|SensorHistory|Communications,179,catopuma,0,0,0,0
0666b0f3-31eb-4861-bd68-2a5c21576e7c,Dawn,10000,4.6,14,0,2025-05-23,Positioning|SensorHistory|UserProfile,4,Garmin,0,0,0,1
efe68843-c9ca-4ef0-afa7-5081b92e7875,Goals Pro,1000,4.9,772,5.99,2026-08-28,Positioning|Background|SensorHistory|UserProfile|Communications|ComplicationSubscriber,104,VAW.BE,1,1,0,0
3df26967-f386-422a-a441-49952a6f448c,MoonMaster / Moon Master,1000,4.8,762,4.99,2026-08-28,Positioning|Background|SensorHistory|UserProfile|Communications|ComplicationSubscriber|Notifications|Sensor,46,RoboleoApps,0,0,0,0
9f4f472e-2289-4b02-95a3-331b36735e9d,Fenix 8 - MAVERICK Big data,1000,4.6,559,5.99,2026-09-24,Background|SensorHistory|UserProfile|Communications|ComplicationSubscriber,62,Timefy-Dials,1,0,0,0
bec7e33b-6386-4e1f-958d-b5afac45a337,Fenix 8 MAVERICK Night,1000,4.5,430,4.69,2026-09-24,Background|SensorHistory|UserProfile|Communications|ComplicationSubscriber,62,Timefy-Dials,1,0,0,0
fc2c2965-7b3a-4d02-b5c6-b0a2e8c76d05,Goals Pro - with trial,1000,4.9,430,0,2026-08-27,Positioning|Background|SensorHistory|UserProfile|Communications|ComplicationSubscriber,104,VAW.BE,1,1,0,0
a76ee69c-cfd3-4da4-bd91-e7ca198f31d1,Photo Premium,1000,4.7,361,0,2026-08-27,Positioning|Background|SensorHistory|UserProfile|Communications|ComplicationSubscriber,39,VAW.BE,1,1,0,0
6a7785f4-2068-433e-bf5e-70d16da1ce6d,Seasons Premium,1000,4.9,240,5.99,2026-08-28,Positioning|Background|SensorHistory|UserProfile|Communications|ComplicationSubscriber,104,VAW.BE,1,1,0,0
f3ef2447-556b-474d-a731-125b2d4031a3,⭐️CYCLE CIRCLE,1000,4.9,236,0,2026-09-24,Positioning|Background|SensorHistory|UserProfile|Communications,205,ERSHOVLAD,0,0,0,0
520adf15-a5fd-4e88-8e8e-1963cdf608ab,Titan,1000,4.9,201,3.49,2026-08-28,Positioning|Background|SensorHistory|UserProfile|Communications|ComplicationSubscriber,100,VAW.BE,1,1,0,0
dae34f8b-b81c-4204-a5e9-30dfb84cb2e8,Photo Premium - Max license included,1000,4.6,181,5.99,2026-08-28,Positioning|Background|SensorHistory|UserProfile|Communications|ComplicationSubscriber,39,VAW.BE,1,1,0,0
aa2a0abb-13a1-47a6-8678-da162db740e1,Tactix8 Solar - GB,1000,4.9,155,0,2026-08-26,Positioning|Background|SensorHistory|UserProfile|Communications|ComplicationSubscriber|Sensor,86,GreenBlack,0,0,0,1
67190f83-630b-4fb8-96a9-ae25266221ab,Moon Walker,1000,4.2,144,5.99,2026-09-10,UserProfile|ComplicationSubscriber,86,Garmin,0,0,0,0
008115ee-7256-43f9-87ce-b9fc701d649c,Titan - with trial,1000,4.9,144,0,2026-08-27,Positioning|Background|SensorHistory|UserProfile|Communications|ComplicationSubscriber,100,VAW.BE,1,1,0,0
ce88747e-e856-4e3c-8fde-c5df56c061e6,Seasons Premium - with trial,1000,4.9,133,0,2026-08-28,Positioning|Background|SensorHistory|UserProfile|Communications|ComplicationSubscriber,104,VAW.BE,1,1,0,0
c78e0aa0-5fab-4e48-95b6-789dd47e40b8,Night Fever VX,1000,4.6,94,0,2026-09-19,Positioning|Background|SensorHistory|UserProfile|Communications|ComplicationSubscriber,214,TitanicTurtle,0,0,0,0
91d3bcaa-ce04-4d5c-871f-e9e30754583a,Night Fever,1000,4.9,80,2.99,2026-09-20,Positioning|Background|SensorHistory|UserProfile|Communications|ComplicationSubscriber,214,TitanicTurtle,0,0,0,0
f7ba05ca-0d79-4c0d-be12-d61c1232f220,Focus,1000,4.7,74,0,2026-08-27,Positioning|Background|SensorHistory|UserProfile|Communications|ComplicationSubscriber,220,VAW.BE,1,1,0,0
913c994d-0a4d-4492-bf8a-2f3bb9711080,Tactix8 Solar PRO - GB,1000,4.8,61,5.99,2026-08-26,Positioning|Background|SensorHistory|UserProfile|Communications|ComplicationSubscriber|Sensor,86,GreenBlack,0,0,0,1
2dc120b4-86e5-40f1-96f3-5d2d1b83d7d6,Never Late,1000,4.9,60,2.49,2026-08-28,Positioning|Background|SensorHistory|UserProfile|Communications|ComplicationSubscriber,87,VAW.BE,1,1,0,0
eecbe632-c236-40a2-ba35-1d4c361e1206,Sun Watch Toutou,1000,4.5,48,0,2022-08-18,Positioning,130,fanfaron,0,1,0,1
a21f5d76-eb3a-478d-ad7b-6411b36a5103,Never Late - with trial,1000,5.0,45,0,2026-08-27,Positioning|Background|SensorHistory|UserProfile|Communications|ComplicationSubscriber,87,VAW.BE,1,1,0,0
503e2b76-375b-4120-bc15-8eb33895136b,Stone Stealth,1000,4.6,43,0,2025-07-23,Positioning|SensorHistory|UserProfile,186,Trudelta,1,1,0,0
b3a2a34c-fcde-4698-a8af-6dbcd4f18cdc,SolarTime 2.0,1000,2.9,42,0,2023-10-24,Positioning|Background|SensorHistory|UserProfile|Communications|Sensor,38,Timb320,0,1,0,1
f0cae216-6a48-4648-b745-9c6538c8e054,Aviatorlike multi settings,1000,4.5,41,0,2021-08-19,Positioning|SensorHistory|UserProfile,130,OliverHannover,0,1,0,0
73a52573-f7f7-4cb3-bfd0-492dd1e9f814,Pokémon Sleep: Snorlax & Friends,1000,5.0,38,0,2026-09-01,UserProfile|ComplicationSubscriber,24,GarminPokemon,1,0,0,0
aeac3ca1-e21d-4ebb-8bdb-0476d703727b,Body Info,1000,3.7,35,2.99,2026-09-12,SensorHistory|UserProfile,85,TDSH,1,0,1,0
e60d9198-40aa-4052-aec7-7fc2a376b600,Meridian,1000,4.8,35,0,2026-08-25,Positioning|SensorHistory|UserProfile|ComplicationSubscriber,61,EnduranceForgeLabs,1,0,0,0
0fc83ae0-7b66-40fb-a68c-fb09d378a12f,Pokémon Sleep: I Choose You,1000,4.6,35,0,2026-09-01,UserProfile|ComplicationSubscriber,20,GarminPokemon,1,0,1,0
b9760fd2-f290-42d2-8b38-d1d232b15756,T.Rex Quad - Instinct,1000,3.4,34,0,2025-03-24,Positioning|SensorHistory|UserProfile,9,Trudelta,1,1,0,0
9ed0aa13-7042-4b44-9024-678ff6343891,SuLu-24,1000,4.6,33,0,2019-03-07,Positioning,12,berglauf1234,0,1,0,1
2d68fb47-922a-4da2-b221-db9823730dbb,NightscoutWatch1 (previously NightscoutWatch),1000,4.8,32,0,2023-11-28,Background|Communications,113,Horsetooth,0,0,0,0
86afb1f5-845d-4db7-96a0-ae529ddd4124,Golden Bloom,1000,4.7,31,0,2026-09-08,Positioning|SensorHistory|UserProfile,91,GreenPoint,1,1,0,1
f9a3433c-8261-4762-8c51-6eb0912f06b2,Solarium ∗ Sun Tracker ∗ Venu X1,1000,4.3,29,0,2026-09-17,Positioning|Background|SensorHistory|UserProfile|Communications|ComplicationSubscriber,36,TTime,1,1,0,1
56e9068d-b125-4020-b871-77aa4f09a95a,T.Rex Quad 2,1000,3.9,29,0,2026-08-28,Positioning|SensorHistory|UserProfile,90,Trudelta,1,1,0,0
b400439b-7114-4aaa-88a8-f5121444f6dc,Level Up,1000,4.8,29,0,2021-10-15,,124,betterer,0,0,0,0
4cdedf60-deef-4a1e-8206-7c42745097f4,Daylight,1000,4.6,28,0,2023-11-15,,217,BarcodeWallet,0,1,0,1
67c7d99e-4405-416e-911b-ced00e73257d,Moon Watch,1000,5.0,28,0,2026-08-25,Positioning|Background|SensorHistory|UserProfile|ComplicationSubscriber,40,IVAHUB,1,1,0,0
381450d5-c7c4-43dc-bc00-85fccc85c4f4,GlobalSync - Worldtimer,1000,4.2,27,0,2026-08-26,Positioning|Background|UserProfile|Communications,172,Trudelta,0,1,0,0
3ea8f87f-3198-4e22-bde1-59cc91eae7a1,VzFenix U2,1000,4.5,26,0,2019-03-06,Positioning|SensorHistory|UserProfile,2,BrunaTom,0,1,0,0
9385c077-41b1-476f-8587-8f8e3f4dda3d,Orbits SEM (Sun/Earth/Moon),1000,3.8,25,0,2026-08-28,Positioning|Background|SensorHistory|UserProfile|Communications,206,Trudelta,1,1,0,1
cc93a201-5bb2-4d45-ab13-3fdb9eaa361a,UT Runner,1000,4.8,24,0,2026-09-10,SensorHistory|ComplicationSubscriber,52,DanielGukovsky,0,0,0,0
5acf3a5f-1e14-4b6b-8f9e-e6101f0879de,Sun | Moon | Weather,1000,4.7,23,0,2026-08-28,Positioning|Background|SensorHistory|UserProfile|Communications|ComplicationSubscriber,99,pstoppani,0,1,0,1
871ba9d4-fd79-4d1c-b734-ec9b1c1ce696,T.Rex Quad 2 - Instinct,1000,3.7,23,0,2025-01-10,Positioning|SensorHistory|UserProfile,12,Trudelta,1,1,0,0
97ee762f-381c-4328-9dff-85b3b224a4f3,Golden Skull,1000,4.7,23,0,2026-08-28,Background|Communications,223,Dreamstrider,0,0,0,1
812f6495-035b-4b22-9df7-108eaaf883a8,Battery Maximizer+,1000,3.4,22,0,2026-09-08,UserProfile,242,Trudelta,0,0,0,0
ddcad651-e834-4499-aabb-b41b9c8d4718,DIGI TACTICAL V11 Instinct3 SOLAR Pixel Perfect,1000,3.3,22,4.69,2026-01-05,Positioning|SensorHistory,9,Spidercrab,1,1,0,1
2fffdb8c-2dfa-47a3-90eb-af5ead6b4f50,tactical looks like,1000,4.5,22,0,2025-02-12,Positioning|SensorHistory,9,tomko1300,0,0,0,0
aee6fc52-6d6a-424a-ba5b-6c15ec8e391c,Fitness Watch,1000,3.8,22,2.49,2026-09-22,SensorHistory|UserProfile|ComplicationSubscriber,84,Timeless,1,0,0,0
8b727aa6-2692-4fba-ab9a-f03f68387bc0,Moony - Moon Watchface,1000,4.9,22,0,2026-08-28,Positioning|Background|SensorHistory|UserProfile|ComplicationSubscriber,129,run-archi,0,0,0,0
0688e2fe-24e9-4c44-a672-c60bf61f4beb,Stardew Valley Day/Night,1000,4.9,22,0,2026-09-09,Positioning|SensorHistory|ComplicationSubscriber,26,eddieliu1321,0,1,0,1
8e057a63-07f1-4ef8-bd2e-65ec6de48f83,Discreet Dark AMOLED,1000,4.6,21,0,2024-02-28,Positioning|SensorHistory|ComplicationSubscriber,34,PUH,1,1,0,0
631ff532-a338-470f-b3d9-c9f133246f88,MOONSTRUCK,1000,4.8,21,0,2019-03-13,Positioning,17,berglauf1234,0,1,0,0
fd3f864f-2d12-49ce-99cf-3c6d95cf91de,Circa - The faceless watchface,1000,4.6,20,0,2026-08-28,,260,VAW.BE,0,0,0,0
74d14362-4fc7-4415-8361-9797a2eac1a0,Top Gun Chrono -Hybrid,1000,3.8,18,0,2026-09-01,Positioning|Background|SensorHistory|UserProfile|Communications,210,Trudelta,1,1,0,0
39bcf5c3-90ff-4345-8564-4ccd3de384cd,Moonstruck,1000,4.9,17,0,2019-03-08,Positioning,22,berglauf1234,0,1,0,0
7a9ea440-3e9c-4f0a-9e9d-5822f5091020,Manjianghong,1000,4.3,16,0,2024-03-07,Background|SensorHistory|UserProfile|Communications|Sensor,143,li2niu,1,1,0,0
065375b8-29a6-4afa-980c-1258141059a6,Instinct Battery First,1000,4.6,15,0,2026-08-22,,2,RichardS22,0,0,0,0
35b38aea-428c-420f-98fa-8813d5ba8c57,Tanaka03,1000,3.8,15,0,2025-09-16,Positioning|Background|SensorHistory|Communications|Sensor,58,jarekj9,0,1,0,1
76182473-09e5-4822-bd50-6e449dec76ef,Moonphase Chrono,1000,4.4,15,0,2026-08-28,Positioning|SensorHistory|UserProfile,185,Trudelta,1,1,0,0
15cf957c-33e5-4ce3-91ae-fe3788383f07,Solarium One ∗ Analog Solar Dial ∗ AMOLED,1000,4.3,15,0,2026-09-17,Positioning|SensorHistory|UserProfile|ComplicationSubscriber,35,TTime,1,1,0,1
a88a29fd-7427-41d4-9121-a0e4efcbe5e3,Night Mission SE,1000,4.1,15,0,2026-05-20,Positioning|Background|SensorHistory|UserProfile|Communications|Sensor,93,Trudelta,1,1,0,0
b8106f0c-af5a-46ac-9f9a-650c4ec9e910,Analog 24h watch incl. sunrise/sunset,1000,4.1,14,0,2019-11-09,Positioning,40,AlanSmithee,0,1,0,1
94e5f181-5ada-4c54-b6f7-6248ebfac1db,Sunset,1000,5.0,14,0,2024-06-15,Background|Communications,162,Dreamstrider,0,1,0,1
cff35474-1bf9-4468-9e88-f0b29c086be2,Moon Phase Watch Face,1000,4.9,14,0,2026-09-17,Positioning|SensorHistory|UserProfile|ComplicationSubscriber|Notifications,146,pipin.co,1,1,0,0
9baa5739-5a63-4747-888d-8c50395660d4,Day / Night cycle,1000,4.5,14,0,2026-08-28,Positioning|Background|SensorHistory,180,RPdev,1,1,0,0
f56449ff-e677-4013-84e8-7d6f7b9804dd,GlobalSync Digital - Worldtimer,1000,4.3,13,0,2026-08-28,Positioning|Background|SensorHistory|UserProfile|Communications,194,Trudelta,1,1,0,0
ea7f9a55-ea3c-4bd2-843d-2b21a6a803a9,Maximum,1000,5.0,13,0,2026-09-04,,63,b8fly,0,0,0,0
57f5a408-316f-4c41-aa1c-2bd82ede1fac,World Sleep Day,1000,4.5,13,0,2026-08-28,Positioning|SensorHistory|UserProfile|ComplicationSubscriber,194,Garmin,0,0,0,0
30c4fd15-8473-4109-bdb0-06e7fe33b095,Arc Diem,1000,3.7,13,0,2019-04-01,UserProfile,73,JenniferNeff,0,1,0,0
2c71ae29-a72e-47d9-97c8-44ae04716efd,Body battery emoticon,1000,4.7,12,0,2025-01-07,SensorHistory,16,Jar0d,1,0,1,0
72cb2943-d7d5-4e53-ac47-d2c607c9b3a6,Analog Sun,1000,4.2,12,0,2019-03-08,,20,motokobis,0,1,0,1
1313ed36-fad4-4571-99d7-c01f78cad497,LCD Sun,1000,3.8,12,0,2023-02-04,Positioning|SensorHistory,59,PiotrKwalski,0,1,0,1
3a293e91-c2fa-4fe1-a048-022ff455319b,Fenix 7 Pro Solar,1000,4.0,12,0,2025-02-17,Positioning|SensorHistory|ComplicationSubscriber,13,PaulZuzu,0,0,0,1
478a2dc7-2056-47f5-b626-95f285066258,SuLu-White,1000,4.7,12,0,2018-09-21,Positioning,13,berglauf1234,0,1,0,1
d5306ff1-c9e7-46c9-ad4e-58b1a6fe2ec5,Metropolis (Day),1000,4.3,12,0,2023-11-15,SensorHistory,113,Garmin,0,0,0,0
b28c243b-164f-4202-8b96-196b630af1ea,Epic Sun,1000,3.5,11,2.49,2026-09-09,,69,BlueApps,0,0,0,1
3ee62984-2e3a-4a57-9196-f2e2616f54e9,Worldtime Diver,1000,4.6,11,0,2025-01-27,Positioning|Background|SensorHistory|UserProfile|Communications|Sensor,144,Trudelta,0,1,0,0
8d3476b2-b3c0-40c9-9f1a-32522fdcb697,RotatedExo LMD,1000,4.8,11,0,2021-05-18,Positioning|Background|SensorHistory|UserProfile|Communications|Sensor,61,CharlySan,0,0,0,0
21c3dc9e-43b2-45c2-bcea-a6bfca07a8cf,Uno Day-Night,1000,4.4,11,0,2017-02-04,,13,berglauf1234,0,1,0,1
40d48074-2ec0-4f3c-ade9-82c6cb8312c4,NOW,1000,4.4,10,0,2026-08-25,Positioning,207,Semolina,0,1,0,0
73870098-b823-4b29-801b-71225a5066a4,Canadian Grizzly 360° watch face,1000,4.7,10,0,2022-03-14,Positioning|UserProfile,149,MedvidekWaltr,0,1,0,0
f24781b3-6cdb-421a-95c6-163ea9072b17,MoDiSuMo - Modern Digits Sun and Moon,1000,4.6,10,0,2016-12-09,,17,SwiSSpeedY,0,1,0,1
93d5c2a0-25ad-4e96-9a8e-ac2ca8953ddc,Health Dashboard,1000,4.4,10,0,2026-08-28,Positioning|Background|SensorHistory|UserProfile|Communications|Sensor,186,Trudelta,1,1,0,0
edadbcc9-90e0-4a26-bede-d7f6df4ff0f2,Swiss Army Chrono -Hybrid,1000,4.1,10,0,2026-09-09,Positioning|Background|SensorHistory|UserProfile|Communications,130,Trudelta,1,1,0,0
7a9ebd76-904c-4391-bde8-9bab5736da89,GlobalSync 2 - Worldtimer,1000,4.4,9,0,2026-08-28,Positioning|Background|SensorHistory|UserProfile|Communications|Sensor,197,Trudelta,0,1,0,0
f3df83f7-8f2f-4956-99bd-73c3dba4bd56,Quadrant,1000,4.6,9,0,2019-01-07,Background|Sensor,15,Tinkerpete,0,0,0,0
a8f1bf1e-ff5d-46fd-b065-c16c0ba63243,Moon Rabbit,1000,4.4,9,0,2026-08-28,Positioning|SensorHistory|UserProfile,188,Garmin,0,0,0,0
080f833a-7256-44da-bb66-98ea70a51055,Goals NIXNU,1000,2.8,9,0,2026-08-25,Positioning|SensorHistory,75,nicovin,1,1,0,0
829b0735-5208-407e-8497-6dc45ae834ee,Solar,1000,4.3,8,0,2026-06-14,Positioning|SensorHistory,6,EasyApps,1,1,0,1
e7cab47a-d434-4ced-81d0-1aa6653b8c93,Sweep Radar,1000,4.9,8,0,2026-09-09,Positioning|SensorHistory|UserProfile,207,Trudelta,1,1,0,0
5c0df0d2-801c-4ff2-87e6-7bad79bc348e,Clean And Efficient,1000,3.6,8,0,2022-02-02,SensorHistory|UserProfile,26,CleanAndSimple,0,0,0,0
b2a307f3-dc99-4e15-9b2e-e42d9b8e06ff,GARMIN RUN SERIES - GREECE,1000,4.6,8,0,2026-09-21,,65,Garmin,0,0,0,0
226bd6fc-d7a6-4c6d-baa4-c8de0693b0f9,Eclipse,1000,4.0,8,0,2021-04-16,,76,Garmin,0,0,0,0
4e5dd92f-77a1-434e-b223-8faa201f89e3,Artelier Pointer Day,1000,4.4,8,0,2023-11-15,,191,iNDEX3,0,0,0,0
5968422c-2a78-4d96-95ed-20303206d20d,Worldtime Diver 2,1000,3.9,7,0,2026-09-08,Positioning|Background|SensorHistory|UserProfile|Communications|Sensor,126,Trudelta,1,1,0,0
7e8948d6-343a-45ac-9f3a-28250fc7c38b,Infocal Redux,1000,4.6,7,0,2026-08-25,Positioning|Background|UserProfile|Communications|Notifications,50,ycm_,0,1,0,0
4c401dcd-0624-4f35-96dc-04480688689d,BigMove!,1000,4.4,7,0,2024-11-29,Positioning|Background|SensorHistory,5,flug32,1,1,0,0
7baa91ef-d9b7-462e-8d5f-eb125ffd5c59,Helios (Sundial),1000,4.9,7,0,2026-09-09,Positioning,245,Trudelta,0,1,0,1
e73470b5-9b95-481a-bfaa-be50e95a9247,Solar System,1000,4.3,7,0,2024-10-05,SensorHistory|UserProfile,145,FilipHolik,0,0,0,1
6e5b3a81-21d4-469e-9cca-3c56ef1a388e,Crystal Face (Recovery Time),1000,4.3,7,0,2023-10-24,Positioning|Background|SensorHistory|Communications,10,Jandrinet,0,0,1,0
dca082d3-e3c9-4389-83bd-e0a1176d4a6a,EDC Shock,1000,4.9,7,0,2026-09-02,Positioning|Background|SensorHistory|UserProfile|Communications|ComplicationSubscriber|Sensor,107,Trudelta,1,1,0,0
a37ec3fa-1c25-456d-8db9-9906fdae3958,Dream 162x Classic,1000,4.4,7,2.49,2026-08-25,Positioning|SensorHistory|UserProfile|ComplicationSubscriber,73,Monkeys-Dream,1,1,0,0
fa96824a-463d-4726-bd94-f2f647660e74,Movement at the right time,1000,4.4,7,0,2026-08-28,Positioning|SensorHistory|UserProfile,211,ksweber,0,0,0,0
c00642ea-4471-4721-a2b8-6b232e7d9079,Vaporwave Sunset,1000,4.5,6,0,2026-08-27,,123,Fudgey,0,1,0,1
090630a5-b7a2-49a6-8afd-0629c3bcc3e3,GlobalSync Lite,1000,5.0,6,0,2024-01-09,Positioning|UserProfile,11,Trudelta,0,1,0,0
0497b236-e6ef-4b1e-b14a-8a7f8a16679e,Goal Chaser,1000,4.5,6,0,2026-08-31,Positioning|Background|SensorHistory|UserProfile|ComplicationSubscriber,99,Garmin,0,0,0,0
30513d12-283e-4728-bd95-3afdff4d28ef,Active City,1000,4.5,6,0,2021-04-16,Positioning,62,Dmytryi,0,1,0,1
211b9cff-1eb3-4afd-8c7e-f7a70c51a507,Day Night Map NEW,1000,2.5,6,0,2017-08-06,,13,DeveloperBen,0,0,0,1
04fec249-7683-4f05-92ee-e9ee26a98d75,Night Mission SE2,1000,4.5,6,0,2026-09-06,Positioning|Background|SensorHistory|UserProfile|Communications|Sensor,120,Trudelta,1,1,0,0
7c5b07ec-37c8-40d5-a76f-39dab1d7c7de,Sunrise Clock,1000,3.6,5,0,2023-10-24,Positioning|SensorHistory|UserProfile,152,NAIO,0,1,0,1
49a8ce8d-289f-488a-82c1-096dcd295892,Sunrisedeer,1000,3.0,5,0,2023-10-25,Background|UserProfile|Communications,159,xtendvision,0,1,0,1
73a87665-f42d-4465-b22d-50896df1c0d7,"Follow the Sun - natural (slow, outdoor) watchface",1000,2.6,5,0,2019-03-08,,30,Bogo,0,1,0,1
76fee693-1ccd-4c8c-9a6b-9275ced4c00d,Essential 3 - Instinct,1000,4.0,5,0,2025-12-23,Positioning|SensorHistory|UserProfile,11,Trudelta,1,0,0,0
2f336072-5c76-4703-8b05-e79330387512,Snow Mountain,1000,4.0,5,0,2026-08-25,Positioning|Background|SensorHistory|UserProfile|Ant|Communications|ComplicationSubscriber|BluetoothLowEnergy|Notifications|Sensor,214,lwlwlw,1,1,0,0
aed61f0d-ca5f-4d21-bdb8-563008a6cecf,MerlinLegacy,1000,3.6,5,0,2025-11-30,Positioning|Background|SensorHistory|Communications,70,catopuma,0,0,0,0
1e29bc26-fecf-402b-8649-141935a6c0d3,MOONSTRUCK Digi,1000,4.8,5,0,2019-03-07,Positioning,27,berglauf1234,0,1,0,0
94b45dbf-b0d6-42b3-8239-eef08c5a9f1e,SuLu,1000,4.2,5,0,2019-05-05,Positioning,2,berglauf1234,0,1,0,1
4b5b0534-cc58-4cfd-9834-e527ec6421e2,Global Wellness Day,1000,4.0,5,0,2026-08-28,Positioning|SensorHistory|UserProfile,187,Garmin,0,0,0,0
1f0175c0-bd44-46ba-aabd-5baf965238e3,Stress Pulse,1000,3.2,5,0,2026-08-24,SensorHistory|ComplicationSubscriber,165,AviSnow,0,0,0,0
4933f9d4-3da4-4686-b914-49f7dbd97e35,Pokémon Sleep: I Choose You,1000,5.0,5,0,2026-09-01,UserProfile|ComplicationSubscriber,6,GarminPokemon,1,0,1,0
08879438-07c1-45a1-b762-f05be92005f8,Garmin x Dubai Fitness Challenge ,1000,5.0,5,0,2026-08-28,ComplicationSubscriber,52,Garmin,0,0,0,0
8e6f9b5a-2f3b-44c0-b7b5-737eb1f0914b,TTDual,1000,4.5,4,0,2026-01-26,Positioning|UserProfile,112,TTAnalog,0,1,0,1
62192b48-f084-4996-9d96-efb9981c5a7f,Solar Lines 24-hour,1000,4.0,4,0,2021-11-01,,29,Kings,0,1,0,1
f397f417-e3ee-4d60-9cee-505b31f599c3,TCM Orienteering 2,1000,5.0,4,0,2026-09-05,Positioning|Background|SensorHistory|UserProfile|Communications,125,Trudelta,1,1,0,0
34d449c4-ca39-46dd-83f6-11670eb373b0,Bunny and Eggs,1000,4.8,4,0,2021-04-16,SensorHistory,61,Garmin,0,0,0,0
82a814b0-d615-4e01-a7d6-02e3e593e31b,ME/CFS data Watch Face,1000,5.0,4,0,2026-03-07,SensorHistory|ComplicationSubscriber,22,Slow_Lane,1,0,1,0
e28bcecf-ed4e-4847-b1d1-c1489f6055c4,CIRCLE & LINE,1000,4.8,4,0,2026-08-28,,102,Usakichi_Company,0,0,0,0
7fdb36cd-a37f-4efb-a317-0b8915a81d60,PureCircles,1000,4.0,4,0,2026-08-25,Positioning|SensorHistory|UserProfile,97,CircularGoals,1,0,0,0
622e8207-f3d5-4984-96ba-0c7898ecaf10,Night Floral,1000,4.5,4,0,2026-08-28,Background|SensorHistory|Communications,172,Emer75x,0,0,0,0
efea4d22-9dbe-4f11-bc2c-9107c135df29,Fit Arc,1000,4.8,4,0,2019-03-08,,29,codeone.hu,0,0,0,0
9012ef94-1d8e-42aa-84b0-77c01fd5d79d,HealthFocus,1000,4.0,4,0,2026-09-02,Background|SensorHistory|Communications,185,NielsV,1,0,0,0
120107a6-8573-433b-b9ac-eb1d5e2a1156,Vesper Solar — Sunrise & Sunset Watch Face,1000,4.3,3,0,2026-09-23,Background|Communications|ComplicationSubscriber,56,VesperStudio,1,1,0,1
e52906b3-8f56-4333-87ac-191a3415eadd,Worldtime Diver Lite,1000,4.7,3,0,2024-01-09,Positioning|Background|SensorHistory|UserProfile|Communications|Sensor,129,Trudelta,0,1,0,0
97ec0226-8d9d-47be-9b82-6b9a4a2c61d8,Solar Engine Free Trial,1000,4.0,3,0,2026-08-25,SensorHistory,58,Sagitta,0,0,0,1
e8dfddf2-06dd-49d3-892b-5c8a17705ca8,Minimal Face,1000,5.0,3,0,2026-08-26,Positioning,4,kdoya,0,1,0,0
aa63c2e4-29ff-412f-ba9f-ee559a571667,TCM Orienteering,1000,3.3,3,0,2026-08-28,Positioning|Background|SensorHistory|UserProfile|Communications,105,Trudelta,1,1,0,0
87c3276e-3c31-4b10-aed7-b19cac651f4a,Quadrant Dark,1000,4.7,3,0,2019-01-08,Background|Sensor,15,Tinkerpete,0,0,0,0
b5e6b716-6a9d-4613-a515-c4f688c94ae2,Fashion Watch Face,1000,2.7,3,0,2023-10-24,Positioning|Background|SensorHistory|UserProfile|Ant|Sensor,90,AlanSmithee,0,0,0,0
470ded3f-8e07-491a-acaa-c92a204f6e25,Ladies Chrono,1000,5.0,3,0,2026-09-09,Positioning|SensorHistory|UserProfile,61,Trudelta,1,1,0,0
d848ffe7-36aa-4e5b-8f5d-ba2b63408fa3,Analog Sun and Moon 24h,1000,5.0,3,0,2022-08-26,,29,Kings,0,0,0,1
991d2813-6296-4c5a-98d2-ac37b5769e4f,j1310,1000,5.0,3,0,2026-08-28,Positioning|Background|SensorHistory|UserProfile|ComplicationSubscriber,27,jannux,1,0,0,0
f0409526-809b-4763-a515-d100924e8c30,Battery History Watch Face,1000,5.0,2,0,2024-02-29,Positioning,137,TheKr1S,0,1,0,0
a621f3a8-48e7-4628-95fd-a922c71b507d,Activity + sunrise  and sunset ,1000,4.0,2,0,2016-10-19,,9,gilou3000,0,1,0,1
15d9f359-38b2-437e-9240-64fb30bf0230,Sun & Moon Watchface,1000,4.5,2,0,2026-09-09,Background|SensorHistory|UserProfile,67,Joha.Schl.,0,1,0,1
0b812427-4c3d-455b-a698-b8a52aa73680,Encircled Orbiting Watch Face Circle Zen,1000,5.0,2,0,2021-05-18,Positioning,96,_RWGIII,0,1,0,0
3920a4a7-303c-4162-9ddb-a43799f613ae,Circular,1000,3.0,2,0,2026-08-25,Background|SensorHistory|UserProfile|Communications|Sensor,157,Saraswatches,1,0,1,0
24d87880-7790-41ea-9b85-f5243921adb8,Twilight Sport,1000,3.0,2,0,2023-12-29,Background|SensorHistory|Communications,144,Saraswatches,0,0,0,1
4f1cd4fd-d24a-484e-8b4f-c1fd7a6940c7,Simple Watch Face - Battery Level and HR,1000,5.0,2,0,2021-08-13,,118,Folelse,0,0,0,0
d9bdcfba-0560-4812-983f-0e125fa8afff,Garmin Fitness Fest,1000,4.5,2,0,2026-08-28,ComplicationSubscriber,62,Garmin,0,0,0,0
264cb6ae-8d6b-4e69-a534-c114823e0019,Sunrise Digital,1000,3.0,1,0,2021-05-18,,124,JKing,0,1,0,1
3b1b3e02-2582-444c-848f-31a6234a766a,Twilight,1000,1.0,1,0,2020-07-01,SensorHistory,4,Garmin,0,0,0,1
1cc545ad-7fb9-4eb2-a34f-24bf684224ea,Old Night & Day,1000,5.0,1,0,2020-02-20,Positioning|SensorHistory|UserProfile,67,ReedWorks,0,0,0,0
fbe309d4-6b21-49d7-b23a-946ba3aefab2,saturday night fever,1000,5.0,1,0,2016-12-09,,27,dezent,0,0,0,1
58edd37f-c8e2-47b0-8e41-d0bab007c76b,Solar flares,1000,0,0,0,2024-08-02,Background|SensorHistory|Communications|Sensor,188,IoFace,0,0,0,1
c3d71dc9-a1fa-4e25-b47c-a678ecd04d0d,Survivor Chrono,1000,0,0,0,2026-09-07,Positioning|Background|SensorHistory|UserProfile|Communications,111,Trudelta,1,1,0,0
97873658-187e-4275-90e0-d5a18268c4cb,Simple Analog Trial,1000,0,0,0,2026-08-28,Positioning|Background|SensorHistory|Communications,179,PixelPaceStudios,0,0,0,0
b143a6d1-8a21-4705-a09f-e975994c24d6,Daily Neon Flowers,100,4.7,35,2.69,2026-08-31,Background|SensorHistory|Communications|ComplicationSubscriber,61,Echelon,1,1,0,0
91a46208-2f29-4d72-9575-f570a6dd92dd,Daily Horse,100,4.4,28,2.99,2026-08-29,Background|SensorHistory|Communications|ComplicationSubscriber,61,Echelon,1,1,0,0
85da58ef-8200-49d2-b013-e30df2196d4f,Words,100,4.8,24,2.49,2026-08-28,Positioning|Background|SensorHistory|UserProfile|Communications|ComplicationSubscriber,63,VAW.BE,1,1,0,0
bada0cd6-3540-4251-9b0d-100f5990ddde,Daily Planet,100,4.8,24,3.99,2026-08-29,Background|SensorHistory|Communications|ComplicationSubscriber,61,Echelon,1,1,0,0
7a9b2157-bf89-4307-9cac-9b7f930ce711,Level Up,100,4.6,23,3.49,2026-09-14,SensorHistory|UserProfile|ComplicationSubscriber,97,Shaka,0,0,0,0
27c4f194-fff5-4c9c-b72d-7a4c7780daf2,Big Hour,100,4.7,22,0,2026-08-27,Positioning|Background|SensorHistory|Communications,112,GreenPoint,1,1,0,0
7b8eab34-5a15-48a8-bc5a-93c7ac81df81,Daily Smoke,100,4.9,21,3.29,2026-08-31,Background|SensorHistory|Communications|ComplicationSubscriber,61,Echelon,1,1,0,0
076cd79a-9773-432e-91cb-6bf2843e8e82,TACTICAL V10 Instinct3 SOLAR Pixel Perfect,100,3.9,20,4.69,2026-01-05,Positioning|SensorHistory,9,Spidercrab,1,1,0,1
969bacc8-4008-4d8f-ba77-9918b4b0d6b4,Autumn Days,100,4.8,20,2.69,2026-08-29,Background|SensorHistory|Communications|ComplicationSubscriber,61,Echelon,1,1,0,0
096b9b88-4478-4cb6-9a8c-33fdb389b32d,Cockpit II,100,4.9,19,0,2026-09-24,Positioning|Background|SensorHistory|UserProfile|Communications|ComplicationSubscriber,104,VAW.BE,1,1,0,0
b3ff32d4-5b06-4b4f-a344-67463c495e0d,Spring Days,100,4.8,19,2.49,2026-08-29,Background|SensorHistory|Communications|ComplicationSubscriber,61,Echelon,1,1,0,0
5249bef7-6311-4208-98a0-eb67ebcfd6d6,Cockpit - with trial,100,4.8,18,0,2026-09-17,Positioning|Background|SensorHistory|UserProfile|Communications|ComplicationSubscriber,104,VAW.BE,1,1,0,0
ab7b2b45-460f-40c8-be3f-4fc5c468034b,TACTICAL V9 Instinct3 SOLAR Pixel Perfect,100,4.3,16,4.69,2026-01-05,Positioning|SensorHistory,9,Spidercrab,1,1,0,1
0e019a96-aeb3-4aaf-81ed-4c096b8aca2a,Solarise,100,4.4,14,0,2019-03-08,Positioning,33,AndyMacLabs,0,1,0,1
61401c6d-1ab7-42dc-ab71-45cf4fdd3c53,Solaris,100,4.4,14,2.49,2026-09-22,SensorHistory|UserProfile|ComplicationSubscriber,60,Timeless,1,0,0,1
74cf1415-5ed2-4a73-96b8-2eec73613b85,Dark Radiance,100,4.3,14,3.49,2026-08-28,SensorHistory|ComplicationSubscriber,48,SPWatch,1,0,0,0
3312e6f7-2183-47d3-a779-bf82813c2c3c,Cosmos,100,4.7,13,2.49,2026-09-11,Positioning|SensorHistory|UserProfile|ComplicationSubscriber,62,Atelier_Dev,1,1,0,0
bcfe532e-56ca-4f65-9b95-1d34cdc608c9,All-Day Astronaut,100,3.8,13,5.99,2026-08-14,UserProfile|ComplicationSubscriber,84,Garmin,0,0,0,0
e0a4d1c2-d311-4319-93d7-6f77f9cce380,"My Day 24 - Sun, Sleep & Heart Rate Dial",100,3.8,12,3.49,2026-09-08,Positioning|Background|SensorHistory|UserProfile|ComplicationSubscriber|Sensor,89,TomasSlavicek,0,1,0,1
b9b96eea-8847-4719-8c8d-112d3d96f8e6,Big Hour 4,100,4.8,12,0,2026-08-30,Positioning|Background|SensorHistory|UserProfile|Communications,115,GreenPoint,1,1,0,0
6997b062-3ffa-4430-9b92-48c1197ad47f,Moon Phase Pro,100,4.7,12,0,2026-09-23,Positioning|SensorHistory|UserProfile|ComplicationSubscriber|Notifications,65,pipin.co,1,1,0,0
ada4fbf3-9a8b-49f1-b086-466f4215c646,Spokes Worldtime,100,4.5,12,0,2026-09-07,UserProfile,82,Trudelta,0,0,0,0
58dc693e-cbf5-47cf-bd02-e17198912625,Just Run {Pro},100,4.4,12,2.69,2026-08-29,Background|SensorHistory|Communications|ComplicationSubscriber,61,Echelon,0,0,0,0
50d55ccb-0612-4962-b8eb-af00f889f5d0,Sun Moon Tracker,100,4.8,11,0,2026-05-08,Positioning|SensorHistory,6,EasyApps,1,1,0,1
71c7f6b8-8dd0-44c3-92cd-a27a9695d21c,Analog 24 Sun,100,3.6,11,0,2021-05-18,Positioning,22,endorheic,0,1,0,1
74ed9a3e-9cff-4a31-b515-10013d22a527,Eclipse,100,3.9,11,2.49,2026-08-25,SensorHistory|UserProfile|ComplicationSubscriber,57,Bortech,1,0,0,0
8e82b11d-13ec-4818-9641-75bc3255ea4e,Pixel Watch,100,3.5,11,2.49,2026-08-25,SensorHistory|UserProfile|ComplicationSubscriber,80,ECOWatch,1,0,0,0
27808af0-d380-4c2b-8053-6663d7b7e5c2,24-hour clock,100,4.1,11,3.49,2026-09-01,Positioning,61,Nadzeya,0,1,0,0
60dd8d49-7c5e-4e96-b832-4bc8c4a1b99c,Big Hour 1,100,4.3,11,0,2026-08-25,Positioning|Background|SensorHistory|UserProfile|Communications|ComplicationSubscriber,79,GreenPoint,1,1,0,0
b8053272-a12b-427b-bb62-ce4a7c011608,Animated squirrel,100,5.0,11,2.49,2026-08-27,Positioning|Background|SensorHistory|UserProfile|Communications,100,GreenPoint,1,1,1,0
7ce3c4c7-b6bc-4e7b-9686-a19c6615e20c,Battery Saver+,100,4.9,10,0,2024-01-25,UserProfile,1,Trudelta,0,0,0,0
c8921382-0531-42d9-9e90-3df449c9e9d9,Sun Lighthouse,100,4.8,10,0,2026-09-16,Positioning|Background|SensorHistory|UserProfile|Communications,91,GreenPoint,1,1,0,1
e971c494-3e39-46e5-90b6-52754db59269,Recovery Pro Dashboard,100,4.3,10,3.49,2026-08-27,SensorHistory|UserProfile,26,Motion200IQ,1,0,1,0
900e63b4-2fa6-4604-8000-3a161fb0b93c,Meridian,100,5.0,10,2.49,2026-09-10,SensorHistory,62,Atelier_Dev,1,0,0,0
a5e4a675-96de-418d-b377-1f85f997107c,Moon Analogue,100,4.5,10,5.99,2026-08-25,Positioning|SensorHistory|UserProfile,72,Multipassionate,1,0,0,0
7b87f7aa-4a37-4cca-beb1-0771e16fe25d,Arc Goals,100,4.9,10,0,2026-08-30,Positioning|Background|SensorHistory|UserProfile|Communications,115,GreenPoint,1,1,0,0
f11dc231-0443-4df8-86a6-81ff35c389b9,Goals ++,100,4.6,10,2.49,2026-08-30,Positioning|SensorHistory|UserProfile,93,GreenPoint,0,1,0,0
c12b374f-8c5d-452c-846b-72a7b8cc62fa,Circle gradient,100,4.3,9,0,2026-04-22,Positioning|SensorHistory|UserProfile|ComplicationSubscriber,14,Radek-Pol,0,0,0,0
00d6739d-e7ba-479b-bcd0-3ab8e7f0e7de,T.Rex Quad 2,100,3.5,8,0,2026-04-16,Positioning|SensorHistory|UserProfile,18,Trudelta,1,1,0,0
541422ee-6f55-41d4-a690-4da675388538,Minimal Black v17,100,3.5,8,2.49,2026-08-25,Positioning|SensorHistory|UserProfile|ComplicationSubscriber,79,Monkeys-Dream,1,1,0,1
542b5ea7-80ac-4ceb-8f21-a36f2e90a7c1,Big Hour 3,100,4.5,8,0,2026-09-20,Positioning|Background|SensorHistory|UserProfile|Communications,113,GreenPoint,1,1,0,0
d2ea0c08-3c28-41ad-8b05-702be8708141,Night Floral,100,5.0,8,0,2026-08-28,Background|SensorHistory|Communications,174,Awooche,0,0,0,0
5fa8b4a2-72df-42ee-b8e9-c72678424623,Synthwave Sunset,100,5.0,7,0,2026-08-24,Positioning,63,Discombobulatedai,0,1,0,1
129c21ce-61c3-4d95-8fd1-3677c5f123b8,Snoopy Sunset,100,5.0,7,0,2026-09-08,Positioning|Background|SensorHistory|UserProfile|Communications,91,GreenPoint,1,1,0,1
731ea461-d8a2-4298-91bd-2cffbaac8a8c,Ethereal Mango - Minimal Analog Watch Face,100,5.0,7,0,2026-08-25,Positioning,76,Dialcraft,0,1,0,0
ea1e1889-4d8c-4df8-b422-1503da297651,StatAni.PinkBlue_3.12.08_42,100,4.9,7,0,2023-12-08,Positioning|Background|SensorHistory|UserProfile|ComplicationSubscriber,13,mimi74,1,1,0,0
a8e08d3f-b998-493a-8f85-0bb5a6c1aba0,2 Circles,100,4.7,7,0,2026-08-25,,84,Schiefersoft,0,0,0,0
e7029435-890d-42ff-90fb-9cfef2f1ef78,Fitt Score {KPAY Edition},100,4.9,7,0,2026-08-28,Background|SensorHistory|Communications|ComplicationSubscriber,73,Echelon,0,0,0,0
b50f7fec-6584-49ea-b1af-16ea99d15142,Earn The Sunrise,100,4.8,6,0,2026-09-13,SensorHistory|ComplicationSubscriber,52,DanielGukovsky,0,1,0,1
2afffb16-6386-44f4-ad86-74a6b83bca08,Modern Retro Digital Watch Face,100,5.0,6,2.99,2026-09-23,Positioning|SensorHistory|UserProfile|ComplicationSubscriber,134,dkzv,0,1,0,0
fcc2c043-1c29-4d87-a800-7eef2441619a,Solar,100,4.7,6,0,2026-09-22,Background|Communications,113,GreenPoint,1,1,0,1
661d901c-d332-4df2-ba37-dd852da6dfa1,All In One,100,4.7,6,0,2024-12-13,SensorHistory,15,pr09ramm3r,0,0,0,0
e6310b12-65ab-4e9b-88cb-a740f4bf348c,StatAni.PinkBlue_3.12.08_51,100,4.3,6,0,2023-12-08,Positioning|Background|SensorHistory|UserProfile|ComplicationSubscriber,7,mimi74,1,1,0,0
4c8c49d4-1371-4a44-aec2-f52be7bef191,MERIDIAN,100,5.0,6,2.99,2026-09-09,SensorHistory|ComplicationSubscriber,59,SPWatch,0,0,0,0
3aecd2f7-5bcf-4974-87c9-722a22b7c27f,Sleepy Snoopy – Night Watch Face,100,5.0,6,0,2026-09-20,Positioning|Background|SensorHistory|UserProfile|Communications,91,GreenPoint,1,1,0,0
c4be8cfa-84ed-42a5-9c19-6625e20b3270,Renaissance,100,5.0,6,0,2026-08-31,Positioning|Background|SensorHistory|UserProfile|Communications,208,Trudelta,1,0,0,0
ccde70dc-f033-4d0e-ad54-8dd705570731,Daylight Nighttime split,100,3.8,5,0,2026-08-28,Positioning,68,TacticalSolstice,0,1,0,1
dfb89b31-1535-4b41-b02b-17e3d3871911,Dygn - 24-Hour Solar Dial,100,4.6,5,0,2026-09-11,Positioning|SensorHistory,151,klppl,0,1,0,1
b8478cc7-3341-4449-9776-2d0a12647e4b,Dayflow,100,4.2,5,0,2026-09-17,Positioning|SensorHistory|UserProfile|ComplicationSubscriber,81,exit_rat_race,1,1,0,1
08d7a021-6f68-4c68-aa35-74abff41fe58,T.Rex Quad 4,100,4.0,5,0,2026-09-10,Positioning|Background|SensorHistory|UserProfile|Communications|ComplicationSubscriber,110,Trudelta,1,1,0,0
7c3b4337-3823-4db9-99ce-2c6432a320e3,PWF Energy,100,4.2,5,0,2026-08-28,Positioning|Background|SensorHistory|Communications|ComplicationSubscriber,46,PWFGarmin,0,0,1,0
56d1a3d7-5359-45a0-8384-15c5202b4fa3,GARMIN RUN SERIES - MALTA,100,5.0,5,0,2026-08-25,,59,Garmin,0,0,0,0
03fd21b4-9276-4c80-88b6-cf9ff49d9474,iFacer – Son Goku RUN,100,2.6,5,3.49,2026-08-28,Positioning|SensorHistory|UserProfile|ComplicationSubscriber,43,iFacer,0,0,0,0
1439c395-5cf5-45f9-9703-c36302d0f553,Canadian Military Patch,100,3.0,5,0,2021-05-18,Background|Communications,98,20Collins,0,0,0,0
8daa1a51-ccda-4a42-b3f1-fad2666a96a1,Circle gradient,100,4.8,5,0,2026-04-22,Positioning|SensorHistory|UserProfile|ComplicationSubscriber,23,Radek-Pol,0,0,0,0
ae6242a1-b1a3-47be-8d72-9108372ad008,Analog 24-hour,100,4.6,5,0,2016-10-19,,31,Monkey_Phill,0,0,0,0
b6169074-88ff-43bd-9998-a8615c11f285,Samurai Dusk,100,5.0,5,0,2026-08-24,SensorHistory|ComplicationSubscriber,52,Mellazure,0,0,0,1
9494f125-4b3d-4316-8a1e-3ce7d46b1f5b,Sunset Layers,100,4.0,4,0,2026-09-24,Positioning|Background|SensorHistory|UserProfile|Communications,91,GreenPoint,1,1,0,1
3e3c713b-82c9-42f3-b645-c73c8289b570,Royal Sun,100,3.0,4,0,2026-08-28,Background|Communications,199,BulinaApps,0,0,0,1
5b83e07d-9e46-44a5-b86c-432eb9c90c4d,Alien Sun,100,5.0,4,0,2026-09-17,Background|SensorHistory|Communications,228,Dreamstrider,0,0,0,1
d4f8c641-cb89-4f28-b6dd-4ac938bd80b4,Sun & Moon Dragonfly,100,4.0,4,0,2026-08-28,Background|Communications,223,Dreamstrider,0,0,0,1
1ed72c68-ede1-4829-a8c4-73765489369a,Moonkey,100,5.0,4,0,2026-08-25,Positioning|ComplicationSubscriber,17,Moonkey,1,1,0,0
b707739f-a88d-46e8-8069-d2ad9d8cb13c,Broadarrow TACTIX Tactical SOLAR V3,100,4.3,4,4.69,2025-07-10,Positioning|SensorHistory|UserProfile|ComplicationSubscriber,9,Spidercrab,1,1,0,1
e3e3f879-8877-4135-8e28-1e7f377ff196,GARMIN RUN SERIES - BULGARIA,100,5.0,4,0,2026-09-21,,65,Garmin,0,0,0,0
149c17ac-62be-49f1-bb23-081fb2d49c03,CodeWheel,100,4.0,4,0,2026-09-08,Positioning|SensorHistory|UserProfile,85,Trudelta,1,1,0,0
bc087d28-88c9-434e-8c60-7bb15292b54b,Advance Team,100,5.0,4,0,2026-09-07,Positioning|Background|SensorHistory|UserProfile,173,Trudelta,1,1,0,0
4037cb91-61ed-4b55-a56d-915e8517373d,Life in Motion,100,5.0,4,0,2026-09-06,Positioning|Background|SensorHistory|UserProfile|Communications|Sensor,211,Trudelta,1,1,0,0
722a81bf-a0c5-4608-baff-467f7d22b60c,Circle gradient,100,4.0,4,0,2026-08-28,Positioning|SensorHistory|UserProfile|ComplicationSubscriber,17,Radek-Pol,0,0,0,0
143cd37d-d146-4e4c-a2c8-7bfd7b418cbe,24 Hour Watchface with Hour hand,100,5.0,4,0,2026-09-09,,52,Andy-Reagan,0,0,0,0
71f66af3-0cd4-4dab-9c99-a89fa2acf171,Big Hour I,100,4.3,4,0,2026-08-27,Positioning|Background|SensorHistory|UserProfile|Communications|ComplicationSubscriber,112,GreenPoint,1,1,0,0
1da13e9e-f4a3-44f4-a9fc-f35b826ef9f0,"Ming Time-明时光, all language",100,5.0,4,0,2017-04-17,,13,berglauf1234,0,1,0,0
89c0f913-9fea-43f3-94f2-0d05de5d48b7,Moon,100,4.8,4,0,2026-08-28,Background|SensorHistory|Communications,173,Awooche,0,0,0,0
d44153a5-1a57-411e-ac09-db5a3960ee98,Simple Watch Face with Battery,100,5.0,4,0,2021-08-13,,118,Folelse,0,0,0,0
fc12cc6a-a357-4fa2-a0f3-a35c3c097bf5,Battery Saver for MiP Fenix8/Enduro3,100,3.0,4,0,2026-08-28,,27,srkhn,0,0,0,0
f5c4781e-965d-454c-81cb-ccf2d9271d17,Sleeping Snoopy,100,5.0,4,0,2026-09-09,Positioning|Background|SensorHistory|UserProfile|Communications,91,GreenPoint,1,1,0,0
41c7242a-a04b-474f-a140-7f7a145580aa,Data Colors,100,5.0,4,0,2026-08-28,Positioning|SensorHistory|UserProfile,10,vivialux,1,0,1,0
e0007f37-4ad0-4eaf-93ad-c4103f5d6e58,Carbon Sport Analog,100,2.8,4,2.49,2026-08-25,SensorHistory|UserProfile,74,dvpdesign.pro,0,0,0,0
82ab4e77-9e99-46c2-9636-4200a4bf3a03,Celestial body,100,5.0,3,0,2026-08-28,Background|SensorHistory|Communications|ComplicationSubscriber,113,tatu_vic,1,0,0,0
18b13590-a414-4750-b86b-184385b2a54d,Battery Digital,100,3.3,3,2.49,2026-08-28,SensorHistory|ComplicationSubscriber,73,Monkeys-Dream,1,0,1,0
5dd34d5c-5ba6-4a32-82b3-85e45ad09daa,ORA BS (battery saver) - FREE,100,5.0,3,0,2026-08-26,Positioning|SensorHistory|ComplicationSubscriber,30,VFDStudio,0,1,0,0
3c9db1a4-4624-44e1-9c04-57812ed7762d,Daymark Sun Dial Lite,100,5.0,3,0,2026-09-20,Positioning|SensorHistory,207,tez_,0,1,0,1
1bf53f36-986a-4465-8ef5-4fecdea19b31,Sun Tracker,100,3.7,3,0,2026-09-24,Positioning|SensorHistory,149,Steepler,1,1,0,1
eea8015e-c5dd-4b76-ad85-b2b596a6c966,Nova Sun Legacy,100,5.0,3,0,2026-08-28,Positioning|SensorHistory|UserProfile|ComplicationSubscriber,60,Supjackjack,0,0,0,1
d29abd5e-2953-4b90-85bc-3e8ba20285f6,Analog Days (24-hours),100,2.7,3,0,2026-08-28,Positioning|Background|Communications,207,backface,0,1,0,1
b4a940f0-7eef-4e81-9cc6-01789f60de4e,Watch24 - 24 hour single hand analog watch,100,3.7,3,0,2023-11-02,Positioning|Background,51,Jozsef.Bodnar,0,1,0,1
aaba1692-672a-4510-b54f-ad01938f9ffe,Horizon - Living Sky Watch Face,100,5.0,3,0,2026-08-27,Positioning|SensorHistory|Notifications,187,Bonancio,0,1,0,1
d7b1d49c-5c30-4f83-82b2-ef5910c79b15,Lume,100,2.3,3,0,2026-09-17,Background|SensorHistory|UserProfile|Communications,185,kuboduby,1,1,0,0
1381cbca-94d8-498f-bc87-7e3ff68f531f,Arts Battery-Miser WatchFace For Solar Watches,100,4.3,3,0,2026-06-23,Positioning|UserProfile,17,ArtieMcFly,0,1,0,1
6d1ee022-4749-49fd-8932-4630fd20b9bc,Watchface with good readability ,100,4.7,3,0,2025-01-09,,1,TobiSoft,0,0,0,0
279c2963-d510-433b-b0d5-0fea3b1ba871,Maximum Plus,100,5.0,3,0,2026-09-04,,63,b8fly,0,0,0,0
a877c602-f7c1-46ea-8756-11140918c413,Day&Night-001,100,3.0,3,0,2026-08-25,Background|SensorHistory|UserProfile|Communications|Sensor,29,Krlos1869,1,1,0,1
1693acd4-2764-4ca3-b22b-5830dd8d9339,BIGGER: Bold & Elegant,100,5.0,3,0,2026-08-25,SensorHistory|UserProfile,38,JACalvo,1,0,0,0
d1246d4a-ea2f-4951-af39-139e7d5bedf3,StatAni.Honey_3.12.08_51,100,4.7,3,0,2023-12-08,Positioning|Background|SensorHistory|UserProfile|ComplicationSubscriber,7,mimi74,1,1,0,0
377c2373-89f4-4d58-8874-9f95901dd159,StatAni.Blue_3.12.08_42,100,5.0,3,0,2023-12-08,Positioning|Background|SensorHistory|UserProfile|ComplicationSubscriber,13,mimi74,1,1,0,0
d7729ff3-791f-4809-bed9-9012dbbf9c74,PhipsTactix,100,4.7,3,0,2026-08-27,Positioning|Background|SensorHistory|UserProfile|Communications|ComplicationSubscriber|Notifications,82,PhipsTactix,1,1,0,0
8460738e-377a-41f4-a6d0-c9808cfea450,StatAni.PinkBlue_3.12.08_47,100,5.0,3,0,2023-12-08,Positioning|Background|SensorHistory|UserProfile|ComplicationSubscriber,12,mimi74,1,1,0,0
de982246-e94c-4cd4-bbf9-8da32a6614d8,Balance3 – Tactical Health,100,4.7,3,0,2026-08-24,SensorHistory|UserProfile|ComplicationSubscriber,8,Fonrebert,1,0,1,0
5300e28b-820a-4c6e-b490-0dd2cb0cf97b,Circadia,100,4.7,3,0,2026-08-25,Positioning|SensorHistory|UserProfile,47,79north,0,1,0,0
b4b83f43-ac89-4005-a56e-c33b286db5f4,Bold Hour,100,5.0,3,0,2026-08-25,Positioning|SensorHistory,67,Odjezdy,1,1,0,0
07ecd037-b6f4-4cd9-bfca-6796232d3b16,Golden Love,100,3.3,3,0,2024-01-26,Background|Communications,167,Tiberiu,0,0,0,1
1704efe9-27af-4419-8f07-aeb505fccfac,Climbing Washington's Mountains,100,3.7,3,0,2026-08-25,SensorHistory,37,Climbing-WA-Mountains,0,1,0,0
2fe1b2c1-0859-4f4d-a3bd-e3e928f17bf7,Moon Phase Master,100,5.0,3,0,2026-09-22,Positioning|SensorHistory|UserProfile|ComplicationSubscriber|Notifications,60,pipin.co,1,1,0,0
f0a88425-8f44-467c-8e1d-41d143a20368,Simple Watch Face with Battery Level,100,3.7,3,0,2021-02-08,,3,Folelse,0,0,0,0
6b653a9e-46a9-4ccc-a390-50363e04a043,Simple Watch Face - Battery Level and HR,100,5.0,3,0,2021-08-13,,118,Folelse,0,0,0,0
c93f74ed-4608-48e2-bcf0-81fdf992ce86,Arc De Triomphe,100,4.7,3,0,2023-10-25,Positioning|Background|SensorHistory|UserProfile|Communications,156,backface,0,1,0,0
fda4c004-5686-4a45-b17f-ece95f0a00bf,Arc wf,100,5.0,3,0,2025-06-11,Positioning|SensorHistory|UserProfile|ComplicationSubscriber,16,Radek-Pol,0,0,0,0
f5612870-7c9b-4332-920f-6c17f83228e4,Arc wf,100,5.0,3,0,2026-08-28,Positioning|SensorHistory|UserProfile|ComplicationSubscriber,17,Radek-Pol,0,0,0,0
49394bf3-bd99-42e6-8308-b0b9c4a9edff,Sleep watch,100,5.0,3,0,2026-08-25,Positioning|SensorHistory|ComplicationSubscriber,17,ArrTEH,0,1,0,1
c3698a87-41cc-4d52-8022-d706c200dda4,Pokémon Sleep: Snorlax & Friends,100,4.7,3,0,2026-09-01,UserProfile|ComplicationSubscriber,6,GarminPokemon,1,0,0,0
caf9cc0c-c848-4921-920f-aed83a167137,Simple Analog,100,3.7,3,2.49,2026-09-25,Positioning|SensorHistory,184,PixelPaceStudios,0,0,0,0
5849fabe-880d-4b57-9c55-5c265e4e969e,iFacer – P001 – Medical Manifest,100,5.0,3,2.49,2026-08-28,Positioning|SensorHistory|UserProfile|ComplicationSubscriber,48,iFacer,1,0,0,0
e2bc6fbd-e91d-4323-9778-59a3f932ba8b,Dual Rhythm — Time & Body ,100,4.5,2,0,2026-08-24,SensorHistory,48,dshengr,1,0,0,0
c8f01f49-6cfe-4e82-a086-36550a3b846a,Nordic battery saver,100,5.0,2,0,2026-06-16,Positioning,14,Wallpapers,0,0,0,0
cd5a1fdb-be64-4469-83de-3003161969c5,TopoMap Battery Saver,100,4.0,2,0,2021-05-18,,56,neiman3,0,0,0,0
8af3ab4b-0a9b-43a6-b3e4-6f7260e0baa1,Bodybuilder,100,3.5,2,0,2023-11-15,Background|UserProfile|Communications,146,RiseUp,0,0,0,0
d270692e-236a-4cf6-a030-4cdd3f478f49,iFacer – P002 – Mind & Body Motion,100,5.0,2,2.49,2026-08-28,Positioning|SensorHistory|UserProfile|ComplicationSubscriber,48,iFacer,1,0,0,0
208b40da-5798-44b1-9c51-18e4665bf610,Sunrise,100,5.0,2,0,2026-08-25,Background|SensorHistory|Communications|ComplicationSubscriber,120,Awooche,1,1,0,1
1dd40acd-93bc-46b7-8757-13cc013627c7,Golden Sunrise – Zen Minimalist,100,5.0,2,0,2026-09-25,Positioning|Background|SensorHistory|UserProfile|Communications,91,GreenPoint,0,1,0,1
3cf6b04c-7c85-4300-8394-f9d71d2e51cb,Sunset Waves,100,2.5,2,0,2026-08-28,Background|Communications,180,dmdwch,0,1,0,1
6a40187c-b0c2-47ba-8c5a-88d24e10af05,Sun,100,5.0,2,0,2026-08-28,Background|SensorHistory|Communications,173,Awooche,0,0,0,1
f76b7bba-5091-4b22-9cf6-4b63f325a75f,Soul Sun,100,5.0,2,0,2026-08-25,Background|Communications,69,FreyasShop,0,0,0,1
0760bc8e-737d-4528-90d3-0ca8e6fd4064,Earthrise,100,5.0,2,0,2026-09-02,,62,chanty,0,1,0,0
d0ded73c-1e8f-4b92-97f8-a3fb0db12d9c,Sun ecliptic analog watchface,100,4.0,2,0,2025-04-12,Positioning,40,SverreW,0,1,0,1
94f9dd4d-c9ef-4dec-a21a-27469aef0512,Minimal Isometric Solar Power Plant,100,5.0,2,0,2026-08-24,SensorHistory,202,Minimal_Pixel,0,0,0,1
c53eeda8-00a2-4fae-83fd-f96c64557fda,Horizon,100,2.5,2,0,2026-09-09,Positioning|SensorHistory|UserProfile,86,Trudelta,1,1,0,1
c06b6a82-16a8-4c81-ab5b-f634ce08ed56,Burndown,100,5.0,2,0,2026-08-25,SensorHistory,218,CleartextLabs,1,0,1,0
fd2a6877-763c-452c-a888-059a733134dd,SHIFT01,100,5.0,2,0,2026-09-07,SensorHistory,26,FRSK,1,0,0,0
ba816809-7d8f-4811-8f1d-cb6cc607bcc2,Momentum,100,5.0,2,2.99,2026-08-24,SensorHistory|UserProfile,79,JR_Design,0,0,0,0
929486df-6029-4326-b358-e1ae42d133e1,GARMIN RUN SERIES - HUNGARY,100,5.0,2,0,2026-08-25,,62,Garmin,0,0,0,0
4fcb9e66-16fe-48c8-8386-ab6f0e4dea64,Royal Pop,100,5.0,2,0,2026-08-25,,46,Osukaru,0,0,0,0
413514d8-1907-4a1b-a2c7-d73de18795c2,StatAni.Blue_3.12.08_47,100,3.0,2,0,2023-12-08,Positioning|Background|SensorHistory|UserProfile|ComplicationSubscriber,12,mimi74,1,1,0,0
4d15f712-967a-46cb-a3a6-09bb2ed9040b,StatAni.Blue_3.12.08_51,100,4.5,2,0,2023-12-08,Positioning|Background|SensorHistory|UserProfile|ComplicationSubscriber,7,mimi74,1,1,0,0
027ebf3b-310e-43a8-ac8d-20a44d7bcaf5,Vortex,100,5.0,2,0,2026-09-03,Positioning|SensorHistory|UserProfile,66,Trudelta,1,1,0,0
2e4fc981-c9e1-4e69-b41d-5ff7ac9c13e0,Neonix,100,5.0,2,0,2026-09-12,Background|SensorHistory|Communications|ComplicationSubscriber,52,DanielGukovsky,0,0,0,0
7e44de96-d0e1-472f-9a1a-43ee696fdf88,Electric Lime,100,5.0,2,0,2026-09-12,Background|SensorHistory|Communications|ComplicationSubscriber,52,DanielGukovsky,0,0,0,0
1edf07a8-0a93-4a8d-af95-91996970cc55,MERIDIAN,100,5.0,2,0,2026-09-10,Positioning|SensorHistory|UserProfile|ComplicationSubscriber,85,Stopping,1,0,0,0
360d22f9-c0cd-401c-b688-d34223b81d7f,Meridian,100,5.0,2,0,2026-09-19,Positioning|Background|SensorHistory|UserProfile|Communications|ComplicationSubscriber,46,J-Dx,1,1,0,0
b4857edc-341e-439f-a4af-c3ff15096bc8,Meridian,100,5.0,2,0,2026-08-24,,31,SmartClock,0,0,0,0
ffca847f-461f-4e35-914a-1bf297e420f8,Circles,100,5.0,2,0,2026-08-25,Background|SensorHistory|Communications|ComplicationSubscriber,121,Awooche,1,0,0,0
2069a8c2-5343-4d3c-a92b-7bfabe18f486,Golden Hour,100,4.0,2,0,2026-08-28,Background|Communications,187,mtGeeks,0,0,0,1
9ff12cd1-1f5a-4cf7-af07-d0f5c70ce945,Summertime — Golden-Hour Beach Watch Face,100,3.0,2,0,2026-08-25,SensorHistory,80,Fennell,1,1,0,1
56277d9d-0c37-4848-958d-335da38aa299,Witching Hour,100,5.0,2,0,2026-08-28,Background|Communications,171,Dreamstrider,0,0,0,0
9f84906d-f3f1-473b-b744-7d57da0c17c2,Twilight Pumpkin,100,5.0,2,0,2026-08-28,Background|Communications,171,Dreamstrider,0,0,0,1
c19cfbfb-1cb0-4fb7-b93d-2c99a301e6b3,Twilight Pumpkin 2,100,5.0,2,0,2026-08-28,Background|Communications,171,Dreamstrider,0,0,0,1
f95168c2-99c8-4a53-a7ed-5b7110a74494,Ephemeris – 24h Sun & Moon Dial,100,4.0,2,0,2026-08-25,Positioning|ComplicationSubscriber,18,dimantonak,0,1,0,1
b1f1dc77-8100-481a-86cf-0ce33a2851d9,Moon,100,3.5,2,0,2026-08-28,Background|Communications,187,mtGeeks,0,0,0,0
cfa02264-fa64-473e-809b-688030e6f719,Imperial Night Sky,100,5.0,2,0,2026-09-09,Positioning|SensorHistory|UserProfile,66,Trudelta,1,1,0,0
3823960d-f37b-4ce4-bd34-292572ee2c91,Simple Watch Face - Battery Level and HR,100,5.0,2,0,2021-08-13,,118,Folelse,0,0,0,0
ecc89c8d-f407-4ef5-baff-de1d938a9eae,Level Up Anime Watch Face,100,5.0,2,0,2026-04-20,,12,LotusCollective,0,0,0,0
a9fcc07b-0394-4277-a7b9-71d1f08c41ed,Level-up Challenge watch face,100,5.0,2,0,2025-06-11,,58,tankgum,0,0,0,0
617ed1fa-d2c7-4ea3-92d9-6122ff4848b4,Arc,100,5.0,2,0,2021-10-15,Positioning|Background|SensorHistory|UserProfile|Communications|PushNotification|Sensor,32,JohnDuh,0,1,0,0
a7b7c0e8-784a-4600-8a44-02e354c0a333,Flower Arc,100,3.0,2,0,2026-09-25,Background|SensorHistory|Communications,170,Emer75x,0,0,0,0
9684feca-f2da-4b62-801b-1229daf4bfdd,Nova Sleep Tracker,100,5.0,2,0,2024-06-03,SensorHistory,7,Supjackjack,0,0,0,0
a80f79b8-7895-4563-a800-3ca5cb3f9e9c,Simple Sleep face for Instinct,100,5.0,2,0,2026-08-02,Positioning|SensorHistory,7,hieupv,1,1,0,0
7d9770e3-72f3-4a49-b4e8-f84b3ee4c84c,Sleeping Cat Books,100,5.0,2,0,2026-09-01,Positioning|Background|SensorHistory|UserProfile|Communications,91,GreenPoint,1,1,0,0
0f4672a5-8ff6-45e2-81eb-c05841818810,Neon Vitality Circuit,100,5.0,2,2.49,2026-09-09,SensorHistory|ComplicationSubscriber,187,nicovin,1,0,0,0
3f284a82-7e24-4b26-9cfb-343251daf88b,Data Watch Face,100,5.0,2,0,2022-04-04,SensorHistory|UserProfile,4,SecretTraining,1,0,0,0
47da310b-c572-4e10-9167-844299cb4ba3,Alfred Pepper D-Day C-47 Watch Face,100,3.5,2,0,2026-08-25,,52,Tockr,0,0,0,0
4b0b5f62-6584-456a-b317-3f648c414438,FREE Edition - Petal Progress Bloom Flower - uLux,100,3.0,2,0,2026-03-05,Positioning|SensorHistory|ComplicationSubscriber,5,u-Lux,1,0,0,0
e03b7dcc-19f9-4f61-ad07-cc8278da114a,Body builder gym,100,4.0,1,0,2024-06-12,Background|SensorHistory|Communications|Sensor,188,IoFace,0,0,0,0
037bdcfc-6f9b-47c8-a399-82911edef9cb,Painting Sunset Body Water,100,1.0,1,0,2024-08-09,Background|UserProfile|Communications,175,FaceStudio,0,1,0,1
d66bb1a3-9b19-40eb-afd9-ae00c4fd4ebd,A Body In Motion,100,5.0,1,0,2025-12-08,Positioning|SensorHistory|ComplicationSubscriber,16,abodyinmotion,0,0,0,0
286bc656-cf1e-48e1-a64a-0ddc9055f1fa,Linism: Social Battery & Mood,100,2.0,1,0,2026-08-24,Background|Communications,175,LinismDev,0,0,0,0
09e835b6-4228-40c3-82ec-e39256a74973,Mountain Sunrise,100,1.0,1,0,2024-06-05,Background|UserProfile|Communications,175,LXWATCH,0,1,0,1
cef12771-0020-45b7-8255-8f0aafd58213,Shanxing - Snow Peak - Altitude Sunrise Weather,100,5.0,1,0,2026-09-22,Positioning|ComplicationSubscriber,87,Even,0,1,0,1
b95e98b3-6859-4898-9084-7353140a5caf,Sunset,100,5.0,1,0,2026-08-28,Background|Communications,177,Tiberiu,0,1,0,1
d108d676-5941-49d9-8654-93a58eb1f8ec,Sunset,100,5.0,1,0,2026-08-28,Background|SensorHistory|Communications,174,Islandic,0,1,0,1
b2f75df9-ac48-44b9-a6cc-cf20bc8c37da,Sunset,100,1.0,1,0,2024-02-16,Background|UserProfile|Communications,173,LXWATCH,0,1,0,1
78bc7f7c-aea0-461f-a7a4-c9d160a5fa74,Sunset,100,2.0,1,0,2023-11-21,Background|Communications,167,ContempWF,0,1,0,1
0720664e-5558-4ac6-bc86-03b768b4ff64,Sunset,100,5.0,1,0,2023-11-15,Background|Communications,170,NowClockFaces,0,1,0,1
5684d21c-fd1c-4d41-aa5a-f7787f97edca,Sunset 3,100,5.0,1,0,2026-08-28,Background|SensorHistory|Communications,205,Dreamstrider,0,1,0,1
427705d3-0821-4072-a273-e92610c0e3c3,Sun Times,100,5.0,1,0,2023-10-21,Positioning|SensorHistory|UserProfile,82,acrossthekyle,0,0,0,1
e2daccf7-7257-45fb-a22c-1e94a1cd1dbf,Sea Sinking Sun,100,4.0,1,0,2026-08-28,Positioning|Background|SensorHistory|UserProfile|Communications,72,Wonderful,0,0,0,1
4448715b-8f1c-4ef0-8812-dce723343a0a,Sun and Moon,100,5.0,1,0,2024-02-04,Background|Communications,162,Dreamstrider,0,0,0,1
075a4d26-4f65-4ea4-b690-1a0383aea7c1,Sun Flower G,100,4.0,1,0,2023-11-14,Background|SensorHistory|Communications,131,TimeFace,0,0,0,1
d0dcf501-cb9c-45f8-bc32-188ac286f58b,Daylight & Night Dark,100,5.0,1,0,2019-03-23,,51,AlanSmithee,0,1,0,1
fa10909d-8e26-44a0-ae99-3391a53368a1,Analog Days,100,5.0,1,0,2026-08-28,Positioning|Background|Communications,207,backface,0,1,0,1
b9e8e139-f5fa-4f89-95a0-c6a83be8b25f,Cercles Solaires,100,2.0,1,0,2023-10-25,Positioning|Background|Communications,155,backface,0,1,0,1
720a738d-c3aa-40ea-acc4-106f01702357,Meridian: Retro Dual Time,100,5.0,1,0,2026-09-15,,5,WristObjects,0,1,0,0
48f12857-3e7a-4d6c-b9e0-3c7a7b43c6e3,Light and Light,100,4.0,1,0,2025-05-03,Positioning|SensorHistory|ComplicationSubscriber,25,MartianRock,0,1,0,1
b5fd2cbc-a03c-4a47-b424-616b6b21b744,Solar System,100,5.0,1,0,2026-08-25,Background|SensorHistory|Communications,223,Dreamstrider,0,0,0,1
38ed90eb-b01d-47e2-9596-5fac5b50d37e,Solar eclipse,100,5.0,1,0,2026-08-28,Background|SensorHistory|Communications|ComplicationSubscriber,106,Vigorous,1,0,0,1
e99821b6-a127-42fa-8099-6d5958f3b5dc,Fenix 7X Pro Solar,100,2.0,1,0,2026-01-02,SensorHistory|UserProfile|Notifications,1,NewWatchFaceGD,0,0,0,1
b82f8609-50a1-445f-9522-528678de066b,Solar system watch face,100,1.0,1,0,2019-03-08,,70,Kokobill,0,0,0,1
4335967f-1dce-4675-9e57-32e862ffcee3,GMT Orienteer,100,5.0,1,0,2026-09-08,Positioning|Background|SensorHistory|UserProfile|ComplicationSubscriber,203,Trudelta,1,1,0,0
274e8f99-34a8-48bc-82c4-5929b3597e17,Big Data Energy,100,5.0,1,0,2026-08-24,Positioning|Background|SensorHistory|Communications|ComplicationSubscriber,79,Alli.Cupello,0,0,1,0
10282452-6a0d-4fb5-9ba5-3122f7b3b5f7,Maximum ChronoChroma,100,5.0,1,0,2026-08-31,,32,b8fly,0,0,0,0
7fc7db3a-8f38-48eb-ad45-a82f5d729eec,GARMIN RUN SERIES - MOLDOVA,100,5.0,1,0,2026-08-25,,62,Garmin,0,0,0,0
b41c660f-79e9-4ff2-a692-ea5a0c0aee2a,Look at Instinct 2,100,5.0,1,0,2025-09-03,,2,Lernia,0,0,0,0
c37c794b-a90e-40a0-b5bf-51e6df2cbffb,MERIDIAN Pulse,100,3.0,1,0,2026-09-13,SensorHistory|UserProfile|ComplicationSubscriber,31,LifeDesignStudio,1,0,1,0
5165df42-0e42-46a6-8531-a042886d9a3a,StatAni.Honey_3.12.08_47,100,2.0,1,0,2023-12-08,Positioning|Background|SensorHistory|UserProfile|ComplicationSubscriber,12,mimi74,1,1,0,0
475fd951-b37c-4ade-8206-0875e150a1e2,MERIDIAN Grid,100,5.0,1,0,2026-08-24,SensorHistory|UserProfile|ComplicationSubscriber,28,LifeDesignStudio,1,1,1,0
b42cabad-a25e-486d-9afb-941bd11fd94b,Spectra Diver,100,4.0,1,0,2026-09-08,Positioning|SensorHistory|UserProfile,192,Trudelta,1,1,0,0
09dfb421-84ab-430f-bd95-b26ab20e3be3,Track Runner,100,5.0,1,0,2026-09-10,SensorHistory|ComplicationSubscriber,52,DanielGukovsky,0,1,0,1
36828a82-8acb-450e-86a5-3d7f6c0e90b2,Tactix-Fenix,100,3.0,1,0,2023-08-26,Positioning|SensorHistory|ComplicationSubscriber,2,CKFY,1,1,0,0
8763b117-9861-4e8f-a719-13cd9647fea5,ME/CFS data Watch Face ST,100,5.0,1,0,2026-04-04,SensorHistory|ComplicationSubscriber,22,Slow_Lane,1,0,1,0
428d40c2-3731-4c2d-8191-4049ad0c7a59,ME/CFS data Watch Face ST,100,5.0,1,0,2026-04-04,SensorHistory|ComplicationSubscriber,25,Slow_Lane,1,0,1,0
fb43edb6-7331-4a3a-900a-f930713638bb,Radiant Stripe,100,5.0,1,0,2024-01-26,Positioning|Background|SensorHistory|Communications,91,SunVenus,0,0,0,0
390646ba-db2b-4c98-87da-744738b3a040,Meridian,100,5.0,1,0,2026-08-24,,30,Adalis,0,0,0,0
a09f0c31-54b1-42cc-80e8-70e5ec8a8f28,Meridian,100,5.0,1,0,2026-09-21,ComplicationSubscriber,62,Oyvind,1,1,0,0
b15c73a5-10de-451e-bf8a-b752502c0984,aicircle,100,5.0,1,0,2026-08-25,SensorHistory|ComplicationSubscriber|Notifications,45,thasri,0,0,0,0
c6f3bb79-d2ac-4c8e-8d18-561452b54c27,Meridian,100,5.0,1,0,2026-08-25,Background|SensorHistory|UserProfile|Communications,157,Saraswatches,0,0,0,0
7b7577bb-d3a6-43b1-b554-87b07a67b313,Blue Hour,100,1.0,1,0,2023-10-25,Background|Communications,151,SimplyVio,0,0,0,0
add93fc5-d8d8-4a44-8405-07c8001a1f06,Dreamy Golden,100,1.0,1,0,2026-08-25,Background|Communications,185,paiusil,0,0,0,1
8b89e6f6-63e9-409c-a586-0d062291a1e7,Golden Veins,100,5.0,1,0,2026-08-28,Background|Communications,187,mtGeeks,0,0,0,1
e9b0d223-ec83-49c2-9062-b0b245c999a4,Golden Waterfall,100,5.0,1,0,2026-09-26,Background|SensorHistory|Communications,228,Dreamstrider,0,0,0,1
0319aeef-54c8-48b2-960b-0f9f52161f21,Twilight Sprint,100,5.0,1,0,2026-08-25,Positioning|Background|SensorHistory|UserProfile|Communications,79,Madeline,0,0,0,1
2862df26-21fb-43bc-beb9-675ddab05c94,Winter Glow,100,4.0,1,0,2026-08-28,Positioning|Background|SensorHistory|UserProfile|Communications,71,Warm,1,1,0,0
f2c2eb1f-0de0-41f9-8d0b-238aef27f152,Pulse - 3 Themes. One Pulse.,100,5.0,1,0,2026-09-02,,55,Johannes.Jacob,0,1,0,0
2bf24689-0274-4e4b-8e2c-1cf8099673e3,Orbits SEM (Sun/Earth/Moon) V2,100,5.0,1,0,2026-08-30,Positioning|Background|SensorHistory|UserProfile|Communications,211,Trudelta,1,1,0,1
842d9af8-19bf-408c-9019-8b27c89cb67c,Moon,100,5.0,1,0,2026-08-24,,73,Lambogreen,0,0,0,0
91cdd226-a1ee-4be0-bb4e-a02a26d73c21,Moon,100,5.0,1,0,2026-08-28,Background|SensorHistory|Communications|ComplicationSubscriber,113,Islandic,1,0,0,0
2c33766c-e258-40ae-a5c5-a1375a713adb,Night Mission,100,5.0,1,0,2025-08-13,Positioning|Background|SensorHistory|UserProfile|Communications|Sensor,82,Trudelta,0,1,0,0
1b518357-e295-438e-9b6f-ce61908b60a2,Panda Day,100,1.0,1,0,2026-08-25,Positioning|Background|SensorHistory|UserProfile|Communications,79,Madeline,0,0,0,0
78e8dc78-72c3-40b5-973f-e3354f0dc84c,Stress stats,100,5.0,1,0,2026-08-28,Background|SensorHistory|Communications|Sensor,193,Melentina,0,0,0,0
9146c880-edb2-4698-a25a-b5f65e677040,Stress PulseOx,100,5.0,1,0,2026-08-25,Background|SensorHistory|Communications|Sensor,193,TimeFace,1,0,0,0
f4c9279c-fa9b-45ed-b738-1dff04e0b80d,Stress Face,100,5.0,1,0,2022-09-19,SensorHistory,8,BTWebb,0,0,0,0
c7e825f1-b9b6-4568-94fc-3e72bd64f404,Simple Watch Face with Battery Level,100,2.0,1,0,2021-02-08,,3,Folelse,0,0,0,0
fc216e18-b0aa-46aa-a153-0f910022872c,Simple Watch Face - Battery Level and HR,100,5.0,1,0,2021-02-06,,3,Folelse,0,0,0,0
f906fc83-a52f-4885-bae7-8cbaab1d372d,Simple Watch Face - Battery Level and HR,100,5.0,1,0,2021-02-06,,3,Folelse,0,0,0,0
d531ce04-9693-4a42-9f25-828ec5cce410,Simple Watch Face with Battery,100,5.0,1,0,2021-08-13,,118,Folelse,0,0,0,0
6ce4e034-81c3-40f5-8606-37b466be1280,Simple Watch Face with Battery,100,5.0,1,0,2021-08-13,,118,Folelse,0,0,0,0
94e9b846-2c5e-43a2-baf3-3624b41a94d3,Align – Minimal Digital – Clear Battery & Health,100,5.0,1,0,2026-09-25,Positioning|Background|UserProfile|Communications|Notifications,155,VidaCreations,0,1,0,0
2bbd6030-5095-44be-b4b9-01cce968ead8,"Circles Colors (Date,Time,Weather,Rain,Battery)",100,3.0,1,0,2024-08-21,Positioning|SensorHistory,12,NeekokeeN,1,0,0,0
15df3034-b56c-4559-a80c-8d4705cef950,Plain Power - Minimal Battery Watch Face,100,5.0,1,0,2026-06-12,,76,RiversideArt,0,0,0,0
29f8e18b-22d3-4a44-93b9-79cd48b798f2,Simple Arc,100,5.0,1,0,2026-09-15,ComplicationSubscriber,68,JHGWearables,1,1,0,0
1abe9251-7f63-47a9-8a20-45c243473e41,Cosmic Arc,100,5.0,1,0,2026-08-28,Positioning|Background|SensorHistory|UserProfile|Communications,74,Warm,0,0,0,0
20ce3680-2f2e-40ae-a25c-3137d826afa7,Floral Dusk,100,5.0,1,0,2026-08-28,Positioning|Background|SensorHistory|UserProfile|Communications,74,Vista,0,0,0,1
7726210a-4a55-44ee-bdd7-5b1adc3d9060,Sleep Cute Cat,100,5.0,1,0,2024-05-14,Background|UserProfile|Communications,175,SpecialClock,0,0,0,0
81f731cd-67ea-4cf6-8eff-84bb440acdca,FoxWatch - Sleeping Fox,100,5.0,1,0,2021-03-16,SensorHistory,8,casiosv,0,0,0,0
124bfe1f-5fdc-4308-b3c3-5df4b27ac63d,Stone Stealth - Wheelchair,100,5.0,1,0,2025-10-27,Positioning|SensorHistory|UserProfile,7,Trudelta,1,1,0,0
a0860739-159d-41cc-ac0c-2f840428ca95,Gym,100,1.0,1,0,2023-11-19,Background|SensorHistory|Communications,144,TimeFace,0,0,0,0
e1c5dd96-7a7d-4460-bc45-0a0f7f69d4d1,Body simple,100,0,0,0,2026-08-28,Background|SensorHistory|Communications|Sensor,176,Melentina,0,0,0,0
f3f30b91-095b-4b8f-bb2d-a91dbc808d1a,Body goals,100,0,0,0,2026-08-28,Background|SensorHistory|Communications|Sensor,176,Melentina,0,0,0,0
9ea9e8e9-2126-44ee-830a-519a98adf7fb,Sunrise,100,0,0,0,2026-08-28,Background|SensorHistory|UserProfile|Ant|Communications|PushNotification|Sensor,197,LXTHEMES,0,1,0,1
7dc0c5b7-8fcb-472f-b0d0-e09e262ed937,Sunrise,100,0,0,0,2026-08-28,Positioning|Background|SensorHistory|UserProfile|Communications,72,cczz,0,1,0,1
009d82e3-4503-4747-ae1c-5b1d0dd7757e,Sunrise Valley,100,0,0,0,2026-08-27,Positioning|Background|SensorHistory|UserProfile|Communications,74,Vista,1,1,0,1
b1874623-a94c-49f7-acc1-aeef7f5e6599,Sunrise Summer,100,0,0,0,2026-08-28,Background|Communications,180,dmdwch,0,1,0,1
e295cbb4-e335-48e7-a303-7a86a1f9e5bf,Sunrise Coffee,100,0,0,0,2026-08-28,Background|Communications,180,dmdwch,0,1,0,1
2939ea57-a989-45a2-87d6-e912ae176da6,Morning Sunrise,100,0,0,0,2026-08-28,Background|SensorHistory|UserProfile|Ant|Communications|PushNotification|Sensor,195,DianaClock,0,1,0,1
5ab6c721-f03a-4706-9a3f-a21e41e9d1ed,Sunrise Sea,100,0,0,0,2026-08-28,Background|Communications,180,dmdwch,0,1,0,1
ba03eded-fd9f-4a71-9984-95e2adf9ce25,Sunrise Reflection,100,0,0,0,2026-08-28,Background|SensorHistory|UserProfile|Ant|Communications|PushNotification|Sensor,195,LXWATCH,0,1,0,1
fdc1240b-2863-43f9-9bcf-11523942f9b7,Lake Sunrise,100,0,0,0,2026-08-28,Background|UserProfile|Communications,183,SmartwatchWF,0,1,0,1
e45a3c1c-298e-42e4-81a0-af75a83dd443,Sunrise August,100,0,0,0,2024-08-09,Background|UserProfile|Communications,175,LuxuryClock,0,1,0,1
99c8544a-21c2-4e5d-a1c1-41741ca7f265,Beach Sunrise,100,0,0,0,2024-08-09,Background|UserProfile|Communications,175,SmartwatchWF,0,1,0,1
aeda2044-bf7b-49b8-afa2-a2b48b0308fa,Island Sunrise,100,0,0,0,2026-05-14,Positioning|Background|SensorHistory|Communications|ComplicationSubscriber,196,TimeRefine,0,1,0,1
26345e04-647a-49c9-ba97-6ab27329dc69,Sunrise Ocean,100,0,0,0,2024-05-26,Background|SensorHistory|Communications,144,Vigorous,0,1,0,1
8591658d-fa8b-4687-8c72-dbdfaccc9034,Sunrise Road,100,0,0,0,2023-11-15,Background|SensorHistory|Communications,148,Awooche,0,1,0,1
f791f6dc-a6b9-4b94-9a9f-8c5d9c1f10e9,Sunrise Lake Side,100,0,0,0,2026-08-28,Background|SensorHistory|UserProfile|Ant|Communications|PushNotification|Sensor,195,Design_Clock,0,1,0,1
3dbb640e-d43a-41ab-91eb-4c9c98ac6dd5,Sunrise and Sunset,100,0,0,0,2026-08-28,Background|SensorHistory|UserProfile|Ant|Communications|PushNotification|Sensor,192,LXTHEMES,0,1,0,1
d48712ca-69e0-49f9-a1a2-7916955c4710,Sunrise Sunset Photos,100,0,0,0,2026-08-28,Background|UserProfile|Communications,184,AmazingClockFaces,0,1,0,1
ef6e51e7-e326-48fa-9b38-af220470972b,Sunrise In Space,100,0,0,0,2026-08-28,Background|SensorHistory|Communications,173,Awooche,0,1,0,1
b3145799-4767-442d-b659-ba08f7aaf03b,Sunset,100,0,0,0,2026-08-28,Positioning|Background|SensorHistory|UserProfile|Communications,71,SunVenus,0,1,0,1
0dbf17c3-441f-4c53-a0b6-36fa658cb04b,Sunset,100,0,0,0,2023-11-15,Background|SensorHistory|Communications,147,Islandic,0,1,0,1
2cd4f933-4cbe-4ff0-a30c-d849eaec801b,Sunset,100,0,0,0,2026-08-28,Background|SensorHistory|Communications,172,Emer75x,0,1,0,1
eb7275bc-c52b-462e-a66f-45c42e32aa9c,Botanical Sunset,100,0,0,0,2026-09-16,,19,too_camille,0,1,0,1
d6e6d079-8966-495d-8c2e-bb8a80e66add,Summer Sunset,100,0,0,0,2026-08-25,Background|Communications,186,mtGeeks,0,1,0,1
46e93adc-e3ee-425e-8736-4abf1d22cf19,Winter Sunset,100,0,0,0,2026-08-27,Positioning|Background|SensorHistory|Communications|Sensor,87,GreenPoint,1,1,0,1
858a5cfa-f78f-4f2e-b829-800cddbcf67b,Sunset Serenity,100,0,0,0,2026-08-25,Background|SensorHistory|UserProfile|Ant|Communications|PushNotification|Sensor,200,ClassicFaces,0,1,0,1
03d5533e-11f1-462b-b71c-eeda53926bd7,Neon Sunset,100,0,0,0,2026-08-28,Positioning|Background|SensorHistory|UserProfile|Communications,74,Vista,0,1,0,1
94f06deb-16ed-40e0-89e9-b2b048b0fc13,Sunset Blooms,100,0,0,0,2026-08-28,Positioning|Background|SensorHistory|UserProfile|Communications,74,Vista,0,1,0,1
27557f4c-384f-4a81-a8b7-9ee2de563cad,Ocean Sunset,100,0,0,0,2026-08-28,Positioning|Background|SensorHistory|UserProfile|Communications,73,Vista,0,1,0,1
d2c9ba94-71f5-4ae6-867c-86ccb352fac4,Mountain Sunset,100,0,0,0,2026-08-28,Positioning|Background|SensorHistory|UserProfile|Communications,73,Vista,0,1,0,1
f20ea47d-887c-493a-bb4b-d26744190aac,Sunset Day,100,0,0,0,2026-08-28,Background|SensorHistory|UserProfile|Ant|Communications|PushNotification|Sensor,200,ClaraWatch,0,1,0,1
914221a8-ec3a-4c78-9b7a-d0865820a038,Sunset Beach,100,0,0,0,2026-08-28,Positioning|Background|SensorHistory|UserProfile|Communications,74,Vista,0,1,0,1
4982f2cd-ac52-41a2-a1bf-5ca9dd4d71a1,Mountain Sunset,100,0,0,0,2026-08-28,Positioning|Background|SensorHistory|UserProfile|Communications,74,Vista,0,1,0,1
adf975c9-88c5-4c42-af63-7dd04424cc06,Sunset Biker,100,0,0,0,2026-08-28,Positioning|Background|SensorHistory|UserProfile|Communications,74,Vista,0,1,0,1
631c39d3-b61e-45ca-a938-a9885f83147b,Sunset Road,100,0,0,0,2026-08-28,Background|Communications,180,dmdwch,0,1,0,1
63c865d4-7f01-4946-9aff-6594fbd38b56,SUN,100,0,0,0,2023-10-25,Background|UserProfile|Communications,137,RiseUp,0,0,0,1
743a7435-0881-4f5a-842f-0b56620cffca,Japanes Sun,100,0,0,0,2026-08-25,Background|Communications,185,Tiberiu,0,0,0,1
5a3aa0f7-225d-409f-9541-dbeb9e33d6ca,Sun Ridge,100,0,0,0,2026-08-28,Positioning|Background|SensorHistory|UserProfile|Communications,70,cczz,1,1,0,1
20de74bd-3774-4ee9-b312-d3114e28202b,Sun Waves,100,0,0,0,2026-08-28,Background|Communications,192,FreyasShop,0,0,0,1
22a5fbaa-48b6-4709-b7f0-8e574dffd5fe,Rising Sun,100,0,0,0,2024-08-09,Positioning|Background|SensorHistory|UserProfile|Communications,62,Warm,0,0,0,1
88a1e16b-cfee-4972-b321-6fb22bcef8fe,Sun eclipse,100,0,0,0,2024-07-18,Background|SensorHistory|Communications|Sensor,188,IoFace,0,0,0,1
dd0d57ea-2c40-4cb5-9640-18e9a2f76798,Sun Clouds,100,0,0,0,2024-08-09,Background|UserProfile|Communications,175,FaceStudio,0,0,0,1
6650d471-6a96-49cc-89ae-5130807a41eb,Sun runner,100,0,0,0,2024-06-14,Background|SensorHistory|Communications|Sensor,188,TimeFace,0,0,0,1
5b90f146-8307-44c1-b67e-9fbece1c03a3,sun downer,100,0,0,0,2026-08-28,Positioning|Background|Communications,207,backface,0,1,0,1
ba3307ea-ccec-4897-9369-2652818c1f47,Sun flower,100,0,0,0,2024-05-20,Background|SensorHistory|Communications|Sensor,188,TimeFace,0,0,0,1
4c619f64-038d-4ead-b2b4-52aff7a1d1ae,Magical Sun,100,0,0,0,2024-05-03,Background|SensorHistory|Communications|Sensor,188,TimeFace,0,0,0,1
8c045a2b-1d14-4383-a1ec-ed3f3723839b,Desert Sun,100,0,0,0,2024-05-03,Positioning|Background|SensorHistory|UserProfile|Communications,93,SunVenus,0,0,0,1
bbc533f7-90ed-48b3-b4b9-6859a74c69f5,Sun Burst,100,0,0,0,2023-11-15,Background|Communications,170,NowClockFaces,0,0,0,1
641701a2-f586-48f6-b892-d7c524e04bb8,Sun Clouds Sky,100,0,0,0,2024-07-12,Background|UserProfile|Communications,175,Magic-Clock,0,0,0,1
5b2d4039-506d-4e12-9396-82b578a445a8,Morning Sun Light,100,0,0,0,2024-08-09,Background|UserProfile|Communications,175,LuxuryClock,0,0,0,1
b2ab9d51-6bc4-4b2d-9c78-9cffb48b9c85,Sun-kissed Spring,100,0,0,0,2024-02-14,Background|UserProfile|Communications,173,SpecialFaces,0,0,0,1
c98fe39d-15c3-4d43-8d7c-f5210f9a6d3a,Daylight & Night Dark v2.5,100,0,0,0,2019-03-27,,51,AlanSmithee,0,1,0,1
4c3acd2c-ff91-4bfe-8d97-b390ea08e0ba,Daylight & Night Dark v2,100,0,0,0,2019-03-23,,51,AlanSmithee,0,1,0,1
9e607a64-ba97-4414-8f8d-7d26b810fc04,Dual Worldtimer TRIAL - Swiss made since 1961,100,0,0,0,2026-08-24,Positioning|Background|SensorHistory|Communications,17,Design_Lichtenberger,0,1,0,0
824398da-0d7e-488d-bd1a-2773da3d43e1,Classic Worldtimer TRIAL Swiss made since 1961,100,0,0,0,2026-08-28,Positioning|Background|SensorHistory|Communications|ComplicationSubscriber,12,Design_Lichtenberger,0,1,0,0
17f921ee-0fab-4166-b252-ea8c5abc7353,Time Zone DST,100,0,0,0,2025-07-14,Positioning|SensorHistory,16,Rescueranger242,0,1,0,1
49f7113a-7428-4fb8-9f8b-5dbde50aa945,Tactical ,100,0,0,0,2026-07-23,Positioning,1,Tactical-Watchface,0,1,0,1
0218edb6-d9b9-4c74-956b-4a471e9b50c6,SuperClean Mini,100,0,0,0,2026-08-25,,30,Jnzify,0,1,0,0
fd91abed-017b-427b-bfc9-d5e536368c98,SolaR,100,0,0,0,2026-08-28,Background|Communications,159,RiseUp,0,0,0,1
67c9932d-afbc-4c30-ad82-ccc0cb87a39c,Solar,100,0,0,0,2023-10-12,Background|UserProfile|Communications,117,LuxuryThemes,0,0,0,1
bcb16e1b-4446-40d7-8f2c-5d8c8089f2b0,Solar indicators,100,0,0,0,2026-08-28,Background|SensorHistory|Communications|Sensor,176,IoFace,1,1,1,1
ac598e1f-5eec-478a-91d1-3e3f676c60c7,Solar goals,100,0,0,0,2026-08-28,Background|SensorHistory|Communications|Sensor,176,IoFace,1,1,1,1
80c2fcc3-c5c3-4a8c-bcac-740d0f0661f8,Solar amoled large,100,0,0,0,2026-08-28,Background|SensorHistory|Communications|Sensor,176,IoFace,1,1,1,1
b941be4f-af9c-4398-81e7-ba4c1b6c3ae3,Total Solar Eclipse,100,0,0,0,2026-08-28,Background|SensorHistory|Communications|ComplicationSubscriber,122,Vigorous,1,0,0,1
f5d72e19-4fc1-42ca-9b98-4bb24954f3d6,Solari,100,0,0,0,2026-08-25,Background|Communications,69,GoodMood,0,0,0,1
4dd77157-7c4a-4e6f-9dfe-eb3d4b2a45a8,Energy,100,0,0,0,2026-08-28,Background|SensorHistory|Communications|Sensor,176,TimeFace,1,0,1,0
5ced4da1-36bd-403a-aeb1-5e892d699872,Green energy,100,0,0,0,2026-08-25,Background|SensorHistory|Communications|Sensor,192,Melentina,0,0,1,0
93ec67f4-82e9-4f2e-8338-b6c34d163691,Celestial Energy,100,0,0,0,2026-08-28,Background|SensorHistory|UserProfile|Ant|Communications|PushNotification|Sensor,192,SmartwatchWF,0,0,1,0
9a3dddc2-c6aa-46cd-980f-eadfb3d9066c,Energy Pulse,100,0,0,0,2024-08-23,Positioning|Background|SensorHistory|UserProfile|Communications,61,Wonderful,0,0,1,0
55d8466d-724f-4033-885c-e74c2856145f,Nike Energy,100,0,0,0,2023-11-15,Background|UserProfile|Communications,146,DmClockFaces,0,0,1,0
39fbd5cc-e680-40de-b6c9-05575e8026f7,WD Glucose Energy,100,0,0,0,2026-09-08,Positioning|ComplicationSubscriber,86,Nimrod100,0,0,1,0
7c7e4ff6-5b74-42be-adac-a04a29424827,Sport Energy (AOD),100,0,0,0,2023-11-15,Background|Communications,170,NowClockFaces,0,0,1,0
83c3aa21-d0cf-420f-ad88-ec8a2a111f33,Amiga Sea Pro Lume (Style Energy 01),100,0,0,3.49,2026-09-08,Positioning|Background|SensorHistory|UserProfile|Communications|ComplicationSubscriber,65,LuxeLion,1,0,1,0
f28124d1-0982-4594-b2a7-715d794507a7,Ring,100,0,0,0,2026-08-12,Positioning|SensorHistory|Notifications,1,Linjc,0,0,0,0
4092bf66-3708-481d-a273-84ad915945d3,Look at Instinct 1,100,0,0,0,2025-09-03,,2,Lernia,0,0,0,0
3cd1805e-6530-436c-945f-7b26cd9e5029,Atlas Rhythm,100,0,0,0,2026-09-26,SensorHistory|UserProfile|ComplicationSubscriber,43,AtlasOne,1,0,0,0
ff992337-880f-43c4-a0bb-e1e2474c5693,Day&Night-002,100,0,0,0,2026-08-25,Background|SensorHistory|UserProfile|Communications|Sensor,58,Krlos1869,1,1,0,1
40757f1f-ee0f-498c-b905-28eeca733d7e,Day&Night-004,100,0,0,0,2026-08-25,Background|SensorHistory|UserProfile|Communications|Sensor,58,Krlos1869,1,1,0,1
10d0d72d-9c34-4b93-abaa-67edd1a4f4e2,PUMP.core — Free Adaptive BioGraph Watch Face,100,0,0,0,2026-06-23,SensorHistory,7,Fyro-Studio,0,0,0,0
db5b7bcd-f912-4833-b1e0-b9905e71c589,Phips for my Wife,100,0,0,0,2026-08-25,Positioning|Background|SensorHistory|UserProfile|Communications|ComplicationSubscriber|Notifications,58,PhipsTactix,1,1,0,0
b7476c15-b831-4cb7-a7b8-9040d8e2e636,DigiFace03,100,0,0,0,2024-03-15,Positioning|SensorHistory|UserProfile,5,yasunari,1,1,0,0
446ef95b-9030-4740-9eeb-2d5564c02dbf,Kinetic Sakura,100,0,0,0,2026-08-28,Positioning|SensorHistory|UserProfile,59,Trudelta,1,1,0,0
6d49e060-7211-4d26-8857-d7ff6cbc0521,Valentino,100,0,0,0,2026-08-25,Positioning|Background|SensorHistory|UserProfile|Communications,60,Trudelta,1,1,0,0
3118b35b-092a-421e-8e13-13ae9d128b71,Bluebird,100,0,0,0,2026-08-25,Positioning|Background|SensorHistory|UserProfile|Communications,60,Trudelta,1,1,0,0
7821d688-d318-471a-8f22-075148965272,Swansong Chrono,100,0,0,0,2026-08-28,Positioning|SensorHistory|UserProfile,191,Trudelta,1,1,0,0
66be611e-4c11-4465-a913-b5e5838946cd,Astro Chrono,100,0,0,0,2026-09-05,Positioning|Background|SensorHistory|UserProfile|Communications,172,Trudelta,1,1,0,0
741969bb-9da8-44fd-92f1-3240974c9c2f,ME/CFS data Watch Face IM,100,0,0,0,2026-04-02,SensorHistory|ComplicationSubscriber,22,Slow_Lane,1,0,1,0
3d4fc4d0-bfc3-43f6-8efa-4ad7227d2860,Meridian (Free 48H Trial),100,0,0,0,2026-09-10,SensorHistory,62,Atelier_Dev,1,0,0,0
b0086e88-02d2-485f-874e-62375c54c176,Radiant Circle,100,0,0,0,2024-08-15,Positioning|Background|SensorHistory|UserProfile|Communications,61,SunVenus,0,0,0,0
b9f9c352-4b6d-47c9-86a9-4cf2675e0d67,Radiant Summit,100,0,0,0,2026-08-28,Positioning|Background|SensorHistory|UserProfile|Communications,70,Wonderful,0,0,0,0
630cc1c4-43fc-4715-905d-59470485f724,Green Radiance,100,0,0,0,2023-11-15,Background|Communications,168,BulinaApps,0,0,0,0
ed9e25ed-1afc-4566-bc10-a8d06dcaaeb5,Radiant Peak,100,0,0,0,2024-05-14,Positioning|Background|SensorHistory|UserProfile|Communications,93,cczz,0,0,0,0
d2447150-e0b3-4d25-a88e-22401e45f6ad,Radiant Revival,100,0,0,0,2024-02-14,Background|UserProfile|Communications,173,DmClockFaces,0,0,0,0
88b3e29f-a33b-401d-803a-0eda2923a92b,Radiant Ribbon,100,0,0,0,2023-12-25,Positioning|Background|SensorHistory|Communications,91,Warm,0,0,0,0
bb554b57-dc5c-4c37-93ee-13f871ff7bec,Façade,100,0,0,0,2024-02-26,Positioning|SensorHistory|UserProfile,1,Garmin,0,0,0,0
c2111101-7692-4b64-bf3c-47e29c61964e,Obsidian Dial,100,0,0,0,2026-08-27,Positioning|Background|SensorHistory|UserProfile|Communications,79,AXIS,1,0,0,0
68c0c6e9-ea50-4e39-86b8-caf19fe910f3,M5 - Meridian,100,0,0,0,2026-08-25,SensorHistory|UserProfile|ComplicationSubscriber|Notifications,83,Mat990,0,0,0,0
0b229a88-c0af-4ed0-99ee-57f8765b6e41,Golden Hour,100,0,0,0,2026-08-25,Positioning|Background|SensorHistory|UserProfile|Communications,79,Madeline,0,0,0,1
29af1888-e7da-4de9-b644-ce81edbed070,Golden Cup Hybrid,100,0,0,0,2026-08-25,,165,AuroraMinimal,0,1,0,1
e14c6d6f-f999-4975-a3da-5cc82e3ad92b,Giant Hour,100,0,0,0,2026-09-06,,48,ByteWay,0,0,0,0
f1fba032-9831-4679-912e-e80122d14d1b,Floral Hour,100,0,0,0,2026-08-24,Positioning|Background|SensorHistory|UserProfile|Communications,78,Douglas341,0,0,0,0
74942a61-9b94-4895-b711-8964a6537e4f,Bloom Hour,100,0,0,0,2026-08-27,Positioning|Background|SensorHistory|UserProfile|Communications,79,Vista,1,0,0,0
46bc2508-3917-4feb-9fa6-25c0bd2909a0,Wave Hour,100,0,0,0,2026-08-27,Positioning|Background|SensorHistory|UserProfile|Communications,79,Vista,1,0,0,0
7e8709a6-6e91-4679-8856-0f590b7bdbaa,Peak Hour,100,0,0,0,2026-08-27,Positioning|Background|SensorHistory|UserProfile|Communications,79,Vista,1,0,0,0
aa211a26-eede-4a10-a13b-297740b4a6e9,Sunlit Hour,100,0,0,0,2026-08-27,Positioning|Background|SensorHistory|UserProfile|Communications,79,Vista,1,0,0,1
146681f8-1aa6-438f-914c-bae9f29cb01c,Golden,100,0,0,0,2023-10-11,Background|UserProfile|Communications,132,RiseUp,0,0,0,1
2ba5d078-7109-4ad7-a350-1d1e0c213405,Autumn — Golden-Hour Fall Foliage Watch Face,100,0,0,0,2026-08-25,SensorHistory,80,Fennell,1,1,0,1
e45ba18e-41fa-4b66-9fa0-75d5d47ce244,Golden,100,0,0,0,2023-11-15,Background|SensorHistory|Communications,148,Awooche,0,0,0,1
18df4c10-08a5-4345-b48d-67336a36dec3,Dusk Peak Hour,100,0,0,0,2026-08-27,Positioning|Background|SensorHistory|UserProfile|Communications,79,Vista,1,0,0,1
7508008a-35c5-4ab4-bcc9-81a2da52190a,Golden Glitters,100,0,0,0,2026-08-25,Background|Communications,185,Tiberiu,0,0,0,1
82c1533d-99ea-4750-8c62-fc7fa26d42a9,Golden Pink,100,0,0,0,2026-08-25,Background|Communications,185,gditus,0,0,0,1
10333cdd-3e0b-4782-88e5-7c925398caa0,Golden Flowers,100,0,0,0,2026-08-25,Background|Communications,185,paiusil,0,0,0,1
55e1645a-3243-4933-9a0b-c55c3db8dacb,Golden Waves,100,0,0,0,2023-11-23,Background|Communications,163,Tiberiu,0,0,0,1
94204c5c-abb7-4bd8-9c5e-89146d6abc3f,Golden Sparkle,100,0,0,0,2026-08-27,Background|Communications,185,mtGeeks,0,0,0,1
879dd391-7dc9-4483-bb10-a1d03fdb36af,Golden Art,100,0,0,0,2023-11-15,Background|SensorHistory|Communications,148,Awooche,0,0,0,1
09b3ed74-2c4e-4fea-afde-fb9837b1db05,Golden Butterfly,100,0,0,0,2023-11-15,Background|Communications,163,Dreamstrider,0,0,0,1
89526b26-7572-4e20-a2eb-a8e036d7d7b9,Golden Mandala,100,0,0,0,2024-03-01,Background|UserProfile|Communications,173,LXWATCH,0,0,0,1
bc51bd59-c9d4-44e5-b1a8-85d85e69e744,Twilight Surf,100,0,0,0,2026-08-27,Positioning|Background|SensorHistory|UserProfile|Communications,79,Vista,1,0,0,1
a8ebd677-d7f5-4d8e-8a00-89957e2c397c,Galactic Twilight,100,0,0,0,2024-08-09,Positioning|Background|SensorHistory|UserProfile|Communications,62,Warm,0,0,0,1
f3611cd3-205a-4310-903f-6c4c75f493fd,Twilight Bloom,100,0,0,0,2026-08-28,Background|SensorHistory|UserProfile|Ant|Communications|PushNotification|Sensor,192,LuxuryClock,0,0,0,1
0560d3ca-fa78-4513-b32c-ad1bfee25ccd,Twilight Span,100,0,0,0,2026-08-28,Positioning|Background|SensorHistory|UserProfile|Communications,74,cczz,1,0,0,1
900613ec-80c9-4391-b56a-d757b6574efd,Twilight Mountain,100,0,0,0,2026-08-28,Positioning|Background|SensorHistory|UserProfile|Communications,70,SunVenus,0,0,0,1
cf7225a8-f417-42d7-8d8f-f098ce32ec2f,Twilight Cat,100,0,0,0,2024-03-15,Positioning|Background|SensorHistory|UserProfile|Communications,93,cczz,0,0,0,1
b50e4ee8-c295-436a-861e-271eff749ed3,Twilight Sky,100,0,0,0,2023-11-14,Positioning|SensorHistory|ComplicationSubscriber,13,TwilightSky,0,0,0,1
fb13cfed-7452-49fd-9494-10178b40626b,Twilight Gold,100,0,0,0,2026-08-28,Background|Communications,192,BlueApps,0,0,0,1
923545fb-2354-497b-b90a-a7a6d8d8cbe4,Mountains Twilight Iceland,100,0,0,0,2024-07-11,Background|UserProfile|Communications,175,SmartwatchWF,0,0,0,1
82ae3650-04b1-4ccb-9284-7e3802933349,Autumn Path at Twilight,100,0,0,0,2026-08-28,Background|UserProfile|Communications,183,SmartwatchWF,0,0,0,1
146f1651-ea47-4573-8ab4-f49de4e91606,暮色序章Twilight,100,0,0,0,2026-08-25,Positioning|Background|SensorHistory|Communications,224,flowmelody,0,0,0,1
cbfddc2a-c21a-4fb4-b249-8d289819bf46,Moonlit Yoga,100,0,0,0,2024-05-17,Positioning|Background|SensorHistory|UserProfile|Communications,93,cczz,0,1,0,0
ea61c9ad-7f34-46c8-a886-6ede4d54f4a7,Sun & Moon Phase Chronograph 100_DR_OWM,100,0,0,0,2024-04-15,Positioning|Background|SensorHistory|Communications,12,Dumindra,0,0,0,1
afc2aca2-13aa-4c32-bb45-471929270099,Moon,100,0,0,0,2026-09-24,Background|SensorHistory|Communications,170,Emer75x,0,0,0,0
8556869a-8b9d-4ecb-b43e-37d74603b6dd,Full Moon,100,0,0,0,2026-08-25,Background|SensorHistory|UserProfile|Ant|Communications|PushNotification|Sensor,199,BestWatchFit,0,1,0,0
37b2b8f3-fd12-406c-a42b-ade3fba479aa,Night Patrol,100,0,0,0,2026-09-21,SensorHistory,9,Nadzeya,0,0,0,0
7f118220-3863-41ad-bb6d-8ad2b06c8388,Day & Night Sliding Map NEW,100,0,0,0,2021-02-24,,16,DeveloperBen,0,0,0,0
f89728f3-8a0e-4f7a-b5f6-872e8fc069aa,Night,100,0,0,0,2026-08-28,Positioning|Background|SensorHistory|UserProfile|Communications,72,Wonderful,0,0,0,0
850a90e4-61e2-4509-b4a3-cfd55dcd6f44,Night,100,0,0,0,2023-10-12,Background|UserProfile|Communications,117,PhoeniXX,0,0,0,0
aa297b2f-1b24-4ec0-b76f-6f1e92a14adf,Seaside Day,100,0,0,0,2026-08-25,Positioning|Background|SensorHistory|UserProfile|Communications,79,Madeline,0,0,0,0
bfadada0-2cd2-4266-9e0f-8340d7de1e82,Autumn Day,100,0,0,0,2026-08-25,Background|SensorHistory|UserProfile|Ant|Communications|PushNotification|Sensor,197,ClassicFaces,0,1,0,0
d02f8fe6-a353-4656-89d3-9cd2a3ce9406,Nightforest,100,0,0,0,2023-11-15,Background|Communications,172,xtendvision,0,0,0,0
d50885a2-08a9-46d8-9cf1-b09f80c5ae7d,Campfire Night,100,0,0,0,2026-08-25,Positioning|Background|SensorHistory|UserProfile|Communications,79,Vista,1,0,0,0
4d7c9ac7-cfb0-4cf5-962c-6738aecd659d,Starry Night,100,0,0,0,2026-08-28,Background|Communications,180,dmdwch,0,0,0,0
69b2f7f3-a404-475d-a3b9-4ea9b5363bb9,Night Sailor,100,0,0,0,2026-08-28,Background|Communications,180,dmdwch,0,0,0,0
b724aecd-9925-4708-8532-83804d70a02f,Freezing Night,100,0,0,0,2026-08-28,Background|Communications,175,dmdwch,0,0,0,0
a9d91874-055f-48ef-9a57-a83d38531efe,Night Moon,100,0,0,0,2026-08-28,Background|SensorHistory|UserProfile|Ant|Communications|PushNotification|Sensor,195,LXTHEMES,0,0,0,0
6b97cf03-a6eb-45f9-9be3-f9b7c9dfb8da,Stress levels,100,0,0,0,2026-08-28,Background|SensorHistory|Communications|Sensor,193,Melentina,0,0,0,0
cc862019-8c41-45a9-b9c6-5dd950f06e3a,Simple Watch Face with Battery Level,100,0,0,0,2021-02-06,,3,Folelse,0,0,0,0
0e95688a-00ff-4fa3-9258-1d2e594e0cb8,Simple Watch Face - Battery Level and HR,100,0,0,0,2021-02-06,,3,Folelse,0,0,0,0
327ded50-8447-4185-a4b7-b7dca01c61f6,Arc,100,0,0,0,2024-08-05,Background|SensorHistory|Communications,98,tatu_vic,0,0,0,0
f5d8b46e-c90a-47de-a762-077db9c27eb1,Green Arc,100,0,0,0,2026-08-25,Positioning|Background|SensorHistory|UserProfile|Communications,79,Madeline,0,0,0,0
8aa4758b-65b4-466f-869b-64b0c7767641,Dolphin Arc,100,0,0,0,2026-08-28,Positioning|Background|SensorHistory|UserProfile|Communications,71,Wonderful,0,0,0,0
2550bacb-5f68-4a25-a139-1d358f577c6d,Rocket Arc,100,0,0,0,2026-08-28,Positioning|Background|SensorHistory|UserProfile|Communications,73,Vista,0,0,0,0
9128f429-ca52-437c-b938-1534da800d55,Dawn & Dusk - Free,100,0,0,0,2026-09-10,Positioning|SensorHistory|Notifications,1,Linjc,0,1,0,1
a8009958-8bf5-4318-8551-a04086ee4d21,Dusk Flight,100,0,0,0,2026-08-25,Positioning|Background|SensorHistory|UserProfile|Communications,79,Vista,1,0,0,1
69b9188e-dbc0-4a80-bb07-b5ccfc930824,Dusk Wings,100,0,0,0,2026-08-25,Positioning|Background|SensorHistory|UserProfile|Communications,79,Vista,1,0,0,1
78759989-08f7-4e05-9173-b89e8da2becf,Dusk Jog,100,0,0,0,2026-08-28,Positioning|Background|SensorHistory|UserProfile|Communications,74,Vista,0,0,0,1
f75783a6-3937-4eb7-85e3-b407d2d63354,Dusk Express,100,0,0,0,2026-08-25,Positioning|Background|SensorHistory|UserProfile|Communications,79,Madeline,0,0,0,1
d3e911c8-d29e-4327-8f7e-3d77aeba1770,Surfing Dusk,100,0,0,0,2026-08-28,Positioning|Background|SensorHistory|UserProfile|Communications,71,AeroZen,0,0,0,1
321198ff-09c9-4599-8524-558232cd2a29,Autumn Dusk,100,0,0,0,2026-08-28,Positioning|Background|SensorHistory|UserProfile|Communications,74,Wonderful,0,0,0,1
5d4f8052-cd4d-4463-9e66-1d8423b59380,Sailing Dusk,100,0,0,0,2024-04-18,Positioning|Background|SensorHistory|UserProfile|Communications,93,cczz,0,0,0,1
00b0c545-c52c-45d2-b31a-afb22ff60e10,Summit Dusk,100,0,0,0,2024-03-11,Positioning|Background|SensorHistory|UserProfile|Communications,93,cczz,0,0,0,1
11d0c4e5-f037-4173-b525-73268e529d47,Island Dusk,100,0,0,0,2024-03-04,Positioning|Background|SensorHistory|UserProfile|Communications,93,SunVenus,0,0,0,1
9d877e3c-1afc-4ad6-8fd7-491be0626d58,Purple Dawn,100,0,0,0,2026-08-24,Positioning|Background|SensorHistory|UserProfile|Communications,82,Amber,0,0,0,1
2f650da0-8a6b-4945-800f-115f5e753b19,Dawn Tide,100,0,0,0,2026-08-25,Positioning|Background|SensorHistory|UserProfile|Communications,79,Vista,1,0,0,1
f2da05a4-60fe-472f-a27d-8b1feaa45074,Crimson Dawn,100,0,0,0,2026-08-27,Positioning|Background|SensorHistory|UserProfile|Communications,74,Vista,1,0,0,1
755f1a78-fdea-492a-9e10-6689a0466d07,Dawn Ridge,100,0,0,0,2026-08-27,Positioning|Background|SensorHistory|UserProfile|Communications,74,Vista,1,0,0,1
778b2d5b-5e65-4b1e-aa50-3208bb0e6a6e,Dawn Peak,100,0,0,0,2026-08-28,Positioning|Background|SensorHistory|UserProfile|Communications,74,Vista,0,0,0,1
bc384bcf-7d05-431e-ad4a-d50a1e9e4003,Dawn Peak,100,0,0,0,2026-08-28,Positioning|Background|SensorHistory|UserProfile|Communications,74,Vista,0,0,0,1
93e4d961-c590-470e-8cc8-aa35a190b298,Mountain Dawn,100,0,0,0,2026-08-25,Positioning|Background|SensorHistory|UserProfile|Communications,78,Xue520,1,0,0,1
b6cd6c73-0670-48b7-936e-500a52f8eafe,Deep sleep,100,0,0,0,2026-08-24,Background|SensorHistory|UserProfile|Communications|ComplicationSubscriber|Sensor,191,TimeFace,0,1,0,0
35e0ee69-63a9-47d1-8d84-54b87534dc71,Pink Sleep,100,0,0,0,2026-08-24,Background|SensorHistory|UserProfile|Communications|ComplicationSubscriber|Sensor,97,TimeFace,0,1,0,0
532f11f9-e657-495f-8958-43f65e44ff94,Summer Sleep,100,0,0,0,2026-08-28,Background|Communications,175,dmdwch,0,0,0,0
989187cb-edc3-4d8c-a0e9-ebb11a640fc7,Sleep Bubu,100,0,0,0,2026-08-28,Background|UserProfile|Communications,186,AmazingClockFaces,0,0,0,0
93085405-b414-4fc9-9701-1ffc4e103498,Winter sleep,100,0,0,0,2026-08-28,Background|SensorHistory|Communications|Sensor,168,IoFace,0,0,0,0
cf15a2d7-e084-4ee8-ac54-5bdaae0f8b25,Minion Stuart (goes to sleep at night),100,0,0,0,2024-08-21,Positioning|SensorHistory,12,NeekokeeN,0,0,0,0
e5ec2ba3-7201-47bb-bcd6-f8081ebaf475,Sleeping,100,0,0,0,2023-11-15,Background|UserProfile|Communications,146,RiseUp,0,0,0,0
ab613875-572b-4014-b965-caafafa0e1e7,Sleeps till Christmas,100,0,0,0,2023-11-15,Background|Communications,170,NowClockFaces,0,0,0,0
59c8ba15-d8a3-4dd6-8374-f617efc7c3e4,Sleepy Kitty,100,0,0,0,2026-08-25,Positioning|Background|SensorHistory|UserProfile|Communications,82,Maisie,0,0,0,0
98e069e0-a32a-4fbe-90bd-ce017d6ba6ba,sleepy dog,100,0,0,0,2026-08-25,Positioning|Background|SensorHistory|UserProfile|Communications,79,Tong90,0,0,0,0
7c993ea9-e8c7-4dcf-9457-bfced8d74f32,Sleepy Cat,100,0,0,0,2026-08-28,Positioning|Background|SensorHistory|UserProfile|Communications,71,Warm,0,0,0,0
ff557c69-e643-4fdc-96f6-c09ae7f6cefb,Sleeping Rabbit,100,0,0,0,2026-08-25,Positioning|Background|SensorHistory|UserProfile|Communications,79,Madeline,0,0,0,0
c6d46841-0cf2-4ab4-ae2e-873c0086f9ef,Sleeping Cat,100,0,0,0,2026-08-28,Positioning|Background|SensorHistory|UserProfile|Communications,78,Madeline,0,0,0,0
e476c993-57b2-42b8-affa-0bb249de9343,Cat Sleeping Wall Night Sky,100,0,0,0,2026-08-25,Background|Communications,175,BestWatchFit,0,1,0,0
d8d27407-bf39-4ffc-b683-9c057dad6eb3,Aurora Borealis,100,0,0,0,2023-11-15,Background|SensorHistory|Communications,146,TimeFace,0,0,0,0
eda761d8-02d6-4326-9bb0-cdc6e8f18e9f,Mini Mental with Trial,100,0,0,0,2026-08-28,Positioning|Background|SensorHistory|Communications,171,PixelPaceStudios,0,0,0,0
0ed55192-afad-4192-971a-a9a88e929677,Rugged Pro Battery Saver,10,5.0,7,2.49,2026-08-27,UserProfile,40,Motion200IQ,1,0,0,0
a86b56f5-731f-481f-a6f1-bd3a7948d71f,Solar System,10,4.3,6,0,2026-09-24,Positioning|SensorHistory|UserProfile|ComplicationSubscriber,56,skylab,0,0,0,1
4816d7aa-03fc-4e87-8067-4b4d1455a495,Coastal Tree Sunrise,10,5.0,5,0,2026-08-25,Positioning|Background|SensorHistory|Communications|Sensor,87,GreenPoint,1,1,0,1
36e4923d-6c44-4cf3-bdbf-4bfa10ac0e6e,Red Sun Silence,10,4.8,5,0,2026-08-25,Positioning|Background|SensorHistory|UserProfile|Communications,86,GreenPoint,1,1,0,1
8c82942c-d574-4a74-a867-849a497fc149,Sunpath,10,5.0,5,2.49,2026-09-26,Positioning|SensorHistory|UserProfile,164,cfcwatches,1,1,0,1
3fc63155-0dc2-4904-b94d-e961210628fa,Natural Earth - Solar World Face,10,5.0,5,3.49,2026-08-25,Positioning|SensorHistory|UserProfile|ComplicationSubscriber,48,RootDev,1,1,0,1
a19610d5-8458-416b-a167-b29ca1253629,Recovery & Readiness,10,5.0,5,0,2026-08-24,SensorHistory|UserProfile,110,Edel,0,0,1,0
dd92901b-84b4-4f66-8a4c-d0e958fc13ca,Golden Tree,10,5.0,5,0,2026-08-25,Positioning|Background|SensorHistory|Communications,86,GreenPoint,1,1,0,1
5b7ef277-b832-4d49-a2a5-0ba5155e8319,Augment X,10,5.0,5,0,2026-08-25,Positioning|Background|SensorHistory|Communications,85,Edel,1,0,0,0
477746dc-eda8-47a0-b563-eac6eaf11b67,PitchBlack - stylish AMOLED battery saving face,10,5.0,4,2.49,2026-08-25,SensorHistory,187,Rampo,1,0,0,0
fec21c5d-8aca-4ff4-b38e-e9c8505a0aee,Clean Hour,10,5.0,4,0,2026-09-07,Positioning|Background|SensorHistory|UserProfile|Communications,115,GreenPoint,1,1,0,0
472bfa13-35a4-4364-9685-ee34a55a9079,Big Hour 6,10,5.0,4,0,2026-09-20,Positioning|Background|SensorHistory|UserProfile|Communications,113,GreenPoint,1,0,0,0
7f9ce564-c0e0-467d-8242-3cb5e2644086,Arc Goals,10,5.0,4,0,2026-08-25,Positioning|Background|SensorHistory|Communications,77,Edel,1,0,0,0
179ccd2a-7ec5-4c86-a952-4af9abc283b8,Cockpit II - with trial,10,5.0,4,0,2026-09-24,Positioning|Background|SensorHistory|UserProfile|Communications|ComplicationSubscriber,104,VAW.BE,1,1,0,0
92480ecf-a9b3-4077-894b-879ed395d971,Gradient {Pro},10,4.8,4,2.69,2026-08-29,Background|SensorHistory|Communications|ComplicationSubscriber,61,Echelon,1,1,0,0
eba56174-23e9-4fd5-8d11-7a46d328a29d,Body Battery Stack,10,5.0,3,0,2026-09-01,Background|SensorHistory|UserProfile|Communications|ComplicationSubscriber,57,Islandic,1,0,1,0
89a4999a-5e8f-4ddb-805e-0707f2933470,Solar Engine Pro,10,5.0,3,4.69,2026-08-25,SensorHistory,58,Sagitta,0,0,0,1
47215f2c-4885-4f58-8c1f-90e494952eb7,Solar System,10,5.0,3,0,2026-09-09,Positioning|Background|SensorHistory|UserProfile|Communications,91,GreenPoint,1,1,0,1
503f6b1b-ffa5-49a8-a20b-ba832f4bc16c,Flat Earth - Solar World Face,10,5.0,3,3.49,2026-08-25,Positioning|SensorHistory|UserProfile|ComplicationSubscriber,48,RootDev,1,1,0,1
cae27c27-b33b-492f-bd30-0b149293762e,Amiga Sea Pro Lume (Style Energy 30),10,2.3,3,3.49,2026-09-08,Positioning|Background|SensorHistory|UserProfile|Communications|ComplicationSubscriber,65,LuxeLion,1,0,1,0
43bc450e-3498-46be-bdfa-6bf1f1909771,Mountain Runner,10,5.0,3,0,2026-09-12,Background|SensorHistory|Communications|ComplicationSubscriber,52,DanielGukovsky,0,0,0,0
ce3d199f-c198-4b83-8e25-84c2820aa0d7,Night Walker,10,5.0,3,5.99,2026-09-20,UserProfile|ComplicationSubscriber,57,HelmutSteiner,1,0,0,0
2fa37a7e-80f9-4f04-a8b7-740258baaae3,Data ARC,10,4.0,3,2.99,2026-08-25,Positioning|Background|SensorHistory|UserProfile|Communications|ComplicationSubscriber|Notifications,76,Bache,1,0,0,0
50580a80-194c-4de4-b031-20398ed9195a,Daily Moon,10,4.3,3,3.99,2026-08-25,Background|SensorHistory|Communications|ComplicationSubscriber,58,Echelon,1,1,0,0
80933f0b-7d47-481d-96c1-62f5926b139f,Fitt Score {Pro},10,5.0,3,2.49,2026-08-29,Background|SensorHistory|Communications|ComplicationSubscriber,81,Echelon,0,0,0,0
e2c618cb-82ab-4f67-956e-2f63d558151b,RE51 - Minimal Digital - Battery Friendly ,10,5.0,2,2.99,2026-08-28,ComplicationSubscriber,50,RECREATIVE,0,0,0,0
b84e56bb-dd80-4666-bfbe-8b1324175661,Sunset Palm,10,4.5,2,0,2026-08-25,Positioning|Background|SensorHistory|UserProfile|Communications|ComplicationSubscriber,86,GreenPoint,1,1,0,1
0d39fc29-45b0-454c-87d9-ae6402535a67,Sunset Mountain,10,5.0,2,0,2026-09-21,Positioning|Background|SensorHistory|UserProfile|Communications,91,GreenPoint,1,1,0,1
e9251966-febc-4ba5-a52c-7a05b8124fad,Tropical Peacock Sun,10,4.5,2,0,2026-08-25,Positioning|Background|SensorHistory|UserProfile|Communications|ComplicationSubscriber,86,GreenPoint,1,1,0,1
0bf1aee4-2052-4fc8-998d-07be609d3a7b,Red Sun Minimal,10,4.5,2,0,2026-08-25,Positioning|Background|SensorHistory|Communications,86,GreenPoint,1,1,0,1
279f1c04-c037-463c-8fe9-a1be833ba44f,Solar Nexus,10,5.0,2,0,2026-08-25,Positioning|Background|SensorHistory|Communications,86,GreenPoint,1,1,0,1
1a427677-8fb8-41f2-bc17-6c732c07622f,Planetarium - Solar System,10,5.0,2,2.49,2026-08-25,SensorHistory,28,Capias,0,0,0,1
5acd277c-3d48-4e20-9858-824b48fe1174,Tankface,10,5.0,2,0,2026-09-06,SensorHistory|ComplicationSubscriber,1,TankFace,1,0,1,0
a1b1960a-3ed3-44a8-adb8-d171aacf54ae,Radiance,10,5.0,2,3.49,2026-08-25,Positioning|Background|SensorHistory|UserProfile|Communications|ComplicationSubscriber,39,pstoppani,0,0,0,0
5bbeb6af-f6d6-48b0-becd-b41e4be955bb,Circuit,10,5.0,2,0,2026-09-07,Positioning|Background|SensorHistory|UserProfile|Communications|ComplicationSubscriber,86,guanzige,0,0,0,0
b2e97cfe-3147-4fe8-b037-39d633afebd9,Circles,10,5.0,2,0,2026-08-28,Background|SensorHistory|Communications|ComplicationSubscriber,120,Echelon,1,0,0,0
70b240da-d0eb-4947-a2aa-1cd534ac6463,Big Hour 5,10,4.0,2,0,2026-09-20,Positioning|Background|SensorHistory|UserProfile|Communications,113,GreenPoint,1,1,0,0
355a4c38-bfa9-480f-813f-0147905b1bf6,Piju Walk – Urban Lifestyle : Day & Night,10,5.0,2,0,2026-08-24,,31,SaffronClub,0,0,0,0
fe72f4ef-83f7-49b1-b405-2659ce8b52f0,Dynamic Horizons – Day/Night Landscape Watch Face,10,4.5,2,3.49,2026-08-26,,83,BonsaiMetafor,0,1,0,1
6d0d2357-ec63-411d-a5da-7ba652697db1,Arc Goals 1,10,5.0,2,0,2026-09-07,Positioning|Background|SensorHistory|UserProfile|Communications,115,GreenPoint,1,1,0,0
11609b41-d52b-4b6c-baab-17a4c9fe1efc,Childhood Anime Series | Stress Buddy | 12-Scene W,10,5.0,2,0,2026-09-19,SensorHistory|UserProfile|ComplicationSubscriber,63,Sunday,0,0,0,0
5c1ea90a-02a3-4196-9f3e-b059ca6ae60c,Dynamic Cat 2,10,4.5,2,0,2026-09-07,Positioning|Background|SensorHistory|UserProfile|Communications,103,GreenPoint,1,1,1,0
3e2eb30f-1a55-4651-973d-fb369284dcca,Inner Weather,10,5.0,2,0,2026-08-25,Positioning|Background|SensorHistory|Communications,92,Edel,1,0,0,0
dc30e4db-f2d7-4468-8cba-be0601dff7e1,Dynamic Cat,10,5.0,2,0,2026-09-06,Positioning|Background|SensorHistory|UserProfile|Communications,103,GreenPoint,1,1,1,0
370eede3-f110-4164-98f5-5724f6e369d5,VITAL Pulse,10,3.0,2,2.99,2026-09-20,SensorHistory|UserProfile,85,Bandalo,1,0,1,0
368fed25-caa3-4d21-b478-4c6939008717,Body Battery Light,10,5.0,1,0,2026-09-17,SensorHistory,114,MarioZ,1,0,1,1
ffd29ec2-2387-45a1-8fd1-50c6c54ee2fc,Body Battery Week,10,5.0,1,0,2026-09-17,SensorHistory,114,MarioZ,1,0,1,0
235da2fb-dd5a-4f25-9a38-32e3ab04def0,Battery Mood Face,10,5.0,1,0,2026-08-24,Positioning|Background|SensorHistory|UserProfile|Communications,110,Edel,0,0,0,0
e88ed532-5d86-448e-bf66-5266eae55db5,Vernier – Regulator Analog Battery Days,10,5.0,1,2.49,2026-08-24,,58,RetroElegance,0,0,0,0
b90ccdc1-506a-47cd-9d17-faa171de3c51,Pastel Sunrise Hills,10,4.0,1,0,2026-09-12,Positioning|Background|SensorHistory|UserProfile|Communications,91,GreenPoint,1,1,0,1
c536421f-2c8e-4312-9b07-6e791d877e07,Soft Coast Sunrise,10,5.0,1,0,2026-09-23,Positioning|Background|SensorHistory|UserProfile|Communications,91,GreenPoint,1,1,0,1
1a7ee430-c3fa-4c99-90c3-f85c161df3fc,Real Horizon Sunrise & Sunset,10,5.0,1,0,2026-08-30,Positioning,82,Edel,0,1,0,1
3aeb3c63-6d60-4c3a-93bd-affc871a082f,Sky - Sunrise Sunset Watch Face,10,5.0,1,0,2026-09-23,Background|Communications,71,MarioZ,0,1,0,1
bd378747-8cc7-47ad-8b87-a29281d5b819,Sunset Summit,10,1.0,1,0,2026-08-25,Positioning|Background|SensorHistory|UserProfile|Communications,78,Xue520,1,1,0,1
b8783298-cb06-458c-8325-a81af1a6786e,Sunset Lighthouse,10,5.0,1,0,2026-09-09,Positioning|Background|SensorHistory|UserProfile|Communications,91,GreenPoint,1,1,0,1
0237b3b8-c1bb-4df7-8b0c-5f488ee54ed6,Sunset Steps,10,3.0,1,0,2026-09-16,Background|SensorHistory|Communications|ComplicationSubscriber,118,Islandic,1,1,0,1
72792ce3-9325-4df7-805d-26f70316d53a,Palm Sunset,10,1.0,1,0,2026-08-28,Positioning|Background|SensorHistory|UserProfile|Communications,73,Vista,0,1,0,1
cdd01be4-c9c3-405f-8307-727886c604e0,Sun Fox,10,4.0,1,0,2026-08-28,Positioning|Background|SensorHistory|UserProfile|Communications,72,Wonderful,0,0,0,1
5aa64a73-2deb-4814-9b5f-a37723dfb84f,Sun & Moon WatchFace,10,5.0,1,0,2026-08-16,Positioning,3,RodrigoSC,0,0,0,1
14271c08-d626-4c31-ae40-3c923b3093a2,SUN&MOON Multiwatchface,10,5.0,1,0,2026-09-03,Positioning|SensorHistory,34,Aschafft,1,1,0,1
e0fefe62-8978-4671-86cf-e42a242564f7,Sun IS UP,10,3.0,1,0,2026-08-25,Background|Communications,176,RiseUp,0,0,0,1
3ffec899-208b-4efc-a21f-21dcebaa1f27,Analog Peak Sun,10,5.0,1,0,2026-09-01,Positioning|Background|SensorHistory|UserProfile|Communications,91,GreenPoint,1,1,0,1
b3a2e1cf-ac93-4805-89c6-2fccfa8d06d5,Sun is rising,10,5.0,1,0,2018-10-05,,3,Monsterious,0,1,0,1
b784f959-df89-4041-ac3a-4f797cd270c6,Dual Worldtimer - Swiss made since 1961,10,5.0,1,4.69,2026-08-28,Positioning|SensorHistory,17,Design_Lichtenberger,0,1,0,0
579cf7d1-238f-48be-a26a-47cf04453cc3,Wadokei,10,5.0,1,0,2025-10-27,Positioning|Background|SensorHistory|UserProfile|Communications|Sensor,41,Trudelta,1,1,0,1
8c9d2d86-0cb4-4d4e-adc7-d686641dd826,SEG7 XT - Retro World Map,10,5.0,1,3.99,2026-09-23,Positioning|SensorHistory|UserProfile,74,BIT60,1,1,0,0
94b3584f-3a38-4d5d-92a5-fc91eaeb7296,Golf Caddie,10,5.0,1,2.49,2026-09-08,Positioning,64,Josedeveloper,0,1,0,0
721bd0c0-4aee-4315-ad24-6e255e74cd8d,Solar Eclipse,10,5.0,1,0,2026-09-16,Background|SensorHistory|Communications|ComplicationSubscriber,118,Echelon,1,0,0,1
d2e17d9b-d874-4091-b0eb-1e776fa5c1cc,Slate - Minimalist Solar Watchface,10,5.0,1,0,2026-09-07,Background|Communications,8,SlateWatchfaces,0,0,0,1
9521cb6b-0af3-40c0-b6d7-56eefbabae8d,Supernova,10,5.0,1,0,2025-10-03,,2,Lernia,0,0,0,0
15636d63-44b4-49c7-8a28-1d9926437016,DogMood,10,5.0,1,2.99,2026-08-25,SensorHistory,73,JR_Design,1,0,1,0
6b7839aa-ee30-45ae-aa8c-d5b7a99852bd,DS-1 Orbital  (A Pulsating Watch Face),10,5.0,1,0,2026-08-25,,29,space_kunda_astratta,0,0,0,0
59a5c7bf-393f-48cb-a63c-184c75d0ffc4,Spectrum Pulse,10,5.0,1,0,2026-09-22,Background|Communications,91,GreenPoint,0,0,0,0
86a2fef1-a3f5-4733-ba31-f6507ec43694,iron oath,10,5.0,1,0,2026-09-07,Positioning|Background|SensorHistory|UserProfile|Communications|ComplicationSubscriber,86,guanzige,0,0,0,0
8be0d277-7618-430c-be59-50427b97b53b,Day&Night-003,10,5.0,1,0,2026-08-25,Background|SensorHistory|UserProfile|Communications|Sensor,58,Krlos1869,1,1,0,1
972bdd25-628a-4e67-a2e0-2dd799d3a297,Recovery First,10,5.0,1,0,2026-02-28,SensorHistory|UserProfile,6,RecoveryFirst,1,0,1,0
f5df8bf4-7b58-4590-9316-c736a0302105,Diver Surface,10,5.0,1,0,2026-09-11,Background|Communications,37,JenHung,0,0,0,0
c55c313b-fb51-4f62-ac8c-dc1a993a37b6,FPS HUD guy,10,5.0,1,0,2026-06-18,SensorHistory|ComplicationSubscriber,41,Kev_Logan,1,0,1,0
e18b31e4-238f-4ef4-b9a1-7ac45f92f6df,After Dive - Kpay,10,5.0,1,0,2026-09-11,Background|SensorHistory|UserProfile|Communications,22,pmatsou,1,0,0,0
03cb9b60-c1c8-4cf7-8869-638639b34cf6,Trail Runner,10,1.0,1,0,2026-09-12,Background|SensorHistory|Communications|ComplicationSubscriber,52,DanielGukovsky,0,0,0,0
0e0c9e5f-ce22-44cc-80c0-e2f1e66c8cad,Forest Runner,10,5.0,1,0,2026-09-02,Background|SensorHistory|Communications,16,DanielGukovsky,0,0,0,0
e0ecd654-608a-4dcc-a1e2-42190fdcdd0e,Soft Radiance,10,1.0,1,0,2026-08-28,Background|Communications,186,MiauDesigns,0,0,0,0
5c11404e-4cc8-4e51-9833-ae74e349d82e,Radiant Sunflower G,10,5.0,1,0,2026-08-28,Background|Communications,59,atomia,0,0,0,1
42d8f8a0-6186-4b9d-a4c5-d7dea107d8ac,Dark Radiance 416,10,4.0,1,3.49,2026-08-26,ComplicationSubscriber,14,SPWatch,1,0,0,0
3de4a5dd-716f-4283-88ee-9a4ebd0b3849,Obsidian,10,5.0,1,0,2026-09-22,Background|SensorHistory|Communications|ComplicationSubscriber,118,Echelon,1,0,0,0
d944e341-67be-4f0a-8aa7-9f668f53712d,Circle,10,5.0,1,0,2026-08-28,Background|SensorHistory|Communications|ComplicationSubscriber,106,tatu_vic,1,0,0,0
4c3727f3-f601-4486-8d67-2eac8bc9da60,Violet Hour,10,5.0,1,0,2026-08-28,Background|SensorHistory|Communications|ComplicationSubscriber,121,tatu_vic,1,0,0,0
6c867489-2320-434f-99dd-19f2df47f7a2,Big Hour 7,10,5.0,1,0,2026-09-25,Positioning|Background|SensorHistory|UserProfile|Communications,113,GreenPoint,1,1,0,0
f599c7fa-f8c2-48ff-beaa-12d8ecb75c26,Big Hour 2,10,5.0,1,0,2026-08-25,Positioning|Background|SensorHistory|UserProfile|Communications|ComplicationSubscriber,112,GreenPoint,1,1,0,0
102f78ef-8a7c-4d76-befa-580189427533,Golden Horizon,10,5.0,1,0,2026-09-04,Positioning|Background|SensorHistory|UserProfile|Communications,91,GreenPoint,1,1,0,1
cc1e5511-e48b-4768-9ee4-d8ffdb8cb26b,1975,10,5.0,1,0,2026-08-25,Background|Communications,84,Edel,0,0,0,0
364a5738-96c0-460d-96ca-e916cfc0c0bb,Two Birds,10,5.0,1,0,2026-08-28,Positioning|Background|SensorHistory|UserProfile|Communications,71,Warm,0,0,0,0
8b4eae28-ffb1-4981-9e36-1ab7fba65358,Moon Reflection,10,5.0,1,0,2026-08-27,Positioning|Background|SensorHistory|Communications|Sensor,86,GreenPoint,1,1,0,0
1edeee73-108f-4dc9-a832-62d273fea1ec,Timezone Map Day & Night ,10,3.0,1,4.69,2026-08-25,Positioning|SensorHistory|ComplicationSubscriber,17,Design_Lichtenberger,0,0,0,0
1717445f-b20e-40dc-a1f4-5e349974eaa7,Songkran Day,10,5.0,1,0,2024-02-26,Positioning|SensorHistory|UserProfile,1,Garmin,0,0,0,0
b7f6ad6b-29d4-4756-bc85-5a4e43bc6d09,Stress-Go-Saurus,10,5.0,1,2.49,2026-08-26,SensorHistory,179,AnswerTo1984is1776,1,0,0,0
b7f619ee-3475-482f-ba67-bfdd408d5113,Data ARC (KiezelPay),10,5.0,1,0,2026-08-25,Positioning|Background|SensorHistory|UserProfile|Communications|ComplicationSubscriber|Notifications,76,Bache,1,0,0,0
e1b4ccdc-8785-4405-bab4-245734ae0f65,Volt Arc,10,5.0,1,0,2026-09-12,Background|SensorHistory|Communications|ComplicationSubscriber,52,DanielGukovsky,1,0,0,0
d10d3efa-dd28-4c5c-bf4a-5bf9a6cfe6d9,Dusk Shore,10,5.0,1,0,2026-08-25,Positioning|Background|SensorHistory|UserProfile|Communications,78,Amber,0,0,0,1
4caf9065-8910-40ac-a37d-4a2c7278d8da,Temple Dusk,10,1.0,1,0,2024-04-08,Positioning|Background|SensorHistory|UserProfile|Communications,93,Wonderful,0,0,0,1
1bb605e3-b84a-4464-b1fe-7d7d4179e751,Lake Dawn,10,1.0,1,0,2026-09-10,Positioning|Background|SensorHistory|UserProfile|Communications,86,Vista,0,0,0,1
66c063b2-068e-4e23-a263-8df0b6a9ac3e,Sleepy Snoopy,10,5.0,1,0,2026-09-21,Positioning|Background|SensorHistory|UserProfile|Communications,91,GreenPoint,1,1,0,0
a7458fac-0024-4ff6-9614-638a7f5d7507,Sleeping Bunny,10,5.0,1,0,2026-09-01,Background|SensorHistory|Communications|ComplicationSubscriber,118,Echelon,1,0,0,0
c6882b43-25aa-4d56-8da5-71ff61c70c29,Pulse Halo,10,5.0,1,0,2026-08-25,Positioning|Background|SensorHistory|Communications,85,Edel,1,0,0,0
fca99ac7-6fd6-4f08-87e2-2a1f7336896f,Dynamic Bear,10,5.0,1,2.49,2026-08-27,Positioning|SensorHistory|UserProfile,100,GreenPoint,1,1,1,0
815d0436-901b-410f-a65d-670e40882c92,TCM Meridian · Zi Wu Liu Zhu,10,5.0,1,0,2026-09-15,SensorHistory,53,CyberTecher,0,0,0,0
17b52b9e-3dfe-49f0-ba99-cde435a343ae,Fit4U – 020 - PulseCore 7,10,5.0,1,3.99,2026-08-28,Positioning|SensorHistory|UserProfile|ComplicationSubscriber,48,FIT4U,0,0,0,0
e640c80c-51db-46b1-ac2f-cf5d8fbf06bf,Pulse Chamber,10,1.0,1,0,2026-09-24,Positioning|Background|SensorHistory|UserProfile|Communications,75,Edel,0,0,0,0
72dc0f7c-301a-4e43-b6f1-301cc5b58ad9,Squirrel Mood,10,5.0,1,0,2026-08-28,Positioning|Background|SensorHistory|UserProfile|Communications,96,GreenPoint,1,1,0,0
e4ace775-6fd3-4c03-aa38-a4659096f4c3,Spa Day,10,5.0,1,0,2026-09-09,Positioning|Background|SensorHistory|UserProfile|Communications,91,GreenPoint,1,1,0,0
684663c5-9ff6-4b0e-8106-87572337bdce,Breathe Zen,10,5.0,1,0,2026-09-23,Positioning|SensorHistory|UserProfile,75,Edel,0,0,0,0
1737f1fb-cba2-420d-85ad-2d5e03d0b38f,Body Battery,10,0,0,2.99,2026-09-21,SensorHistory,72,dDarius,1,0,1,0
8494cf6a-5d1f-49fa-bd89-de55431f63b7,"L'Essentiel - Body Battery, Stats & Health Data",10,0,0,0,2025-07-16,Positioning|SensorHistory|UserProfile,3,ActiveLife,1,1,1,0
c4882396-5fae-4e1a-a28d-9e25da69f024,Body Tracking,10,0,0,2.99,2026-09-18,SensorHistory,85,TDSH,1,0,1,0
c508eb22-1bfb-4ba8-b9a5-532bb42fe6b2,Body Goals,10,0,0,0,2026-08-24,Background|SensorHistory|UserProfile|Communications|ComplicationSubscriber|Sensor,97,IoFace,1,1,0,0
e23eb3f6-62a7-4a19-9cb3-1bad2bb76da2,Body Water,10,0,0,0,2026-08-25,Background|Communications,179,DianaClock,0,1,0,0
3d46c15b-f1dd-40e2-8b56-06960967a5e2,HUB2 Cockpit - World Clock and Body Battery,10,0,0,0,2026-08-24,ComplicationSubscriber,12,TAMARINAPP,1,1,1,0
f01d821b-e1c8-4f88-86b4-204947ce4924,Battery Rack,10,0,0,0,2026-08-24,Positioning|SensorHistory|UserProfile,45,SPCoilandgas,1,0,1,0
54beda3c-918f-4bb0-bf55-1c6f489d54b2,Battery Lite,10,0,0,0,2026-08-24,Background|SensorHistory|UserProfile|Communications|ComplicationSubscriber|Sensor,97,TimeFace,0,0,0,0
de8fa8f2-3de1-489f-a43f-b1c4d2199195,Large Body Water,10,0,0,0,2026-08-17,Background|SensorHistory|UserProfile|Ant|Communications|PushNotification|Sensor,201,DianaClock,0,1,0,0
6cbc9307-a131-4e51-87c4-1098cdd72be0,Large Body Water,10,0,0,0,2026-08-25,Background|Communications,179,ClassicFaces,0,1,0,0
ee88f012-fab9-4f99-9bd6-56c93891f051,Large Body Water Surrounded,10,0,0,0,2026-08-24,Background|SensorHistory|UserProfile|Ant|Communications|PushNotification|Sensor,203,SpecialFaces,0,0,0,0
2e9e8356-8382-44ec-8572-41d398e36abf,Large Body Water Mountain,10,0,0,0,2026-08-24,Background|SensorHistory|UserProfile|Ant|Communications|PushNotification|Sensor,203,SpecialClock,0,0,0,0
22caba0d-610b-4a99-b7b2-fec2e2ec3896,Airplane Flying Over Body,10,0,0,0,2026-08-25,Background|Communications,179,LXTHEMES,0,0,0,0
35c39ac0-c031-422a-998d-463a0b9803f2,Small Waterfall Middle Body,10,0,0,0,2026-08-24,Background|Communications,179,RoxyWatch,0,1,0,0
807cc057-9aab-4278-b5ca-647d8a2a69ca,Large Body Water City,10,0,0,0,2026-08-24,Background|SensorHistory|UserProfile|Ant|Communications|PushNotification|Sensor,203,DianaClock,0,1,0,0
cc56d9ad-cc72-47f3-ba2e-3f8f9d5c1cd2,Large Body Water Mountain,10,0,0,0,2026-08-24,Background|SensorHistory|UserProfile|Ant|Communications|PushNotification|Sensor,203,AmazingClockFaces,0,0,0,0
c402511a-223e-46b3-a5ef-2ed264df74d0,View Beach Body Water,10,0,0,0,2026-08-24,Background|SensorHistory|UserProfile|Ant|Communications|PushNotification|Sensor,203,ClaraWatch,0,1,0,0
f1471327-453f-4ed7-8766-b178ce2a2787,BatteryLife,10,0,0,0,2023-10-12,Background|UserProfile|Communications,117,PhoeniXX,0,0,0,0
b43988f6-aee1-49ef-be69-e199858310ae,Beach Body Water Under Cloudy,10,0,0,0,2026-08-24,Background|SensorHistory|UserProfile|Ant|Communications|PushNotification|Sensor,203,SmartwatchWF,0,0,0,0
c591eab8-b894-4afe-ad15-3a3febf0dc5b,View Body Water Glowing Blue,10,0,0,0,2026-08-24,Background|Communications,179,RoxyWatch,0,1,0,0
0276e98d-4837-4ba0-a67d-e9a78fd40f90,Large Body Water Under Cloudy,10,0,0,0,2026-08-24,Background|Communications,179,RoxyWatch,0,1,0,0
1df5912f-9b0e-4ac1-bff7-bea2b3d7a9fc,Days Left - Battery Watch Face,10,0,0,0,2026-09-23,Background|SensorHistory|Communications,114,MarioZ,1,0,0,0
64c0d4e1-c582-4a2e-b06f-7d75f4bbd60e,Large Body Water Surrounded By Mountains,10,0,0,0,2026-08-24,Background|SensorHistory|UserProfile|Ant|Communications|PushNotification|Sensor,203,SpecialClock,0,0,0,0
19c3a087-6dbb-46d4-9af6-b37887aa9e51,Full Moon Sky Over Body Water,10,0,0,0,2026-08-25,Background|Communications,179,ClaraWatch,0,1,0,0
ef3a16bd-58db-4ef2-b9f2-3993fd60541a,sunrise,10,0,0,0,2026-08-27,Positioning|Background|SensorHistory|UserProfile|Communications,79,Intimity,0,1,0,1
535ee29a-a676-414d-ad9d-606b85865e38,sunrise,10,0,0,0,2026-08-27,Positioning|Background|SensorHistory|UserProfile|Communications,79,Geoge,0,1,0,1
bb232780-b0bb-4373-aa21-f5c2859e21ff,SunRise,10,0,0,0,2023-10-25,Background|UserProfile|Communications,137,RiseUp,0,1,0,1
1821b530-98e4-4539-a493-3ebad9c3208d,Summit Sunrise,10,0,0,0,2026-08-24,Positioning|Background|SensorHistory|UserProfile|Communications,82,Xue520,1,1,0,1
16686d3f-bb51-412f-b59c-3ab36ce988bf,Mountain Sunrise,10,0,0,0,2026-08-25,Positioning|Background|SensorHistory|UserProfile|Communications,82,Xue520,1,1,0,1
020fbd41-6627-4e2a-806d-530e35770028,Sunrise Seascape,10,0,0,0,2026-08-25,Positioning|Background|SensorHistory|UserProfile|Communications,78,Xue520,1,1,0,1
61864d4a-dc5e-4935-966d-bd2e752e8125,Rooftop Sunrise,10,0,0,0,2026-08-29,Positioning|Background|SensorHistory|UserProfile|Communications|ComplicationSubscriber,79,Yoghurt,0,1,0,1
b441212f-b33f-4fcb-b258-f50808f56ac9,Life Sunrise,10,0,0,0,2026-08-24,Positioning|Background|SensorHistory|UserProfile|Communications|ComplicationSubscriber,78,Amber,0,1,0,1
fb55e3be-7d08-49bf-9978-6f719bff8dba,Snowy Sunrise,10,0,0,0,2026-08-25,Background|SensorHistory|UserProfile|Ant|Communications|PushNotification|Sensor,201,LXWATCH,0,1,0,1
a807ef62-39f0-4f02-823c-248c65e6161d,Matterhorn Sunrise,10,0,0,0,2026-08-27,Positioning|Background|SensorHistory|Communications|Sensor,87,GreenPoint,0,1,0,1
43125236-a60f-4b66-afb5-00b5790a3312,Sunrise Plane,10,0,0,0,2026-08-25,Positioning|Background|SensorHistory|UserProfile|Communications,79,Madeline,0,1,0,1
fd06b39d-7340-4103-a130-feb3629f3364,Calm Sunrise,10,0,0,0,2026-08-28,,30,wolftronics,0,1,0,1
0b1c8819-28be-45fd-906d-47d18183eeb5,Autumn Sunrise,10,0,0,0,2026-08-28,Background|SensorHistory|UserProfile|Ant|Communications|PushNotification|Sensor,194,SpecialClock,0,1,0,1
fee45ad6-78cb-4c4c-a00e-430c423d0847,Lakeside Sunrise,10,0,0,0,2026-08-28,Background|SensorHistory|UserProfile|Ant|Communications|PushNotification|Sensor,195,FaceStudio,0,1,0,1
dce07dee-5aaf-4015-a59c-b0345924068c,Lakeside Sunrise,10,0,0,0,2026-08-28,Background|SensorHistory|UserProfile|Ant|Communications|PushNotification|Sensor,195,Design_Clock,0,1,0,1
a3f6a52b-af58-4e8a-9b47-f5eb77343530,Sunrise Flow,10,0,0,0,2026-08-25,Positioning|Background|SensorHistory|UserProfile|Communications,79,Xue520,1,1,0,1
402b7045-7e16-4d22-84a0-7e903d62b184,Golden Sunrise,10,0,0,0,2024-05-02,Background|SensorHistory|Communications|Sensor,188,TimeFace,0,1,0,1
2bb14deb-b95a-497d-a6a1-9e89afa0eeba,Highland River Sunrise,10,0,0,0,2026-09-04,Positioning|Background|SensorHistory|UserProfile|Communications,79,Vista,0,1,0,1
50c28cdd-d274-4803-af4b-61fddc0bbd7e,Sunrise Run – AMOLED,10,0,0,0,2026-09-08,Background|SensorHistory|Communications|ComplicationSubscriber,118,Islandic,1,1,0,1
6e676f61-5dd1-4a41-b140-17f9d436f88f,Sunrise Mountains Foggy,10,0,0,0,2026-08-25,Background|Communications,175,LXWATCH,0,1,0,1
810e9d42-e327-441e-9bc5-ed1e2fd106a6,Sunrise Mountains Foggy,10,0,0,0,2026-08-25,Background|Communications,175,RoxyWatch,0,1,0,1
54d94d09-426e-4dcc-b858-ab281bb79345,Longan Sunrise Tropics,10,0,0,0,2026-08-28,Positioning|Background|SensorHistory|Communications|Sensor,78,GreenPoint,1,1,0,1
c5275375-1a6b-46b9-b1a7-a2f2860174c1,Mystic Forest Sunrise,10,0,0,0,2026-08-28,Background|SensorHistory|UserProfile|Ant|Communications|PushNotification|Sensor,195,ZFWATCHFACES,0,1,0,1
28d7b638-215a-44d1-9926-916649c3233e,Daffodils Morning Sunrise,10,0,0,0,2026-08-28,Background|SensorHistory|Communications|ComplicationSubscriber,113,Vigorous,1,1,0,1
807702ac-4f28-4500-8fd3-251a4e1c84ff,Beautiful Winter Sunrise,10,0,0,0,2026-08-28,Background|UserProfile|Communications,186,Magic-Clock,0,1,0,1
31289370-6e73-4f40-8417-1e3d8808123e,Sunrise Over Waterfall,10,0,0,0,2024-08-18,Background|UserProfile|Communications,175,SmartwatchWF,0,1,0,1
90ab3500-0770-4e21-bb39-9c38f1d33eb3,Fuji Mountain Sunrise,10,0,0,0,2024-08-09,Background|UserProfile|Communications,175,FaceStudio,0,1,0,1
580df419-4e88-4b0d-abd7-32a2b8ae2fb5,Mountain Peak Sunrise,10,0,0,0,2024-08-09,Background|UserProfile|Communications,175,LXTHEMES,0,1,0,1
6c0a3098-58df-4743-9a34-5efaec4a4b50,Beach Sunrise Indonesia,10,0,0,0,2024-08-09,Background|UserProfile|Communications,175,SpecialClock,0,1,0,1
e82d967b-7490-41a7-a6d7-8e50b454be09,Peak Dawn – Mountain Sunrise,10,0,0,0,2026-09-17,SensorHistory|ComplicationSubscriber,45,H1TMAKERS,1,1,0,1
987c6bb9-1c77-4649-a296-de72d22e601d,Sunrise Area | Mount Rainier,10,0,0,0,2026-01-03,Background|Communications,173,ArcApps,0,1,0,1
443c472e-c148-4f16-8ec3-3dc3c2fd399a,Beautiful Sunrise Over Mountains,10,0,0,0,2026-08-25,Background|Communications,174,ClaraWatch,0,1,0,1
6977c0a8-f3a6-4c79-b862-a6f5203753fc,The Boat at Sunrise,10,0,0,0,2023-11-15,Background|UserProfile|Communications,144,ZFWATCHFACES,0,1,0,1
b2127bc1-ab91-4a5d-b93f-528d8fe6da31,Amiga Sea Pro Lume (Style Sunrise 10),10,0,0,3.49,2026-09-08,Positioning|Background|SensorHistory|UserProfile|Communications|ComplicationSubscriber,65,LuxeLion,1,1,0,1
00692719-b033-4631-9d0c-6840d893552a,Amiga Sea Pro Lume (Style Sunrise 02),10,0,0,3.49,2026-09-08,Positioning|Background|SensorHistory|UserProfile|Communications|ComplicationSubscriber,65,LuxeLion,1,1,0,1
3f524f91-fe1c-4f87-b13f-f00e4464f213,Amiga Sea Pro Lume (Style Sunrise 31),10,0,0,3.49,2026-09-08,Positioning|Background|SensorHistory|UserProfile|Communications|ComplicationSubscriber,65,LuxeLion,1,1,0,1
e2507151-94cb-46af-996d-01bfb360f345,Cranes at Sunrise – Japanese Tranquility,10,0,0,0,2026-08-28,Positioning|Background|SensorHistory|UserProfile|Communications,86,GreenPoint,0,1,0,1
5f962a04-39cd-4619-90e4-1cd2bb38bd7c,Sunset,10,0,0,0,2026-08-28,Background|UserProfile|Communications,183,ZFWATCHFACES,0,1,0,1
febd945f-b13d-4a2e-8fe8-850e7480e7f6,Sunset,10,0,0,0,2026-08-28,Background|SensorHistory|Communications|ComplicationSubscriber,106,Islandic,1,1,0,1
271c181b-a24c-4349-9f10-6d553d285929,Sunset,10,0,0,0,2023-10-25,Background|UserProfile|Communications,137,RiseUp,0,1,0,1
796df57e-4abf-4c25-b111-6117af815193,Sunset,10,0,0,0,2023-10-12,Positioning|Background|SensorHistory|UserProfile|Communications,117,FaceStudio,0,1,0,1
e6b5c11e-c246-43c7-bdcc-82cc57d9757c,Sunset,10,0,0,0,2023-10-12,Background|UserProfile|Communications,117,PhoeniXX,0,1,0,1
e11f25b9-e828-48f9-a6dd-5ba695b666ca,Sunset,10,0,0,0,2023-10-12,Background|UserProfile|Communications,117,LuxuryThemes,0,1,0,1
90200b7e-5ace-4ced-954a-234abcb4c3ac,Sunset,10,0,0,0,2026-08-28,Background|SensorHistory|Communications|ComplicationSubscriber,113,Islandic,1,1,0,1
966b3fe8-f5cb-4517-92ba-4a731495e239,Sunset,10,0,0,0,2023-12-20,Background|SensorHistory|Communications,144,tatu_vic,0,1,0,1
b636a6ed-d80f-4fa3-bac7-98c862b5a731,Sunset Reeds,10,0,0,0,2026-09-18,Positioning|Background|SensorHistory|UserProfile|Communications|ComplicationSubscriber,86,Madeline,0,1,0,1
63482894-1d0f-4605-a443-a82345a99ce2,Sunset Sailing,10,0,0,0,2026-09-17,Positioning|Background|SensorHistory|UserProfile|Communications|ComplicationSubscriber,86,Vista,0,1,0,1
f3ad3478-8647-41cd-b01f-017e1a69086f,Desert Sunset,10,0,0,0,2026-09-14,Positioning|Background|SensorHistory|UserProfile|Communications,86,Vista,0,1,0,1
de452e7b-38bf-414e-a51f-47b9782ca298,Picture Sunset,10,0,0,0,2026-08-24,Background|SensorHistory|UserProfile|Ant|Communications|PushNotification|Sensor,203,DianaClock,0,1,0,1
7d2934eb-1b69-4dcd-a37b-0c6fdbb9237f,sunset glow,10,0,0,0,2026-08-24,Positioning|Background|SensorHistory|UserProfile|Communications,78,Tong90,0,1,0,1
95bfd6f7-7a66-4cec-a750-6153be2528de,Lake Sunset,10,0,0,0,2026-08-25,Background|SensorHistory|UserProfile|Ant|Communications|PushNotification|Sensor,203,AmazingClockFaces,0,1,0,1
4b26c2b8-017d-42c0-8698-418764168e97,Sunset Lake,10,0,0,0,2026-08-25,Positioning|Background|SensorHistory|UserProfile|Communications,78,Xue520,1,1,0,1
0f062f21-dec6-45a8-abce-21054d301769,Sunset Lash,10,0,0,0,2026-08-25,Positioning|Background|SensorHistory|UserProfile|Communications,78,Amber,0,1,0,1
bd0e5dff-e448-476a-9d14-f12322d67f5b,Sunset Splash,10,0,0,0,2026-08-25,Positioning|Background|SensorHistory|UserProfile|Communications,78,Xue520,1,1,0,1
f76ef69f-c7d8-4d7e-95f8-aa6649c59c28,Tree Sunset,10,0,0,0,2026-08-25,Positioning|Background|SensorHistory|UserProfile|Communications,78,Xue520,1,1,0,1
65e7ea39-0556-4489-83db-82ba1f652ba9,Snow Sunset,10,0,0,0,2026-08-25,Positioning|Background|SensorHistory|UserProfile|Communications,79,Madeline,0,1,0,1
649555e2-22ce-49a2-b065-3f308a2ba842,Snowy Sunset,10,0,0,0,2026-08-25,Background|SensorHistory|UserProfile|Ant|Communications|PushNotification|Sensor,201,GoFit,0,1,0,1
c798fea6-703e-462b-8103-181a2dfc81fa,Sunset Tiger,10,0,0,0,2026-08-25,Positioning|Background|SensorHistory|UserProfile|Communications,79,Madeline,0,1,0,1
8cc0b80a-3a99-4a7e-a61d-46d4871f7b7f,Sunset Bike,10,0,0,0,2026-08-27,Positioning|Background|SensorHistory|UserProfile|Communications,79,Yoghurt,0,1,0,1
ad05e325-e7e7-4b5e-a4f4-47a6d3685e60,Crimson Sunset,10,0,0,0,2026-08-27,Positioning|Background|SensorHistory|UserProfile|Communications,74,Vista,1,1,0,1
4eaae51f-915f-472f-949e-29d287d9eb75,Ocean Sunset,10,0,0,0,2026-08-28,Positioning|Background|SensorHistory|UserProfile|Communications,74,Douglas341,0,1,0,1
f2a1b16e-911f-4835-9332-84070160b4ce,Sunset Peak,10,0,0,0,2026-08-25,Positioning|Background|SensorHistory|UserProfile|Communications,79,Xue520,1,1,0,1
bdc2ff6d-643a-4db9-9db9-a0d4d7b2263c,Sunset Palms,10,0,0,0,2026-08-25,Positioning|Background|SensorHistory|UserProfile|Communications,79,Xue520,1,1,0,1
2a5c5f48-7fe4-4191-b10f-995953194ccb,Sunset Core,10,0,0,0,2026-08-25,Positioning|Background|SensorHistory|UserProfile|Communications,79,Xue520,1,1,0,1
339bfba6-591c-4231-817c-5214a017d35b,Sunset Tree,10,0,0,0,2026-08-25,Positioning|Background|SensorHistory|UserProfile|Communications,79,Madeline,0,1,0,1
ab7e8365-9bb6-407b-af49-2f9f42c6d287,Road Sunset,10,0,0,0,2026-08-25,Background|Communications,175,ZFWATCHFACES,0,1,0,1
fd29c498-c88c-4f9d-8a65-8cc86c154483,Sunset Solitude,10,0,0,0,2026-08-28,Positioning|Background|SensorHistory|UserProfile|Communications,74,Vista,0,1,0,1
c92eb4f3-9908-4f02-bc5e-68622796aca6,Sunset Peak ,10,0,0,0,2026-08-28,Positioning|Background|SensorHistory|UserProfile|Communications,74,Yoghurt,0,1,0,1
fee981c7-5af3-44ff-9846-d2f2d27b4005,Desert Sunset,10,0,0,0,2026-08-28,Positioning|Background|SensorHistory|UserProfile|Communications,73,Vista,0,1,0,1
70182c46-622d-4ada-9b16-9a0140de270c,Sunset Flowers,10,0,0,0,2026-08-28,Positioning|Background|SensorHistory|UserProfile|Communications,73,Vista,0,1,0,1
9be718c7-4fdf-4288-8d9d-133e615fe332,Sunset Elephant,10,0,0,0,2026-08-28,Positioning|Background|SensorHistory|UserProfile|Communications,70,Vista,0,1,0,1
cafabccf-4c0f-444a-b769-642649b64ac5,Pixel Sunset,10,0,0,0,2026-08-28,Positioning|Background|SensorHistory|UserProfile|Communications,70,SunEast,0,1,0,1
5dc4b262-c7cf-4fb4-a9de-3fe497c76baa,Sunset Yacht,10,0,0,0,2026-08-28,Positioning|Background|SensorHistory|UserProfile|Communications,74,SunEast,0,1,0,1
1eb87b75-9c25-495d-9355-85a479921beb,Sailboat Sunset,10,0,0,0,2026-08-28,Positioning|Background|SensorHistory|UserProfile|Communications,74,Vista,0,1,0,1
9eeeeebd-31a3-4262-aa50-e446e202245b,Red Sunset,10,0,0,0,2026-08-28,Positioning|Background|SensorHistory|UserProfile|Communications,74,AeroZen,0,1,0,1
4c5a2dbc-e2f6-436b-9269-b0d94fe4bf35,Sunset Beach,10,0,0,0,2026-08-28,Background|SensorHistory|UserProfile|Ant|Communications|PushNotification|Sensor,195,DmClockFaces,0,1,0,1
bd390cda-c253-4f23-a4e4-f2741896cfe7,Sunset Vase,10,0,0,0,2026-08-28,Positioning|Background|SensorHistory|UserProfile|Communications,74,AeroZen,0,1,0,1
d3632cfb-aaa0-4060-bf97-4d96f254dae3,Sunset Ballerina,10,0,0,0,2026-08-28,Positioning|Background|SensorHistory|Communications|Sensor,81,GreenPoint,0,1,0,1
186629f0-16f8-4410-877c-cd978883da01,Sunset Shores,10,0,0,0,2026-08-28,Background|SensorHistory|UserProfile|Ant|Communications|PushNotification|Sensor,195,DmClockFaces,0,1,0,1
c440eb33-f6fa-4ea9-8145-47e0d557c10c,Emoji Sunset,10,0,0,0,2026-08-28,Positioning|Background|SensorHistory|UserProfile|Communications,74,SunEast,0,1,0,1
072a19fd-61d0-42f4-a914-f429e000bea4,Sun,10,0,0,0,2023-12-06,Background|Communications,167,ContempWF,0,0,0,1
8485bcef-f26b-4f2e-83a0-76455f7f4534,Sun,10,0,0,0,2024-03-04,Background|UserProfile|Communications,173,SpecialFaces,0,0,0,1
bef02f7d-740a-4c63-8ed4-f1c0108f7741,Sun Time,10,0,0,0,2026-07-23,Positioning|ComplicationSubscriber,2,MakingLifePeazy,0,1,0,1
8342daba-1662-4961-9076-53c735d1af6d,Tender Sun,10,0,0,0,2026-08-25,Positioning|Background|SensorHistory|UserProfile|Communications,82,Amber,0,0,0,1
50fa7f06-08db-487d-a397-7f2822951759,Sun Cycle,10,0,0,0,2026-06-26,Positioning|SensorHistory|ComplicationSubscriber,3,wean,0,1,0,1
e76a4e95-700c-4a9a-bc73-d15e5fbad883,Sun Arc,10,0,0,0,2026-08-24,Positioning|SensorHistory|UserProfile,45,SPCoilandgas,0,1,0,1
f8f1a44a-0863-4c2b-8dce-11e8fabc3023,Setting Sun,10,0,0,0,2026-08-27,Positioning|Background|SensorHistory|UserProfile|Communications,79,Madeline,0,0,0,1
10682576-3c3c-45cd-806f-a2ffed48b228,Sun rise,10,0,0,0,2026-08-27,Positioning|Background|SensorHistory|UserProfile|Communications,79,Geoge,0,1,0,1
6c5fec93-2bca-4d5d-a380-ef22abfb1641,morning sun,10,0,0,0,2026-08-27,Positioning|Background|SensorHistory|UserProfile|Communications,79,Geoge,0,0,0,1
b20ec647-70d3-459c-8b5b-93cbeb6ef16f,Nova Sun,10,0,0,2.49,2026-08-25,Positioning|SensorHistory|UserProfile|ComplicationSubscriber,61,Supjackjack,0,0,0,1
42454c7b-5b77-426c-b624-8d75ddd85c7c,Stellar Sun,10,0,0,0,2026-08-28,Positioning|Background|SensorHistory|UserProfile|Communications,70,Yoghurt,0,0,0,1
f42d792f-3e41-4ca0-9247-d4c5a5347637,Sun Flower,10,0,0,0,2026-08-28,Positioning|Background|SensorHistory|Communications|Sensor,87,GreenPoint,1,0,0,1
c373f58e-64d3-482e-8d03-091558a62593,Sun & Moon,10,0,0,2.49,2026-08-25,Background|SensorHistory|Sensor,153,Eduard_Design,0,1,0,1
6a70a576-665f-487f-b0e0-e03969cffcee,Sun Glow,10,0,0,0,2026-08-28,Positioning|Background|SensorHistory|UserProfile|Communications,71,cczz,1,0,0,1
8c043894-8b86-45b8-b261-50d77721f4bc,Red Sun,10,0,0,0,2026-08-28,Positioning|Background|SensorHistory|UserProfile|Communications,71,Warm,0,0,0,1
b2d1d236-41d8-49c8-8624-659a77bb5cb3,The Sun,10,0,0,0,2024-08-09,Background|UserProfile|Communications,175,AmazingClockFaces,0,0,0,1
20b48f8a-5e9e-48d0-9027-e2c6d9c85002,Sun Heart,10,0,0,0,2023-10-12,Background|UserProfile|Communications,117,SmartwatchWF,0,0,0,1
8440c446-f1a5-42f4-842a-92227a1d0456,Sun Touch,10,0,0,0,2023-12-01,Background|Communications,167,ContempWF,0,0,0,1
a988696e-1d86-4cf6-a623-e752a128d05e,Sun flower,10,0,0,0,2024-05-14,Background|SensorHistory|Communications|Sensor,188,IoFace,0,0,0,1
a6cdd1ff-8c6f-4dc2-bece-0f321d408465,Sun flowers,10,0,0,0,2024-05-14,Background|SensorHistory|Communications|Sensor,188,TimeFace,0,0,0,1
83905b7a-6ba5-4625-aafb-1a2490462c56,Sun Flower,10,0,0,0,2023-12-23,Positioning|Background|SensorHistory|Communications,35,Wonderful,0,0,0,1
46c89146-d804-4a75-90a0-fa72961037a0,Cute Sun,10,0,0,0,2023-11-15,Background|UserProfile|Communications,144,LXTHEMES,0,0,0,1
dc23463e-bcfd-4f40-913e-d06549b2b94b,Sun Mandala,10,0,0,0,2023-11-21,Background|Communications,167,ContempWF,0,0,0,1
1b0c0690-02d9-4eb1-a833-40831badf705,Sun Line World,10,0,0,0,2026-08-24,Positioning|Background|SensorHistory|UserProfile|Communications,84,Edel,0,1,0,1
7b4f3d1f-cc3c-45e1-ab52-123a68fea684,Sun Path 24,10,0,0,0,2026-06-17,Positioning,13,Calvert,0,0,0,1
7cac5884-c68f-4a78-b4e9-214543e9e4fd,View Sun Shining,10,0,0,0,2026-08-30,Background|SensorHistory|UserProfile|Ant|Communications|PushNotification|Sensor,201,FaceStudio,0,0,0,1
0a71e28e-7bbf-43ea-b5a1-43ac497b6de0,Red Sun Lake,10,0,0,0,2026-08-25,Positioning|Background|SensorHistory|UserProfile|Communications,86,GreenPoint,1,1,0,1
83c6eee4-3305-4e92-abfc-8b33b3dc5c10,Bloom Golden Sun,10,0,0,0,2026-08-25,Positioning|Background|SensorHistory|UserProfile|Communications,79,Blossy,1,0,0,1
ff5aaf08-162b-4902-9dd2-11c93063a08c,Sun Flower Nature,10,0,0,0,2026-08-28,Background|UserProfile|Communications,185,SmartwatchWF,0,0,0,1
016aa7e9-301c-4a1d-935e-a5e018be3436,Winter Mountain Sun,10,0,0,0,2023-10-12,Background|UserProfile|Communications,117,DmClockFaces,0,0,0,1
77858d30-6d12-44ff-90f4-638ee4387a26,Sun Flower 52,10,0,0,0,2023-12-23,Positioning|Background|SensorHistory|Communications,36,Wonderful,0,0,0,1
dd53de71-4ea7-43d1-b750-58ebe3f17182,Sunset Sailboat,10,0,0,0,2023-12-24,Positioning|Background|SensorHistory|Communications,35,cczz,1,1,0,1
22dc16b6-613c-493a-a1c3-d3be92010f5e,Daylight Dead,10,0,0,0,2026-08-25,Positioning|Background|SensorHistory|UserProfile|Communications,79,Douglas341,0,1,0,1
b8c0e9e9-36f9-44de-9249-712ddc98901b,Daylight Hands,10,0,0,0,2026-08-24,Positioning|SensorHistory|UserProfile,45,SPCoilandgas,0,1,0,1
24f3b550-3a4d-4c62-8326-2b24bace94c3,Classic Worldtimer Swiss made since 1961,10,0,0,4.69,2026-08-28,Positioning|SensorHistory|ComplicationSubscriber,12,Design_Lichtenberger,0,1,0,0
cdc4c4d6-ac35-4561-9b45-661dc9ffce1c,Sand Day,10,0,0,0,2026-08-24,Positioning|SensorHistory|UserProfile,45,SPCoilandgas,1,1,0,1
849e1993-ca41-49dd-8796-c5d8d4e4ebc5,Solar Dial,10,0,0,0,2026-08-24,Positioning|SensorHistory|UserProfile,45,SPCoilandgas,0,1,0,1
e719e99f-5488-4e5b-8247-80e4bcc3dae9,Time Zone DST Black White,10,0,0,0,2025-07-14,Positioning|SensorHistory,16,Rescueranger242,0,1,0,1
75e647d1-33a1-47ee-9af7-eab9315a3ac8,HORIZON - Your day. Your light.,10,0,0,2.49,2026-09-19,Positioning,31,efface,0,1,0,1
92158fb1-608d-4b94-8ac9-242717cf8fd8,Fjell Column,10,0,0,0,2026-08-20,Positioning|SensorHistory,5,mikaelangelo,1,1,0,0
1d62f3ce-fe79-47f4-acc6-9964aefa63c0,Basecamp,10,0,0,0,2026-08-24,Positioning|SensorHistory|UserProfile,45,SPCoilandgas,0,1,0,1
9ee254ba-07c8-4bac-8382-d23e01716161,Moon Row,10,0,0,0,2026-08-24,Positioning|SensorHistory|UserProfile,45,SPCoilandgas,0,1,0,1
167d6dd2-4cb6-45c2-906f-b1eeb6c1780b,Ring Census,10,0,0,0,2026-08-24,Positioning|SensorHistory|UserProfile,45,SPCoilandgas,1,1,1,1
8bc85c03-ab79-4d16-96de-f0e6b2b78187,Cosmonaut,10,0,0,0,2026-08-24,Positioning|Background|SensorHistory|Communications,25,Discombobulatedai,1,1,0,0
835b60ec-597b-477b-bc28-08a1591519f6,HORIZON,10,0,0,0,2026-09-05,Positioning|SensorHistory,13,JohnWick,1,1,0,1
de861937-28b3-460d-8ab0-c901a213b312,Solar,10,0,0,0,2026-09-18,Background|SensorHistory|UserProfile|Communications,86,FitDav,0,0,0,1
c2d811d0-7799-4fbc-bc04-26402630765a,solar,10,0,0,0,2026-09-08,Positioning|Background|SensorHistory|UserProfile|Communications|ComplicationSubscriber,86,AXIS,0,0,0,1
0aaeace7-1f44-4621-9b16-5d36401c8421,Solar Ring,10,0,0,0,2026-09-04,ComplicationSubscriber,26,0094994,0,1,0,1
513de295-a534-4f06-9388-d82fcfc1f9fa,Solar Eclipse,10,0,0,0,2026-09-01,Positioning|Background|SensorHistory|UserProfile|Communications|ComplicationSubscriber,79,Vista,0,0,0,1
d287ed40-6786-4898-9b22-0893c585b070,Solar Halo,10,0,0,0,2026-08-25,Positioning|Background|SensorHistory|UserProfile|Communications,79,Douglas341,0,0,0,1
b8ca4283-7120-4100-8a3d-557d55f8cddc,Solar Panel ,10,0,0,0,2026-08-25,Positioning|Background|SensorHistory|UserProfile|Communications,79,Douglas341,0,0,0,1
1e1e84b4-a534-49a1-8ba2-401a8c396ed3,Solar Abyss,10,0,0,0,2026-08-25,Positioning|Background|SensorHistory|UserProfile|Communications,79,Vista,1,0,0,1
9d89414d-1b9d-4a88-a1a8-fbbc3e4d19d8,Solar Halo,10,0,0,0,2026-08-25,Positioning|Background|SensorHistory|UserProfile|Communications,79,Vista,1,0,0,1
e8c3abc8-1dc8-4423-a78d-0ae3ec5177b1,Lunar Solar,10,0,0,0,2026-08-28,Positioning|Background|SensorHistory|UserProfile|Communications,71,AeroZen,0,0,0,1
241d7416-fd3e-4136-a7d9-dcff058537fd,NEO Solar,10,0,0,2.69,2025-03-26,SensorHistory|UserProfile|ComplicationSubscriber,9,SPWatch,0,0,0,1
b9aec859-ae59-4871-9a56-8521f18f34f6,Simple Solar Trader,10,0,0,0,2026-07-13,Positioning|Background|SensorHistory|Communications,1,Solar_Trader,1,1,0,1
956af564-8754-49c4-972e-94a3d3a21b2c,Solar System Watch Face V3.0.0 ,10,0,0,0,2025-10-14,Background|SensorHistory,1,FalGabApp,0,0,0,1
919e1f5f-736e-4a09-990e-4bdfe23985bc,One Yan(一言：支持机型-见介绍),10,0,0,0,2026-05-13,,7,Juny-Long,0,0,0,0
89cda592-9de6-4513-ab72-0613f48bae0a,ENERGY,10,0,0,0,2024-08-09,Background|Communications,151,RiseUp,0,0,1,0
7063f2c1-503b-4645-ac7d-55e8f5b234b3,Energy,10,0,0,0,2024-04-02,Background|SensorHistory|Communications,144,tatu_vic,0,0,1,0
41b3bf47-290a-42ad-adbe-4d0bde4b13d3,Stoke Energy,10,0,0,0,2026-09-05,Positioning|Background|SensorHistory|UserProfile|Communications|ComplicationSubscriber,79,Madeline,0,0,1,0
ba6efc12-d492-48d6-8709-bef50b7fe72e,Simple energy,10,0,0,0,2026-08-27,Background|SensorHistory|UserProfile|Communications|ComplicationSubscriber|Sensor,97,Melentina,1,0,1,0
a61dad24-683d-443d-9b32-2f85512388eb,Active Energy,10,0,0,0,2026-08-24,Background|SensorHistory|UserProfile|Communications|ComplicationSubscriber|Sensor,97,TimeFace,0,1,1,0
cc759509-6a12-40f3-baa6-bc42b652bada,Energy Tier,10,0,0,0,2026-08-24,Positioning|Background|SensorHistory|UserProfile|Communications,78,Douglas341,0,0,1,0
3fa0f8cf-772d-4a9e-9ca1-0084a1a49aab,Nature Energy,10,0,0,0,2026-08-28,Background|SensorHistory|UserProfile|Ant|Communications|PushNotification|Sensor,191,BWFaces,0,0,1,0
555562e7-26be-421a-8b53-2a1ea815c63f,Energy data,10,0,0,2.49,2026-08-28,Background|SensorHistory|Communications|Sensor,176,TimeFace,1,0,1,0
c7028e27-58e9-4f5c-9bf1-dc3f852b0e5f,Energy Ring,10,0,0,0,2024-08-19,Positioning|Background|SensorHistory|UserProfile|Communications,61,Wonderful,0,0,1,0
4906d74b-4165-49e5-911a-097d03dfbeec,Fill or Drain,10,0,0,0,2026-09-01,SensorHistory,44,Nadzeya,1,0,0,0
d71fd113-fc44-48c7-9cf3-68b6c2825aea,Cosmic Flame,10,0,0,0,2024-08-26,Positioning|Background|SensorHistory|UserProfile|Communications,61,SunVenus,0,0,0,0
c85084c9-ec84-402e-8f14-976e4107902c,NeonGreenLife454,10,0,0,4.69,2026-08-28,ComplicationSubscriber,10,JS_ProDesign,0,0,0,0
8d1daa83-6c24-4271-ad6b-9597ffe410f2,Operator,10,0,0,2.99,2026-09-24,SensorHistory,85,Bandalo,1,0,0,0
9f77e608-6feb-4316-81f5-458418f741c4,Pink Eclipse,10,0,0,0,2026-09-08,Positioning|Background|SensorHistory|UserProfile|Communications,91,GreenPoint,1,1,0,0
dd4f98f9-3a3b-4712-ae39-8805036825c2,Spoonface,10,0,0,0,2026-09-20,Background|SensorHistory|UserProfile|ComplicationSubscriber,14,Spoons,1,0,1,0
9169d761-a772-4ed4-bc7e-a6130c319755,Recovery,10,0,0,0,2026-08-24,SensorHistory|UserProfile|ComplicationSubscriber,45,SPCoilandgas,1,0,1,0
8f6cc00e-12f5-4a78-88ba-f6f4b9b1fe3b,Recovery Dashboard,10,0,0,0,2026-06-10,Positioning|Background|SensorHistory,6,SurfaceLab,1,1,1,0
d522f426-8859-4ec6-9202-6b0fc3027ee9,Billy · Morning Recovery: Sleep & Stress,10,0,0,0,2026-09-22,Background|SensorHistory|Communications|ComplicationSubscriber,86,Surf_n_Paddle,1,0,1,0
250003ef-59b6-43b9-a004-d18bd8660849,StatAni.Honey_3.12.08_42,10,0,0,0,2023-12-08,Positioning|Background|SensorHistory|UserProfile|ComplicationSubscriber,13,mimi74,1,1,0,0
2989e8af-f69a-41ca-a719-cd0b7945c66d,StatAni.Purple_3.12.08_42,10,0,0,0,2023-12-08,Positioning|Background|SensorHistory|UserProfile|ComplicationSubscriber,13,mimi74,1,1,0,0
52d2c311-a433-484b-8140-a9a852e035cf,StatAni.Purple_3.12.08_47,10,0,0,0,2023-12-08,Positioning|Background|SensorHistory|UserProfile|ComplicationSubscriber,12,mimi74,1,1,0,0
d73fa45a-cf78-4da8-8895-7e80812aca7f,StatAni.Purple_3.12.08_51,10,0,0,0,2023-12-08,Positioning|Background|SensorHistory|UserProfile|ComplicationSubscriber,7,mimi74,1,1,0,0
0c6df002-c025-419b-b7b5-c2382da31128,Triathlete's Edge,10,0,0,0,2026-08-24,SensorHistory|UserProfile|ComplicationSubscriber,45,SPCoilandgas,0,0,0,0
a20e41cf-8f72-4b56-aa8f-2de02851d97c,RestBloom RainForest,10,0,0,0,2026-07-17,SensorHistory|UserProfile,8,Usshiiii,1,0,1,0
7130cc5a-c065-4c26-9dbb-e10ae39ad131,GalaxyFitness,10,0,0,0,2026-08-25,Positioning|SensorHistory|UserProfile|ComplicationSubscriber,9,FitnessWatchFace,0,1,0,0
c4fb975b-e014-4327-a8f9-9588c233e1cc,RestBloom MistGarden,10,0,0,0,2026-08-24,SensorHistory|UserProfile,8,Usshiiii,1,0,1,0
afe52811-d89a-416b-98e1-f269f5d1e226,Iron Clock,10,0,0,0,2026-08-24,SensorHistory|UserProfile|ComplicationSubscriber,45,SPCoilandgas,1,0,1,0
e7ddc5a4-2a91-43f1-a50b-6b7e6dad675d,Shutterbug,10,0,0,0,2026-09-08,Positioning|SensorHistory|UserProfile,86,Trudelta,1,1,0,0
7baff9ee-3042-44ea-ab1c-a753a8d6a304,RestBloom Sakura,10,0,0,0,2026-06-25,SensorHistory|UserProfile,13,Usshiiii,1,0,1,0
d4a4277a-3ab5-490a-a6de-f4e677485289,Storm Runner,10,0,0,0,2026-09-12,Background|SensorHistory|Communications|ComplicationSubscriber,52,DanielGukovsky,0,0,0,0
ed44223b-1555-438c-b341-67ab6f5e2863,Urban Runner,10,0,0,0,2026-09-12,Background|SensorHistory|Communications|ComplicationSubscriber,52,DanielGukovsky,0,0,0,0
34eb1cc3-4760-43f7-914e-a1db643a86f5,Road Runner,10,0,0,0,2026-09-12,Background|SensorHistory|Communications|ComplicationSubscriber,52,DanielGukovsky,0,0,0,0
5d650938-50fd-4b0e-a5a7-8b3e84633c32,RestBloom MoonGarden,10,0,0,0,2026-07-05,SensorHistory|UserProfile,8,Usshiiii,1,0,1,0
248e1eb5-7768-4730-90d1-b0f05308b35c, Morty the Sleepy Cat: Breathing & Puns,10,0,0,0,2026-03-23,SensorHistory,1,Supjackjack,0,0,0,0
a81e93f8-062f-485f-ab15-c45ab6d8da65,Cadillac Mountain | Acadia,10,0,0,0,2025-12-29,Background|Communications,173,ArcApps,0,1,0,1
4248d082-522d-498c-aeb8-ebc6d637b9a2,Radiant C2,10,0,0,0,2024-08-28,Positioning|Background|SensorHistory|UserProfile|Communications,61,cczz,1,0,0,0
3ccf4692-42ea-4c60-9090-f03c600588d4,Radiant Lava,10,0,0,0,2026-08-24,Positioning|Background|SensorHistory|UserProfile|Communications,82,Madeline,0,0,0,0
b9cd4ec6-87cd-4730-99ac-136a979dd678,Deco Radiance,10,0,0,0,2026-08-24,Positioning|Background|SensorHistory|UserProfile|Communications,81,Yschen,1,0,0,0
acb6c347-4cf0-4b1d-add3-d39083846a43,Sand Radiance,10,0,0,0,2026-08-25,Positioning|Background|SensorHistory|UserProfile|Communications,82,Maisie,0,0,0,0
0647b822-99e1-45eb-9724-e4f14e532e7b,Coastline | Acadia,10,0,0,0,2025-11-09,Background|Communications,173,ArcApps,0,0,0,0
8071489b-7015-4265-b3bd-cfc2d0d01d70,Radiant Flora,10,0,0,0,2026-08-25,Positioning|Background|SensorHistory|UserProfile|Communications,79,Douglas341,0,0,0,0
dcc21b46-656e-4c29-a397-f1827b5f9218,Blue Radiance,10,0,0,0,2026-08-28,Positioning|Background|SensorHistory|UserProfile|Communications,71,cczz,1,0,0,0
a15d526c-7db7-4748-a565-0a3c86dd6019,Radiant Buddha,10,0,0,0,2026-08-28,Positioning|Background|SensorHistory|UserProfile|Communications,71,Wonderful,0,0,0,0
8d1b95b5-c977-4034-8af3-167f37785b1b,Violet Radiance,10,0,0,0,2026-08-28,Positioning|Background|SensorHistory|UserProfile|Communications,71,SunEast,0,0,0,0
ea865d7b-ba52-460d-a2f9-bd41040c4fc9,Radiant Hibiscus,10,0,0,0,2026-08-28,Positioning|Background|SensorHistory|UserProfile|Communications,70,SunVenus,0,0,0,0
3ce3d602-d860-465b-9569-13d85db13066,Radiant Ring,10,0,0,0,2026-08-28,Positioning|Background|SensorHistory|UserProfile|Communications,70,Wonderful,0,0,0,0
c86e2098-cccf-4334-922e-7970406483d5,Radiant Pads,10,0,0,0,2026-08-28,Positioning|Background|SensorHistory|UserProfile|Communications,71,SunVenus,0,0,0,0
cbe03270-b0ac-41b3-8ccd-c42ef84e64b6,Radiant Outline,10,0,0,0,2026-08-28,Positioning|Background|SensorHistory|UserProfile|Communications,72,Warm,0,0,0,0
83434a4e-1e8a-4e81-af67-0b26f18bb8f4,Green Radiance,10,0,0,0,2024-08-20,Positioning|Background|SensorHistory|UserProfile|Communications,61,SunVenus,0,0,0,0
7588834a-4ed8-49f8-a458-d79fa370b3b7,Golden Radiance,10,0,0,0,2024-01-12,Positioning|Background|SensorHistory|Communications,91,SunVenus,0,0,0,1
2907e0a1-3f55-46fd-bb5c-6ea68925fad7,GUARDIAN LOGICS - Rose Copper,10,0,0,0,2026-08-16,,10,sakura,0,0,0,0
c1242ba1-5c8f-4dd1-93be-ddcd57c6c67a,Radiant Bloom Flowers G,10,0,0,0,2026-08-25,Background|Communications,59,atomia,0,0,0,0
95207874-727e-4324-a4e2-f41a01a7d929,Radiant Pink Flower Glow G,10,0,0,0,2026-08-25,Background|Communications,58,atomia,0,0,0,0
f1212753-c21d-4ffa-b5ab-7c6271af27ca,TibetanGuardian,10,0,0,0,2026-08-24,Positioning|Background|SensorHistory|UserProfile|Communications,82,Yschen,1,0,0,0
098f006f-b20d-460a-9c33-d75f2118b8e5,Meridian,10,0,0,0,2026-08-24,SensorHistory|UserProfile,45,SPCoilandgas,0,0,0,0
43247406-1c82-4b79-858a-2e29daf900bc,Circuit,10,0,0,0,2026-08-27,Positioning|Background|SensorHistory|UserProfile|Communications,79,magicxh,0,0,0,0
78c277e4-a826-4741-a5ce-470e11965ab2,Circles,10,0,0,0,2025-05-12,UserProfile,51,Sam Hofman,0,0,0,0
12f052b5-974f-464b-8384-31419b6798fb,Golden Hour Steps,10,0,0,0,2026-08-25,Background|SensorHistory|Communications|ComplicationSubscriber,120,Islandic,1,0,0,1
b9b6c895-780f-444f-b6c8-a938ef4ae31c,Golden Hour by the Lake,10,0,0,0,2026-08-28,Background|UserProfile|Communications,186,Design_Clock,0,0,0,1
ddd5fc92-05f3-4f2c-b262-bf2a89a6c5e5,Tulip Hour,10,0,0,0,2026-08-25,Positioning|Background|SensorHistory|UserProfile|Communications,79,Xue520,1,0,0,0
44632fa5-8d52-4f26-8ce2-7623071808a4,Flora Hour,10,0,0,0,2024-03-11,Positioning|Background|SensorHistory|UserProfile|Communications,93,cczz,0,0,0,0
d1323ba9-8ddf-4457-961a-221e804cdc58,Golden,10,0,0,0,2026-08-27,Positioning|Background|SensorHistory|UserProfile|Communications,79,Intimity,0,0,0,1
5a8d3fd2-e964-4f7e-8f13-b7e59ab4cd88,golden,10,0,0,0,2026-08-27,Positioning|Background|SensorHistory|UserProfile|Communications,74,Geoge,0,0,0,1
f9dbbaa0-6c24-4de6-afa1-447482fa122f,Golden,10,0,0,0,2023-10-12,Background|UserProfile|Communications,117,PhoeniXX,0,0,0,1
c16f55af-7d73-4fde-95f9-0984a92f97f5,Koi Pond Hour,10,0,0,0,2026-08-25,Positioning|Background|SensorHistory|UserProfile|Communications,78,Xue520,1,0,0,0
936b3177-590e-4b5a-a143-251bfe4b5f51,Cuddly Animal Hour,10,0,0,0,2026-09-08,Positioning|Background|SensorHistory|UserProfile|Communications|ComplicationSubscriber,86,Xue520,1,0,0,0
5b72e947-261a-4cd6-b704-334961ac02af,Jump Hour Window,10,0,0,0,2026-08-24,Positioning|SensorHistory|UserProfile,45,SPCoilandgas,0,0,0,0
40e5738f-b8dd-4a8a-8eab-ede187a70fbb,Cloud Branch Hour,10,0,0,0,2026-08-27,Positioning|Background|SensorHistory|UserProfile|Communications,79,Vista,1,0,0,0
175fd31e-a1ba-49b9-b1d3-b7ea41d08855,Golden Leaves,10,0,0,0,2026-08-25,Background|Communications,185,Tiberiu,0,0,0,1
8c24b2f1-f3c6-464f-9b9f-d3720bcfad3a,Golden Glitter,10,0,0,0,2026-08-25,Background|Communications,185,paiusil,0,0,0,1
8ae8c137-25d3-4ad4-9d3c-3cb292d44c67,Golden Floral,10,0,0,0,2026-08-25,Background|Communications,185,paiusil,0,0,0,1
b9341b7e-affc-4958-b126-421078612cac,Golden Hay,10,0,0,0,2026-08-25,Background|Communications,185,gditus,0,0,0,1
31151fa3-f768-44e2-b008-7044fa2462bd,Golden Analog,10,0,0,0,2026-08-24,Positioning|Background|SensorHistory|UserProfile|Communications,86,GreenPoint,1,1,0,1
35e837e4-7c28-4631-aa8c-ba918e668477,Golden Arc,10,0,0,0,2026-08-28,Positioning|Background|SensorHistory|Communications|Sensor,81,GreenPoint,1,0,0,1
acafa014-66d7-43c2-8fdd-dfbcf3e5a046,Golden Horizon,10,0,0,0,2026-08-28,Background|SensorHistory|UserProfile|Ant|Communications|PushNotification|Sensor,190,LXWATCH,0,0,0,1
91463b3a-cf35-4d69-859e-edc883c0a084,Golden Reticle,10,0,0,0,2026-08-25,SensorHistory,163,Paruath,0,0,0,1
3091be09-833b-42a2-b80e-d4c6f601a2e2,Golden Horizon,10,0,0,0,2026-08-28,Background|SensorHistory|UserProfile|Ant|Communications|PushNotification|Sensor,191,AmazingClockFaces,0,0,0,1
84d3ee2f-fbce-47d2-8093-0efd07d59254,Golden Leaves,10,0,0,0,2023-11-15,Background|SensorHistory|Communications,146,TimeFace,0,0,0,1
aa61e8d1-dc3f-4d37-9fc5-b5d73785478c,Golden Panther,10,0,0,0,2026-08-24,Positioning|Background|SensorHistory|UserProfile|Communications,82,Madeline,0,0,0,1
9a7f9b20-a4fd-4e37-b5d0-fc96ed231ec6,Golden Owl,10,0,0,0,2026-08-24,Positioning|Background|SensorHistory|UserProfile|Communications,82,Xue520,1,0,0,1
719af213-4102-412e-a082-9b46ed4b4f76,Golden Lotus,10,0,0,0,2026-08-24,Positioning|Background|SensorHistory|UserProfile|Communications,82,Xue520,1,0,0,1
7a71339f-e17a-46e8-a282-8c568473e4d8,Golden Surf,10,0,0,0,2026-08-24,Positioning|Background|SensorHistory|UserProfile|Communications,82,Douglas341,0,0,0,1
32fb154d-3f41-4caa-8d55-9cd1d5d639df,Golden Devotion,10,0,0,0,2026-08-24,Positioning|Background|SensorHistory|UserProfile|Communications,82,Xue520,1,0,0,1
0b1f7bb3-8783-4d73-a6fa-3b8be6299a3d,Golden Retriever,10,0,0,0,2026-08-24,Positioning|Background|SensorHistory|UserProfile|Communications,82,PawDan,1,0,0,1
3572f69d-2901-41c2-9fad-14bdbcaed1b3,Golden Drop,10,0,0,0,2026-08-25,Positioning|Background|SensorHistory|UserProfile|Communications,82,Amber,0,0,0,1
4a9101b6-8a2b-4383-b733-c52257fd7033,Twilight,10,0,0,0,2026-08-25,Positioning|Background|SensorHistory|UserProfile|Communications,79,Yschen,1,0,0,1
bd245003-0372-4ca4-8b7d-745a61ac7cf6,Twilight,10,0,0,0,2026-08-28,Background|SensorHistory|Communications|ComplicationSubscriber,113,tatu_vic,1,1,0,1
a9d0ebfd-67a6-45de-9793-f40b3010684e,Twilight,10,0,0,0,2026-08-28,Background|Communications,161,RiseUp,0,0,0,1
62e55b71-9986-42c9-9b90-4383ae5658fd,Rose Twilight,10,0,0,0,2026-09-07,Positioning|Background|SensorHistory|UserProfile|Communications,86,Blossy,0,0,0,1
91175dc1-0f24-4f64-86ac-0045cb3453ae,Twilight Chalet,10,0,0,0,2026-09-02,Positioning|Background|SensorHistory|UserProfile|Communications|ComplicationSubscriber,79,Madeline,0,0,0,1
b517360f-9c8a-488a-a81a-87b9f01b3e02,Twilight Lotus,10,0,0,0,2026-08-25,Positioning|Background|SensorHistory|UserProfile|Communications,82,Amber,0,0,0,1
ee51e45e-d1b8-496b-beb1-6fe3a381912e,Twilight Bus,10,0,0,0,2026-08-25,Positioning|Background|SensorHistory|UserProfile|Communications,82,Amber,0,0,0,1
59ee9e5a-4856-45d5-9724-e51d840038b0,Twilight Line,10,0,0,0,2026-08-25,Positioning|Background|SensorHistory|UserProfile|Communications,82,Amber,0,0,0,1
29d6def5-5c99-448c-aac4-c7234ea72dbd,Twilight Deer,10,0,0,0,2026-08-25,Positioning|Background|SensorHistory|UserProfile|Communications,78,Madeline,0,0,0,1
37fb1725-a5a8-456a-aca0-8eb845130ada,Twilight Cherry,10,0,0,0,2026-08-25,Positioning|Background|SensorHistory|UserProfile|Communications,78,Amber,0,0,0,1
5c5d01f8-956c-4404-942a-362f8d5396d5,Twilight Road,10,0,0,0,2026-08-25,Positioning|Background|SensorHistory|UserProfile|Communications,79,Yoghurt,0,0,0,1
4f354c20-3cd9-4c0c-be7f-a0b8a37966cf,Twilight Crest,10,0,0,0,2026-08-25,Positioning|Background|SensorHistory|UserProfile|Communications,79,Yoghurt,0,0,0,1
7ce3728d-3b77-40cf-8a53-a7d5b019d460,Twilight Petals,10,0,0,0,2026-08-27,Positioning|Background|SensorHistory|UserProfile|Communications,74,DFZY,1,0,0,1
4181c0ea-de21-456e-b49b-6722a277c138,Twilight Rose,10,0,0,0,2026-08-25,Positioning|Background|SensorHistory|UserProfile|Communications,79,Amber,0,0,0,1
ffd74687-8827-4a24-9a88-d41bf27101c4,Twilight Ridge,10,0,0,0,2026-08-25,Positioning|Background|SensorHistory|UserProfile|Communications,79,Amber,0,0,0,1
6fde796b-bbe2-4fd2-9c26-d47c6a1928db,Coastal Twilight,10,0,0,0,2026-08-25,Positioning|Background|SensorHistory|UserProfile|Communications,78,Yschen,1,0,0,1
2273c6b0-e522-46c5-9dd7-18a7624634ee,Sky Twilight,10,0,0,0,2024-08-09,Background|UserProfile|Communications,175,LXTHEMES,0,0,0,1
54151727-8564-4d44-abb3-c3c7da6b9af0, Twilight Ripple ,10,0,0,0,2026-08-28,Positioning|Background|SensorHistory|UserProfile|Communications,74,SunEast,0,0,0,1
ce27fee9-66a1-4bef-ae48-cb39942955e4,Twilight Monarch,10,0,0,0,2026-08-28,Background|SensorHistory|UserProfile|Ant|Communications|PushNotification|Sensor,192,SpecialFaces,0,0,0,1
4d7e7ca0-f7b3-49d7-bb96-8afc911df15a,Twilight Refuge,10,0,0,0,2026-08-28,Background|SensorHistory|UserProfile|Ant|Communications|PushNotification|Sensor,192,SpecialClock,0,0,0,1
80489bcc-0d81-463a-aa8a-5c766bd6d4e1,Twilight Trail ,10,0,0,0,2026-08-28,Positioning|Background|SensorHistory|UserProfile|Communications,74,Yoghurt,0,0,0,1
c4410bdb-9e76-42bc-a048-2037ee4afd33,Twilight Fuji,10,0,0,0,2026-08-28,Positioning|Background|SensorHistory|UserProfile|Communications,70,Yoghurt,0,0,0,1
475ec3bd-4cf4-46d4-bfc4-0b76f450e54c,Twilight Rocks,10,0,0,0,2026-08-28,Positioning|Background|SensorHistory|UserProfile|Communications,74,SunEast,0,0,0,1
c19be44d-7079-48a9-80a7-68bceb21216d,Twilight Voyage,10,0,0,0,2026-08-28,Background|SensorHistory|UserProfile|Ant|Communications|PushNotification|Sensor,195,LXWATCH,0,0,0,1
80fb23c4-dbb9-4a2c-9755-73d3dfcf3bde,Twilight Tent,10,0,0,0,2026-08-28,Positioning|Background|SensorHistory|UserProfile|Communications,74,Wonderful,0,0,0,1
ad9057e0-ae7d-4e6f-b494-6ce27465b10b,Twilight Florals,10,0,0,0,2026-08-28,Positioning|Background|SensorHistory|UserProfile|Communications,74,AeroZen,0,0,0,1
1b9338cc-2191-4aaf-991a-ab2190cc174e,Winter Twilight,10,0,0,0,2023-10-12,Background|UserProfile|Communications,117,AmazingClockFaces,0,0,0,1
e47c0e60-6db9-4e7c-919d-90edc10f1a1d,Pondering Twilight,10,0,0,0,2024-02-28,Background|UserProfile|Communications,173,ZFWATCHFACES,0,0,0,1
b12722b9-5774-422c-8759-ed82fee6c28c,Twilight Lake,10,0,0,0,2024-01-16,Positioning|Background|SensorHistory|Communications,91,Warm,0,0,0,1
1a2ddc03-e37f-43a1-bcde-2be864eb6f12,Twilight Fire Flower G,10,0,0,0,2026-08-28,Background|Communications,59,atomia,0,0,0,1
a5fbe041-b836-435c-87cb-2fae2cb5dc65,Into the Golden Twilight,10,0,0,0,2026-08-28,Background|SensorHistory|UserProfile|Ant|Communications|PushNotification|Sensor,190,BWFaces,0,0,0,1
4f00ca0f-45d2-42aa-b14d-71a7174ff0d0,Twilight Forest Red Hearts,10,0,0,0,2026-08-28,Background|UserProfile|Communications,186,Design_Clock,0,0,0,1
8980c4ee-eeda-4d69-bdb5-9044691f90dd,Amiga Sea Pro Lume (Style Twilight 00),10,0,0,3.49,2026-09-07,Positioning|Background|SensorHistory|UserProfile|Communications|ComplicationSubscriber,65,LuxeLion,1,0,0,1
6ba015fc-26ce-4e8b-9672-1f7f1a854156,TwilightTide,10,0,0,0,2026-08-25,Positioning|Background|SensorHistory|UserProfile|Communications,79,Xue520,1,0,0,1
a68e26d6-2b16-4a00-ac56-df0ac2465482,A Love Story in the Twilight Forest,10,0,0,0,2026-08-28,Background|SensorHistory|UserProfile|Ant|Communications|PushNotification|Sensor,190,DmClockFaces,0,0,0,1
20d4ee6f-a5d0-459f-a467-38aa0352e4ef,‌Alpine Twilight‌,10,0,0,0,2026-08-25,Positioning|Background|SensorHistory|UserProfile|Communications,79,Xue520,1,0,0,1
87cfc426-7175-4bda-9b91-62c9c62a4d2d,Moonlit Range,10,0,0,0,2026-08-28,Positioning|Background|SensorHistory|UserProfile|Communications,70,SunVenus,0,0,0,0
817d0809-8f5c-49d0-b563-79f238d2a516,Celestial Sun and Moon,10,0,0,0,2023-11-15,Background|UserProfile|Communications,144,ZFWATCHFACES,0,0,0,1
353ab441-064a-4600-ac8d-ba2269dbedde,Sunset Moon,10,0,0,0,2023-11-15,Background|UserProfile|Communications,146,LXWATCH,0,1,0,1
48822e5c-63cb-4106-a486-9b237c2caba0,Moon Sunset,10,0,0,0,2024-02-24,Background|UserProfile|Communications,173,SmartwatchWF,0,1,0,1
2b8272a8-8d65-4f69-98e1-9e158ddf4c9d,MooN,10,0,0,0,2024-06-11,Background|Communications,151,RiseUp,0,1,0,0
b166421f-5bdb-4b87-8e6b-6d42153ba314,Pink Moon,10,0,0,0,2023-11-15,Background|UserProfile|Communications,144,ZFWATCHFACES,0,0,0,0
a6618db9-d225-4739-b1ab-603b66d8b060,Moon,10,0,0,0,2026-08-25,Background|SensorHistory|Communications|Sensor,193,Melentina,0,0,0,0
e9a18ecd-f344-4ee0-aab0-f85b53cbe805,Moon,10,0,0,0,2026-08-27,Positioning|Background|SensorHistory|UserProfile|Communications,79,magicxh,0,0,0,0
994d4716-704d-41d3-a4ac-97044d163428,moon,10,0,0,0,2026-08-25,Positioning|Background|SensorHistory|UserProfile|Communications,79,Tong90,0,0,0,0
3ca6c5f2-7fe5-4ed4-b22f-af599c1f9678,Moon,10,0,0,0,2024-01-18,Background|SensorHistory|Communications,144,tatu_vic,0,0,0,0
8f14af70-6735-4ac2-bf6b-229db7e20980,Moon,10,0,0,0,2016-09-29,,12,riro.at,0,0,0,0
1032277d-02da-4a7a-a816-2cd9397d9739,Day/Night Rendezvous,10,0,0,0,2026-08-25,Positioning|SensorHistory|UserProfile,59,Trudelta,0,1,0,1
e1b57e05-d770-4f7e-9638-96caf4bbaf8f,Day Night Cycle,10,0,0,0,2026-08-24,Positioning|Background|Communications,110,Edel,0,1,0,1
4f60850b-c61a-44c6-9e2f-23de62321312,Timezone Map Day & Night TRIAL,10,0,0,0,2026-08-25,Positioning|Background|SensorHistory|Communications|ComplicationSubscriber,17,Design_Lichtenberger,0,0,0,0
ed363b48-2dc0-472d-9bf2-1ede64142a77,Harmony of Day and Night,10,0,0,0,2026-08-28,Background|UserProfile|Communications,188,LXTHEMES,0,0,0,0
c0db4a4b-7109-4f69-9f72-6d2e37acce29,Starry Night: Van Gogh Art Watch Face,10,0,0,4.69,2026-09-07,Positioning|Background|SensorHistory|UserProfile|Communications,143,li2niu,0,0,0,0
903c9e39-0885-4ae6-ae93-9ce3bbc1e98f,Night,10,0,0,0,2026-08-28,Background|SensorHistory|Communications|ComplicationSubscriber,113,Islandic,1,0,0,0
b70248dd-3c14-4f6e-9100-34aec707b170,NIGHT,10,0,0,0,2024-08-09,Background|Communications,151,RiseUp,0,1,0,0
817f9213-611d-47ab-bef5-1241a567b530,Stardew Valley Day/Night Sq ver.,10,0,0,0,2026-09-09,Positioning|SensorHistory|ComplicationSubscriber,2,eddieliu1321,0,0,0,1
441afbfc-0aad-4836-939e-67e4edb7b12a,Spider Day,10,0,0,0,2026-08-25,Positioning|Background|SensorHistory|UserProfile|Communications,79,Madeline,0,0,0,0
fca65d3e-67d3-477f-aaf6-bddd5ebbc46f,Orchid Day,10,0,0,0,2026-08-25,Positioning|Background|SensorHistory|UserProfile|Communications,79,Madeline,0,0,0,0
fa2008b7-3035-4498-9c9a-c8e59d62f55c,Elf Day,10,0,0,0,2026-08-25,Positioning|Background|SensorHistory|UserProfile|Communications,79,Madeline,0,0,0,0
e13e1900-ce29-444a-8bae-9dc49ede36bc,Nice Day,10,0,0,0,2026-08-25,Positioning|Background|SensorHistory|UserProfile|Communications,79,Madeline,0,0,0,0
04bdc305-e955-4c69-9c9b-3e7ef7601567,Tiger Day,10,0,0,0,2026-08-27,Positioning|Background|SensorHistory|UserProfile|Communications,79,Madeline,0,0,0,0
9d96c06c-46b1-4be3-81c8-0fe4f1a61b65,One Day,10,0,0,0,2026-08-27,Positioning|Background|SensorHistory|UserProfile|Communications,79,Madeline,0,0,0,0
9b7c7900-71fa-4dfe-aca6-09720dba72d8,Cat Day,10,0,0,0,2026-08-25,Positioning|Background|SensorHistory|UserProfile|Communications,79,Madeline,0,0,0,0
55e6bb6a-a39a-44e6-941a-b7d328bccbd3,Nightshift,10,0,0,0,2026-08-24,Positioning|SensorHistory|UserProfile,45,SPCoilandgas,1,1,0,1
748e6e34-80b1-4939-b097-d7caa9653432,DayOfTheDead454,10,0,0,2.49,2026-08-28,,51,JS_ProDesign,0,0,0,0
3bc676fa-f139-47c8-8ccb-a240576db4b3,Vesak Day,10,0,0,0,2026-08-28,Background|SensorHistory|Communications,172,Emer75x,0,0,0,0
3a79e054-97db-4348-b530-5c9b7d738654,Independence Day,10,0,0,0,2023-10-13,Positioning|Background|SensorHistory|UserProfile|Communications,117,GarFit,0,0,0,0
3f9d9254-0d79-4e98-9f01-b42fdcba9c78,Beach Night,10,0,0,0,2026-08-28,Background|Communications,180,dmdwch,0,0,0,0
6003ca47-92ef-4013-bb75-73d33142be10,Night Stone,10,0,0,0,2026-08-28,Background|UserProfile|Communications,183,Magic-Clock,0,0,0,0
7a95683d-203c-4844-9eb0-9225e7b40083,Loving Night,10,0,0,0,2024-01-05,Background|UserProfile|Communications,173,Magic-Clock,0,0,0,0
7eaf8634-ebb5-4c17-a252-f6b00c8f41cf,Rainy night,10,0,0,0,2024-01-02,Background|UserProfile|Communications,173,Magic-Clock,0,0,0,0
978fbf51-8fa1-4a68-93dc-61c2da7d5f16,Dandelion Night,10,0,0,0,2026-08-28,Background|Communications,180,dmdwch,0,0,0,0
fcf58797-4dbe-4d38-9683-641855ddcf66,Silent Night,10,0,0,0,2024-08-09,Background|Communications,175,xtendvision,0,0,0,0
d3b680d0-f2d6-4280-8b51-c3a8bee92bff,No Stress,10,0,0,0,2023-10-12,Background|UserProfile|Communications,117,PhoeniXX,0,1,0,0
7f92310d-e1f9-4dc1-a8b8-1bde4be51947,Stress lite,10,0,0,0,2026-08-28,Background|SensorHistory|UserProfile|Communications|ComplicationSubscriber|Sensor,95,TimeFace,0,1,0,0
f1c032c3-5804-49f5-9ec3-d730778d97a4,Astra Vital Free – Health & Stress Watch Face,10,0,0,0,2026-09-25,SensorHistory|UserProfile|ComplicationSubscriber,63,astra-dev,1,1,0,0
2398f87d-f82c-45e6-abc1-be08cd4d8e64,Stress Buddy: 12-State Health Watch Face,10,0,0,0,2026-09-20,SensorHistory|UserProfile|ComplicationSubscriber,63,Sunday,1,1,0,0
d45d8c7b-da8c-4eed-8054-78f3ec31a820,LevelGauge,10,0,0,2.99,2026-08-25,UserProfile,75,TDSH,0,0,0,0
63a8ac6c-f9b2-4593-9e86-93b0ed6e21c6,Pulse Arc,10,0,0,0,2026-09-16,Positioning,4,PulseArc,0,1,0,0
4d0c8edb-7f35-4788-9f21-4ffda2835d88,Urban Arc,10,0,0,0,2026-08-25,Positioning|Background|SensorHistory|UserProfile|Communications,82,Amber,0,0,0,0
5c651626-42a0-4630-a6e1-57da57b15ea3,Noir Arc,10,0,0,0,2026-08-25,Positioning|Background|SensorHistory|UserProfile|Communications,78,Madeline,0,0,0,0
e547d4d1-ea18-444d-91e8-aa5463a8bea8,Chromatic Arc,10,0,0,0,2026-08-25,Positioning|Background|SensorHistory|UserProfile|Communications,58,Douglas341,0,0,0,0
aff62479-9e9c-469b-88ec-5a30ecdafdf2,Half Arc,10,0,0,0,2026-08-25,Positioning|Background|SensorHistory|UserProfile|Communications,79,Madeline,0,0,0,0
7b34f0da-9d7c-4eb9-9238-ab072e1df60c,Digital Arc,10,0,0,0,2026-08-24,Positioning|Background|SensorHistory|UserProfile|Communications|ComplicationSubscriber,81,Maisie,0,0,0,0
51793c91-9399-49ad-9503-b7b070027313,Golde Arc,10,0,0,0,2026-08-28,Positioning|Background|SensorHistory|UserProfile|Communications,70,Madeline,0,0,0,0
2f2bac37-da27-4b86-9c88-c4e0510a153f,Tranquil Arc,10,0,0,0,2024-04-11,Positioning|Background|SensorHistory|UserProfile|Communications,93,cczz,0,0,0,0
08acdfb8-1c03-47a5-9968-8436ac453583,Dusk,10,0,0,0,2024-01-03,Background|SensorHistory|Communications,144,tatu_vic,0,1,0,1
c8fd3d07-71d3-49ba-a55b-9dd321780a68,Dusk,10,0,0,0,2026-08-27,Positioning|Background|SensorHistory|UserProfile|Communications,79,Geoge,0,0,0,1
ac5bd9ec-17ce-48b7-859e-a487860dd454,Dusk,10,0,0,0,2026-08-27,Positioning|Background|SensorHistory|UserProfile|Communications,79,Geoge,0,0,0,1
11beb0e5-e5b2-446e-855f-995067e7093b,DUSK,10,0,0,0,2026-08-28,Background|Communications,166,RiseUp,0,0,0,1
afedcab1-7cac-4e18-a296-ced51924cbda,Dusk,10,0,0,0,2026-08-28,Background|SensorHistory|Communications|ComplicationSubscriber,113,Islandic,1,1,0,1
fa642122-574c-4ba0-ae11-7d9f095f6cf6,Dawn,10,0,0,0,2024-01-04,Background|SensorHistory|Communications,144,tatu_vic,0,1,0,1
f6ef0b5a-8952-4541-9041-74f349fc0b37,Dusk Cyan,10,0,0,0,2026-08-24,Positioning|Background|SensorHistory|UserProfile|Communications,82,Maisie,0,0,0,1
cd02cb9d-4515-4f6c-8475-1e48a652ec73,Orange Dusk,10,0,0,0,2026-08-25,Positioning|Background|SensorHistory|UserProfile|Communications,82,Amber,0,0,0,1
017c0c5f-4cb8-4202-b2d2-af0589221768,Palm Dusk,10,0,0,0,2026-08-25,Positioning|Background|SensorHistory|UserProfile|Communications,82,Douglas341,0,0,0,1
f8d20fd7-e811-42d3-b5a7-674a361a0335,Dusk Lighthouse,10,0,0,0,2026-08-25,Positioning|Background|SensorHistory|UserProfile|Communications,78,Amber,0,0,0,1
a2d6e168-e322-46b5-ae38-b1c646407016,Dusk Grass,10,0,0,0,2026-08-25,Positioning|Background|SensorHistory|UserProfile|Communications,78,Xue520,1,0,0,1
aba037e0-fbdf-486a-afa7-22162c6b422e,Dusk Crane,10,0,0,0,2026-08-25,Positioning|Background|SensorHistory|UserProfile|Communications,78,Madeline,0,0,0,1
d0ecc7a4-722c-47ab-b6b9-b6bb72e27c53,Crescent Dusk,10,0,0,0,2026-08-25,Positioning|Background|SensorHistory|UserProfile|Communications,78,Amber,0,0,0,1
061d753e-4154-4e56-ba94-afe031089358,Wave Dusk,10,0,0,0,2026-08-25,Positioning|Background|SensorHistory|UserProfile|Communications,79,Vista,1,0,0,1
a7341402-c0b1-4cc9-8e62-46837f990226,Dusk Pier,10,0,0,0,2026-08-25,Positioning|Background|SensorHistory|UserProfile|Communications,79,Vista,1,0,0,1
3038bf95-f834-4661-af2b-6ea09c821ed5,Tropical Dusk ,10,0,0,0,2026-08-25,Positioning|Background|SensorHistory|UserProfile|Communications,79,Douglas341,0,0,0,1
d6903380-c581-41b9-862e-06934b11aeaf,Haunted Dusk,10,0,0,0,2026-08-25,Positioning|Background|SensorHistory|UserProfile|Communications,79,Douglas341,0,0,0,1
330a8381-b9f9-4c8c-bbf6-8f2f923e5fc6,Starry Dusk,10,0,0,0,2026-08-28,Positioning|Background|SensorHistory|UserProfile|Communications,73,Vista,0,0,0,1
dc5ab17f-9d75-4fae-a70b-501925716d26,Retro Dusk,10,0,0,0,2026-08-25,Positioning|Background|SensorHistory|UserProfile|Communications,79,Amber,0,0,0,1
0052376b-5d44-44ef-9108-99136d9983de,Dusk Launch,10,0,0,0,2026-08-25,Positioning|Background|SensorHistory|UserProfile|Communications,79,Madeline,0,0,0,1
f772ebd9-e80e-48a7-8343-804f965a545e,Rosy Dusk,10,0,0,0,2026-08-25,Positioning|Background|SensorHistory|UserProfile|Communications,79,Xue520,1,0,0,1
d2369c5f-aaa4-44d0-9fc8-52fe56f982dc,Crimson Dusk,10,0,0,0,2026-08-25,Positioning|Background|SensorHistory|UserProfile|Communications,79,Amber,0,0,0,1
8f1e73f1-c4ea-44b6-9398-e527c5175713,Dusk Bridge,10,0,0,0,2026-08-25,Positioning|Background|SensorHistory|UserProfile|Communications,79,Madeline,0,0,0,1
561bd13d-47b5-46d4-983c-370a8b6c2467,Dusk Drift,10,0,0,0,2026-08-25,Positioning|Background|SensorHistory|UserProfile|Communications,79,Douglas341,0,0,0,1
66824081-86ad-4fe0-a9c0-81c652405729,Mountain Dusk,10,0,0,0,2026-08-25,Positioning|Background|SensorHistory|UserProfile|Communications,78,Xue520,1,0,0,1
2ddacb4d-80e1-43de-8d0e-35c61a6ef2e8,Dusk Flora,10,0,0,0,2026-08-28,Positioning|Background|SensorHistory|UserProfile|Communications,70,cczz,0,0,0,1
04e457f5-eafd-4282-a887-9674663b31be,Dusk Flight,10,0,0,0,2026-08-28,Positioning|Background|SensorHistory|UserProfile|Communications,74,SunEast,0,0,0,1
ef74d229-b53f-4353-8ea1-13517cc73fe7,Tropical Dusk,10,0,0,0,2026-08-28,Positioning|Background|SensorHistory|UserProfile|Communications,74,Warm,0,0,0,1
b17c0445-4cdf-45bb-909c-4e22909b1885,Dusk Rose,10,0,0,0,2026-08-28,Positioning|Background|SensorHistory|UserProfile|Communications,74,Warm,0,0,0,1
ffefb975-c113-45f7-9125-74e55b37efef,Quiet Dusk,10,0,0,0,2024-09-09,Positioning|Background|SensorHistory|UserProfile|Communications,61,Wonderful,0,0,0,1
4a0f6b9f-00ad-4b2f-80fc-db3159f0c9ac,Aurora Dusk,10,0,0,0,2024-01-01,Background|SensorHistory|Communications,144,Islandic,0,1,0,1
979812a2-16c3-46e3-8540-76daf1522667,Dusk beauty,10,0,0,0,2023-12-18,Background|SensorHistory|Communications,144,Islandic,0,1,0,1
057cb33f-1a49-4fc7-b2f1-83c562fecb4a,Green Dawn,10,0,0,0,2026-08-25,Positioning|Background|SensorHistory|UserProfile|Communications,82,Douglas341,0,0,0,1
16108cec-b922-4adc-be46-efa61d6ee208,Golden Dawn,10,0,0,0,2026-08-25,Positioning|Background|SensorHistory|UserProfile|Communications,82,Amber,0,0,0,1
76794362-1700-4b10-8102-076031809917,Stellar Dawn,10,0,0,0,2026-08-25,Positioning|Background|SensorHistory|UserProfile|Communications,78,Yschen,1,0,0,1
32b327a1-746a-4602-bd00-e35c2902d193,Dawn Terra,10,0,0,0,2026-08-25,Positioning|Background|SensorHistory|UserProfile|Communications,78,Yschen,1,0,0,1
7f520b2a-4ad6-45d4-8e0e-31b0ec553bce,Dawn Readout,10,0,0,0,2026-08-25,Positioning|Background|SensorHistory|UserProfile|Communications,78,Yschen,1,0,0,1
7e9d5cae-853b-467d-b61e-28d382609550,Gilded Dawn,10,0,0,0,2026-09-07,Positioning|Background|SensorHistory|UserProfile|Communications|ComplicationSubscriber,86,Amber,0,0,0,1
9b05676d-7588-4634-b871-51cd6af26d7f,Silkscreen Dawn,10,0,0,0,2026-08-31,SensorHistory|ComplicationSubscriber,18,gravelc,1,0,0,1
7f1afcd3-6da3-4dbd-af8a-a68627e5b4fa,Dawn Patrol,10,0,0,0,2026-08-24,Positioning|SensorHistory|UserProfile,45,SPCoilandgas,0,1,0,1
e89c5f79-1779-41de-bab3-5a9877e9c6f8,Dawn Curve,10,0,0,0,2026-08-25,Positioning|Background|SensorHistory|UserProfile|Communications,79,Douglas341,0,0,0,1
1d4e57ec-6f17-44ad-b619-7fe485be913c,Drifter Dawn,10,0,0,0,2026-08-25,Positioning|Background|SensorHistory|UserProfile|Communications,79,Vista,1,0,0,1
062e2c8d-0aed-43f6-8e61-f4b8172e210b,Alpine Dawn,10,0,0,0,2026-08-25,Positioning|Background|SensorHistory|UserProfile|Communications,79,Yoghurt,0,0,0,1
cc478401-d44d-4f05-b429-51fe3fba64fe,Dawn Monarch,10,0,0,0,2026-08-27,Positioning|Background|SensorHistory|UserProfile|Communications,79,Douglas341,0,0,0,1
9405beaf-a87a-4004-b5ee-bd1c040a0ce5,Silent Dawn,10,0,0,0,2026-08-27,Positioning|Background|SensorHistory|UserProfile|Communications,74,Vista,1,0,0,1
3b30bb56-761b-4dcb-807d-bc4ef4a476d1,Minimalist Dawn,10,0,0,0,2026-08-27,Positioning|Background|SensorHistory|UserProfile|Communications,74,AXIS,0,0,0,1
eaf1f2ec-a042-496a-b2f8-27b07bb02f2f,Dawn Peak ,10,0,0,0,2026-08-28,Positioning|Background|SensorHistory|UserProfile|Communications,74,Yoghurt,0,0,0,1
fcd01cdf-79b9-4a2d-8bc1-91fbefabbb3d,Dawn Summit,10,0,0,0,2026-08-28,Positioning|Background|SensorHistory|UserProfile|Communications,74,Douglas341,0,0,0,1
5d0ea816-2ead-4494-8898-42f397a65f5d,Dawn Rift,10,0,0,0,2026-08-28,Positioning|Background|SensorHistory|UserProfile|Communications,74,Wonderful,0,0,0,1
6e6c21ed-6c5d-4042-bade-4d80cef81643,Dawn Bloom,10,0,0,0,2026-08-25,Positioning|Background|SensorHistory|UserProfile|Communications,78,Xue520,1,0,0,1
958b433a-0863-4fff-8eef-ecc198c98c31,Alpine Dawn,10,0,0,0,2026-08-25,Positioning|Background|SensorHistory|UserProfile|Communications,79,Xue520,1,0,0,1
bee5550a-c282-49fa-a10b-d790f5d699a6,Earth Dawn,10,0,0,0,2026-08-28,Positioning|Background|SensorHistory|UserProfile|Communications,71,AeroZen,0,0,0,1
386defbd-5ff4-4e27-b5ea-194befdc4b6f,Sleep Kitty,10,0,0,0,2026-08-24,Positioning|Background|SensorHistory|UserProfile|Communications,82,Maisie,0,0,0,0
3f48db7b-344b-4163-8403-f7641b83699d,Active Sleep,10,0,0,0,2026-08-24,Background|SensorHistory|UserProfile|Communications|ComplicationSubscriber|Sensor,97,TimeFace,0,1,0,0
9964cd00-e838-45d5-90f5-1a41ffa62343,Cute Cat Sleep,10,0,0,0,2023-10-12,Background|UserProfile|Communications,117,LuxuryClock,0,0,0,0
71de1a9b-126f-4148-9cbd-24821f85a2bc,SleepScore,10,0,0,0,2026-08-24,SensorHistory|UserProfile,45,SPCoilandgas,1,0,0,0
ae4d045d-5c87-44c5-9228-ff741faf727e,SleepingPanda,10,0,0,0,2023-10-12,Background|UserProfile|Communications,117,PhoeniXX,0,0,0,0
a19ac54a-83cc-4f9f-bc79-932aaf67dea7,Sleepy Paws,10,0,0,0,2026-08-25,Positioning|Background|SensorHistory|UserProfile|Communications,82,Xue520,1,0,0,0
8cc340b6-82c3-4e4e-9c7f-2019a9cd5a78,Sleeping cat,10,0,0,0,2026-08-25,Positioning|Background|SensorHistory|UserProfile|Communications,79,Xue520,1,0,0,0
eb4098ed-00c2-4bfb-9011-528c3baf3c49,Sleeping cat,10,0,0,0,2023-11-15,Background|SensorHistory|Communications,130,CzG001,0,0,0,0
1744d2ef-58dd-4a0c-9f13-b7f4d47cadf2,Sleepy Cat,10,0,0,0,2026-09-14,Positioning|Background|SensorHistory|UserProfile|Communications,86,PawDan,0,0,0,0
257a541f-7995-4d0d-bead-2b99df9cd046,Sleepy Sloth,10,0,0,0,2026-08-25,Positioning|Background|SensorHistory|UserProfile|Communications,79,Douglas341,0,0,0,0
ec8b7447-5b22-4167-aa39-e48223e6b410,Sleepy Panda,10,0,0,0,2026-08-28,Positioning|Background|SensorHistory|UserProfile|Communications,71,AeroZen,0,0,0,0
87c51723-4b5b-4fbd-9763-ad54136b2c7f,Sleepy cat,10,0,0,0,2024-05-24,Background|SensorHistory|Communications|Sensor,188,TimeFace,0,0,0,0
24195bd3-de37-4735-97a2-693757f5240c,Sleeping Kitten,10,0,0,0,2026-09-02,Positioning|Background|SensorHistory|UserProfile|Communications,79,PawDan,0,0,0,0
fb08e308-0f75-458c-bbce-e5d91c41164b,Cat Sleeping,10,0,0,0,2026-08-25,Background|Communications,175,LXTHEMES,0,0,0,0
dc545da5-1086-42c4-93a9-66b2b67e912a,Sleeping Cat,10,0,0,0,2026-08-28,Background|SensorHistory|UserProfile|Ant|Communications|PushNotification|Sensor,195,FaceStudio,0,0,0,0
91a840b3-a110-4539-a571-619995130414,Sleeping Lion,10,0,0,0,2026-08-28,Positioning|Background|SensorHistory|UserProfile|Communications,74,SunEast,0,0,0,0
13a2d69a-a061-4a3c-b173-bf95c96d992b,Sleeping Bee,10,0,0,0,2026-08-28,Positioning|Background|SensorHistory|UserProfile|Communications,74,AeroZen,0,0,0,0
2830dbfe-c1bb-4462-8b1c-221e4d653b39,Sleeping Cat,10,0,0,0,2024-01-30,Positioning|Background|SensorHistory|Communications,91,Warm,0,0,0,0
02414718-46d8-42cd-851a-032369eb971b,Sleepy Christmas Duck,10,0,0,0,2026-08-27,Positioning|Background|SensorHistory|Communications|Sensor,122,GreenPoint,0,1,0,0
12fdfca0-81a8-4672-bc77-5e95d4422f70,Cartoon Bunny Sleeping,10,0,0,0,2026-08-25,Background|Communications,175,SpecialFaces,0,0,0,0
b0bcd68c-8435-468b-b116-e16c172294c1,Coffee Alien – Extra Sleepy,10,0,0,0,2026-08-28,Positioning|Background|SensorHistory|Communications,86,GreenPoint,1,1,0,0
793ba673-d692-4020-ad81-88c78c311cbf,Daily Wellness,10,0,0,0,2026-08-25,Positioning|Background|SensorHistory|UserProfile|Communications,82,Xue520,1,0,0,0
b9023a69-a56b-4cfc-889b-470fc4019808,Dynamic parrot,10,0,0,2.49,2026-08-27,Positioning|SensorHistory|UserProfile,100,GreenPoint,1,1,1,0
8e324e5e-5e6f-4ffa-b222-ab83f4ffc0da,Moon Health Watch Face,10,0,0,0,2026-06-22,Background|SensorHistory|Communications,18,Moonface,1,0,0,0
a7d2ff5a-2d35-4041-8921-10413ea4c20f,Peacely,10,0,0,0,2026-06-05,SensorHistory,10,RadostinaAngelova,0,0,0,0
843504c5-4988-4fc9-9b42-759890c72ed2,Bear mood,10,0,0,0,2026-08-27,Positioning|Background|SensorHistory|Communications,114,GreenPoint,1,1,0,0
522f23dc-b19f-4c47-8504-5da8f3ffb96a,Longevity Prezident Face,10,0,0,0,2026-08-24,Background|SensorHistory|Communications,15,Longevity,0,0,0,0
895c6aec-74b6-42e2-b384-ef9d6a15f5a6,VitalOrbit,10,0,0,0,2026-08-11,,8,AdrianChen,0,0,0,0
925d5969-a970-4cc1-943a-9d010fca3669,Blossom Noir Minimal ,10,0,0,2.99,2026-09-03,,85,Bandalo,0,0,0,0
84eace64-980a-4c5c-9d87-104758e672eb,Day Compass,10,0,0,0,2026-08-25,Positioning|Background|SensorHistory|Communications,85,Edel,1,1,0,1
9bd63db6-2315-4661-bb25-f1653ec883d6,Living Mandala,10,0,0,0,2026-08-25,Positioning|Background|SensorHistory|Communications,85,Edel,1,0,1,0
037d4fa9-a5eb-48a5-9bfc-76340bd52f90,Monochrome Zen,10,0,0,0,2026-03-28,,26,DialForge,0,0,0,0
bc292d0a-abf8-4198-9cd3-24880a084738,Forest Glow,10,0,0,0,2026-08-25,Positioning|Background|SensorHistory|Communications,84,Edel,1,0,1,0
cf9d1971-d4f7-45e2-a51c-39db65536626,iFacer – S013,10,0,0,2.49,2026-08-28,Positioning|SensorHistory|ComplicationSubscriber,48,iFacer,1,1,0,0
04ccebb6-ad89-43bf-9de3-91e63b11fb06,NeonOrbit,10,0,0,0,2026-09-22,Positioning|Background|SensorHistory|UserProfile|Communications|ComplicationSubscriber,50,zm2529,1,0,1,0
37270be5-dad8-425e-8e87-2eeb4e50aeca,Cozy Winter Night,10,0,0,0,2026-08-27,Positioning|Background|SensorHistory|Communications|Sensor,87,GreenPoint,1,1,0,0
3b69cc88-414b-433c-8265-e7a4d99065a7,DayBreakr Pro,1,4.5,2,5.99,2026-08-25,Positioning|SensorHistory|UserProfile,148,THCreative,1,1,0,0
89f00d7d-a097-40a4-8c57-9e00fbc75460,Meridian,1,5.0,2,0,2026-08-10,Positioning,3,lkavenagh,0,1,0,0
b2f5e691-2ca0-4b4e-9b1c-051a322b2338,GOLDEN RETRIEVER,1,5.0,2,2.69,2026-08-24,,122,bikintulis.de,0,0,0,1
26cd3358-ac1d-4ddf-beef-fc6a1d24292e,Body score,1,5.0,1,2.49,2026-08-24,Background|SensorHistory|UserProfile|Communications|ComplicationSubscriber|Sensor,193,TimeFace,1,1,0,0
d2e2bd1d-6949-4078-9992-d215573541fa,"Quadra - Body, move, sky, system — quartered",1,5.0,1,3.29,2026-08-25,Positioning|Background|SensorHistory|UserProfile|Communications,45,UpWell,1,0,0,0
40e9dbff-079a-4e01-8abd-dd47591c1431,Sunset Flow,1,5.0,1,0,2026-09-12,Background|SensorHistory|Communications|ComplicationSubscriber,52,DanielGukovsky,0,1,0,1
d4b4266e-1c31-46c9-af52-a8273c7e1733,Daymark Sun Dial,1,5.0,1,3.29,2026-09-20,Positioning|SensorHistory,207,tez_,1,1,0,1
512df7bb-8ab5-4fc3-8039-06654b53f301,Sun Moon,1,5.0,1,2.49,2026-09-18,SensorHistory|UserProfile,83,Hisaka,1,0,0,1
525f34f9-73d5-467f-8d08-b7206a45ea4e,Rod · Daylight 24: Sun & Moon Phase,1,5.0,1,0,2026-09-22,Positioning|Background|SensorHistory|Communications|ComplicationSubscriber,86,Surf_n_Paddle,0,1,0,1
c72e0ce7-2ae2-4ee5-ad10-bc3975932398,Performance Day,1,5.0,1,0,2026-09-04,Positioning|SensorHistory|UserProfile,5,EdiSinovcic,0,1,0,1
b11731c9-dc79-4960-9ffc-fd0fa5eb8d83,Apex Motion,1,5.0,1,2.49,2026-09-18,Positioning|SensorHistory|UserProfile,107,cfcwatches,1,1,0,0
4b84740f-9c08-40ef-818d-9ad0d786c65d,Solar Gradient AMOLED: Digital Sport & Health,1,5.0,1,0,2026-09-05,Background|SensorHistory|UserProfile|Communications,35,ArtemPolishchuk,1,0,0,1
790519d3-c351-4cdb-a6eb-8bf54e93e0ca,Fit4U -022 - High Energy Dual Zone Edition,1,5.0,1,2.49,2026-08-28,Positioning|SensorHistory|UserProfile|ComplicationSubscriber,48,FIT4U,0,0,1,0
09455b70-62e9-4a44-bcbe-6a0d1bb093e8,Work Hard. Play Hard,1,5.0,1,2.49,2026-09-03,,57,elSwanApps,0,0,0,0
ad50b9be-aec4-4551-a023-4ed318843d18,Fit4U 036 – Galaxy Pulse,1,5.0,1,2.49,2026-08-28,Positioning|SensorHistory|UserProfile|ComplicationSubscriber,43,FIT4U,0,0,0,0
b2e38c58-dd4d-4663-b76d-57b3f283d1de,FREEDA Fearless. In color.,1,5.0,1,6.99,2026-08-25,Positioning|SensorHistory|ComplicationSubscriber,15,ARXEN,1,0,0,0
5136b3fc-0a0b-434e-8fd1-cee89d15e8a1,Battlestar Galactica Colonial Viper Cylon Target,1,5.0,1,4.69,2026-09-16,,147,mac-technologies,0,0,0,0
66b88b1f-b256-437a-b8e8-8775458d554b,Fit4U 039 – Twin Phoenix,1,5.0,1,2.49,2026-08-28,Positioning|SensorHistory|UserProfile|ComplicationSubscriber,48,FIT4U,0,0,0,0
124de30f-25f9-4255-84ff-ce90f00496fb,N13 Prime - Training and Recovery,1,5.0,1,2.99,2026-07-19,SensorHistory|ComplicationSubscriber,30,NoOne13,1,0,1,0
a2962d63-35be-4920-adbb-76eeae3300b2,Circuit,1,5.0,1,2.49,2026-08-25,,187,Cecan,0,0,0,0
7127f165-951b-4bd5-b539-bafa3fd88db4,Jump Hour,1,5.0,1,2.99,2026-09-14,ComplicationSubscriber,30,JumpHour,1,1,0,0
662d4637-edfe-44c8-9111-6ca5c159b9e3,Night Walker MIP,1,5.0,1,5.99,2026-09-11,SensorHistory|UserProfile,27,HelmutSteiner,1,0,0,0
2ce1796b-f9b2-4ad9-8c66-0a22321de852,DayOfTheDead390,1,1.0,1,4.69,2024-12-05,,9,JS_ProDesign,0,0,0,0
5998c06c-0d42-4e5e-aec6-c8dfde14b1da,Hybrid Level,1,1.0,1,2.99,2026-08-24,SensorHistory|UserProfile,74,TDSH,1,0,1,0
5494cc8f-a388-4641-b84c-00c0144d36fa,"Tide - Your battery, poured into the time",1,5.0,1,3.29,2026-07-23,Positioning|Background|SensorHistory|UserProfile|Communications,43,UpWell,1,0,0,0
0f9258d0-d2c5-4b43-9ad7-a00a9eeaa642,Twin Arc,1,5.0,1,0,2026-09-11,SensorHistory,1,Tabuloid,1,0,1,0
0058f660-2490-4781-bf48-c82c2792a2bc,PULSE ARC ,1,5.0,1,2.99,2026-09-19,,85,Bandalo,0,0,0,0
69122b0f-dc32-48b7-b245-2ee318cffa16,Meteor Dawn,1,5.0,1,0,2026-09-09,Positioning|Background|SensorHistory|UserProfile|Communications,91,GreenPoint,1,1,0,1
3e94b681-6a3e-47c6-af88-73e14c6829e6,Goals A,1,5.0,1,2.49,2026-08-30,Positioning|SensorHistory|UserProfile,115,GreenPoint,1,1,0,0
1b70a642-546c-4630-b774-58a8244bc5a4,A2 Body Battery,1,0,0,0,2026-09-10,ComplicationSubscriber,1,A2Studio,1,0,1,0
6663b103-0699-4520-bb9a-412fd2922835,Body Battery Arc — Health Watch Face,1,0,0,0,2026-07-05,Positioning|Background|SensorHistory,1,Valentas,1,1,1,0
a303b783-ab53-45ae-8f30-a6c779bb83c2,Body Reserve,1,0,0,0,2026-08-24,Positioning|SensorHistory|UserProfile,45,SPCoilandgas,1,0,1,0
731e973b-6eaf-46ec-bf04-7ffabfd0fc53,Body Water,1,0,0,0,2026-08-25,Background|Communications,179,LXWATCH,0,0,0,0
3b26ee48-e5a7-450a-af62-e6da56b11fae,Body Water,1,0,0,0,2026-08-25,Background|Communications,179,DmClockFaces,0,0,0,0
e5da6464-db7f-42f4-972b-d68939423696,Landscape Body Water,1,0,0,0,2026-08-25,Background|SensorHistory|UserProfile|Ant|Communications|PushNotification|Sensor,203,Magic-Clock,0,1,0,0
69eaedfa-64dd-4836-a7b2-5e406a16f19c,Large Body Water,1,0,0,0,2026-08-25,Background|Communications,179,Magic-Clock,0,1,0,0
d2072b87-b6fe-4352-9ded-18c9c9c8844b,Large Body Water,1,0,0,0,2026-08-24,Background|Communications,179,LuxuryClock,0,0,0,0
e9c9aac6-b629-4a61-8b48-07fe7b13a247,Large Body Water,1,0,0,0,2026-08-25,Background|Communications,179,SpecialClock,0,0,0,0
50c9fa02-ea66-436f-a337-2c45df6072f5,Body Charge 360,1,0,0,2.99,2026-09-23,SensorHistory,78,dDarius,1,0,1,0
d65f7be4-6fb3-41d7-86ae-382105e0be40,Large Body Water View,1,0,0,0,2026-08-25,Background|Communications,179,Magic-Clock,0,1,0,0
9a287c02-34a0-4489-af47-8567810d3f86,Rock Middle Body Water,1,0,0,0,2026-08-25,Background|Communications,179,Magic-Clock,0,1,0,0
107d8668-7c9b-454e-93c5-ef7dac9b07ea,Wooden Bridge Over Body,1,0,0,0,2026-08-24,Background|Communications,179,LuxuryClock,0,0,0,0
120ed4a6-a6ea-45da-849f-c0bea3f8b845,Body Water Rocks Trees,1,0,0,0,2026-08-24,Background|Communications,179,GoFit,0,0,0,0
3c456db2-6311-4a56-a32e-4f8941812da0,Mountain Reflected Body Water,1,0,0,0,2026-08-24,Background|SensorHistory|UserProfile|Ant|Communications|PushNotification|Sensor,203,BWFaces,0,0,0,0
dd546157-1f28-430b-9ec0-d70f6b24ab58,Large Body Water Waves,1,0,0,0,2026-08-24,Background|Communications,179,GoFit,0,0,0,0
14a518e3-c4de-43ec-b3d3-8bfc7a9267c3,Boat Middle Body Water,1,0,0,0,2026-08-25,Background|Communications,179,ZFWATCHFACES,0,0,0,0
fe1751fc-7250-43f7-92f8-bfc03bf2fa3c,Lighthouse Middle Body Water,1,0,0,0,2026-08-24,Background|SensorHistory|UserProfile|Ant|Communications|PushNotification|Sensor,203,SmartwatchWF,0,0,0,1
39d48b02-3ad1-48fd-915f-958c700dcb07,Mountains Body Water Green,1,0,0,0,2026-08-24,Background|SensorHistory|UserProfile|Ant|Communications|PushNotification|Sensor,203,SmartwatchWF,0,0,0,0
681c055f-6d93-4ea9-ab71-0a2370fa70f3,Bridge Over Body Water,1,0,0,0,2026-08-25,Background|Communications,179,LXWATCH,0,0,0,0
7914cb9c-a8cb-4df0-a494-ae8d20bc7957,Sunset Over Body Water,1,0,0,0,2026-08-25,Background|Communications,179,SpecialFaces,0,1,0,1
4d3bfe62-1f90-49d4-bb1a-d3307b137c40,Body Water Boat Sunset,1,0,0,0,2026-08-04,Background|SensorHistory|UserProfile|Ant|Communications|PushNotification|Sensor,201,ClassicFaces,0,1,0,1
64362885-827d-43a0-834e-0ebdcd32a406,DotMatrix Battery Saver,1,0,0,2.99,2026-06-26,SensorHistory|UserProfile,4,llagafarms,0,0,0,0
86a89ccd-bb9f-4279-b1cb-05b4e960356b,Large Tree Next Body Water,1,0,0,0,2026-08-25,Background|Communications,179,SpecialFaces,0,0,0,0
f2523cb3-f464-48b9-9b5a-06f256b90410,View Sailboat Middle Large Body,1,0,0,0,2026-08-24,Background|Communications,179,Magic-Clock,0,1,0,0
f843e90d-0811-4889-87f4-3d3e07c6b93d,Bridge Over Body Water Sunset,1,0,0,0,2026-08-25,Background|SensorHistory|UserProfile|Ant|Communications|PushNotification|Sensor,203,Magic-Clock,0,1,0,1
c8ad490e-d1d4-4d64-9b66-fa48e311d313,Large Body Water Middle City,1,0,0,0,2026-08-24,Background|Communications,179,SpecialClock,0,0,0,0
f8d3b943-c842-449a-9e4e-189e4cd9a68d,Large Body Water Boat Sunset,1,0,0,0,2026-08-04,Background|SensorHistory|UserProfile|Ant|Communications|PushNotification|Sensor,201,ClassicFaces,0,1,0,1
b2e70811-41dd-4028-9367-0d016c045b92,Large Body Water Surrounded By Trees,1,0,0,0,2026-08-24,Background|Communications,179,GoFit,0,0,0,0
f1ea5b0d-d8b1-4d43-b9e6-5a4aad83593b,Sunset Sunrise,1,0,0,2.49,2026-09-24,Positioning,61,Nadzeya,0,1,0,1
01d3f2fa-809c-45fa-ae08-ddd9f5e51f3c,Sunrise,1,0,0,2.49,2026-08-25,Background|SensorHistory|Communications|Sensor,193,TimeFace,1,1,0,1
6d2ea8f5-687b-45e6-8675-2dbdbd59e288,Sunrise Pages,1,0,0,0,2026-09-25,Positioning|Background|SensorHistory|UserProfile|Communications,86,Vista,0,1,0,1
36bae0aa-419f-4a71-a127-cfe82905c5e7,Sunrise and Sunset,1,0,0,0,2026-09-04,ComplicationSubscriber,26,0094994,0,1,0,1
4e7d2ee4-a68b-4913-8631-bf42d2e00f2e,Haleakala Sunrise | Haleakala,1,0,0,0,2026-01-03,Background|Communications,173,ArcApps,0,1,0,1
d33cfc55-38a9-487f-a29c-dc03bcd0f438,Magical Winter Sunrise,1,0,0,0,2026-08-28,Background|SensorHistory|UserProfile|Ant|Communications|PushNotification|Sensor,201,LuxuryClock,0,1,0,1
82a713dc-d9e6-4bb8-ade1-a22b6b12d822,Mountain Peak Golden Sunrise,1,0,0,0,2026-02-15,Positioning|Background|SensorHistory|UserProfile|Communications,103,Runvibe,0,1,0,1
2f3e0510-0ab2-4827-9e65-3c1637f08214,Sunrise Point | Bryce Canyon,1,0,0,0,2026-01-03,Background|Communications,173,ArcApps,0,1,0,1
bad72dde-c21b-457c-905f-434f66447ce1,Astra Luna Free – Moon Phase Watch Face & Sunrise,1,0,0,0,2026-09-24,SensorHistory|UserProfile|ComplicationSubscriber,36,astra-dev,1,1,0,1
2637184c-e8b9-4607-891d-31dfb6b48ccc,Sunset,1,0,0,0,2023-11-15,Background|UserProfile|Communications,146,LXTHEMES,0,1,0,1
14a513c7-2cfb-4382-964a-a0752f1461a5,Sunset Pines,1,0,0,0,2026-09-18,Positioning|Background|SensorHistory|UserProfile|Communications|ComplicationSubscriber,86,guanzige,0,1,0,1
df0713ab-f4f7-432d-bab2-989c6fc01d7b,Reed Sunset,1,0,0,0,2026-09-25,Positioning|Background|SensorHistory|UserProfile|Communications,86,Vista,0,1,0,1
b89f3f3c-c0ad-4191-ad23-b8645af1a3bb,Reed Sunset,1,0,0,0,2026-09-23,Positioning|Background|SensorHistory|UserProfile|Communications,86,cczz,0,1,0,1
5478b238-3329-4942-b76d-cf3579e53b37,Sunset Stag,1,0,0,0,2026-08-25,Positioning|Background|SensorHistory|UserProfile|Communications,82,Amber,0,1,0,1
577cc88f-73d9-4b3b-9526-47b970e835b7,Monolith Sunset,1,0,0,0,2026-08-25,Positioning|Background|SensorHistory|UserProfile|Communications,82,Xue520,1,1,0,1
e294b1de-048a-4ed6-b0cb-d20f09b1306f,SUNSET GOLD,1,0,0,2.69,2026-09-20,,85,Bandalo,0,1,0,1
ab6a6128-929c-4e48-b319-b0025a1f8260,Sunset Path,1,0,0,0,2026-08-25,Positioning|Background|SensorHistory|UserProfile|Communications,79,Yoghurt,0,1,0,1
1211180f-8e5d-49ff-badc-5fa90dfe32f0,Sunset Maple,1,0,0,0,2026-08-25,Positioning|Background|SensorHistory|UserProfile|Communications,79,Xue520,1,1,0,1
86f66b78-3011-461a-b7fe-9e51d7c908f9,Field Sunflowers Sun Setting,1,0,0,0,2026-08-25,Background|Communications,179,ZFWATCHFACES,0,1,0,1
0aff8c4b-8741-403b-9d6e-3999be09398d,Trail Sun,1,0,0,0,2026-08-25,Positioning|Background|SensorHistory|UserProfile|Communications,82,Maisie,0,0,0,1
86174ba3-fd1c-4d6d-b7b1-71b61bab5880,Sun Summer,1,0,0,0,2023-10-12,Background|UserProfile|Communications,117,DmClockFaces,0,0,0,1
52b6f362-04ed-4076-b91b-d3657d56a95e,Sun Cycle Classic,1,0,0,0,2026-06-26,Positioning|ComplicationSubscriber,3,wean,0,1,0,1
5b86594f-7290-4337-a612-533bf525b7d3,Sun Shining Through,1,0,0,0,2026-08-25,Background|Communications,179,BWFaces,0,0,0,1
2964b65d-de8a-491d-b959-991f6a9f0d71,Silhouette Tree Sun,1,0,0,0,2026-08-25,Background|SensorHistory|UserProfile|Ant|Communications|PushNotification|Sensor,203,SpecialFaces,0,0,0,1
88eb89d7-5ffa-41d0-abe8-c8b0fd02f321,Sun & Moon Almanac,1,0,0,2.49,2026-08-24,Positioning,110,Edel,0,0,0,1
5009821b-6917-44ca-bf45-a2f01a80a0b7,Desert Red Sun,1,0,0,2.49,2026-09-05,Positioning|SensorHistory|UserProfile,91,GreenPoint,1,1,0,1
af302804-2eeb-40bd-b37e-a34c530a5894,Daylight Budget,1,0,0,0,2026-08-24,Positioning|SensorHistory|UserProfile,45,SPCoilandgas,0,1,0,1
efbff635-81d9-425f-94b2-369e8911d0db,Aphelion,1,0,0,0,2026-09-13,,4,WilliamKihlberg,0,1,0,1
85157eca-5259-47c1-8290-40ec0f9e5e1a,Season Dial,1,0,0,0,2026-08-22,Positioning|SensorHistory|UserProfile,43,SPCoilandgas,0,1,0,1
55e92d31-8a67-4c13-949f-5dd993649894,Summit,1,0,0,2.69,2026-08-24,Positioning|SensorHistory,39,VEMERA,0,1,0,0
6299cdb2-86d4-4a9a-939f-f4d967755a11,KyivHorizon,1,0,0,0,2026-09-23,Background|SensorHistory|Communications|ComplicationSubscriber,5,areactor,1,1,0,1
727f7201-fe40-4571-a191-6a15049bda12,Signal Horizon Prime,1,0,0,5.99,2026-08-25,Positioning,55,Signal.Labs,0,1,0,1
b0d1f4c2-dffb-4318-aeb1-05e66bbcc431,Solar Weave,1,0,0,0,2026-09-17,SensorHistory,2,OctoCrew,0,1,0,1
5b8767e7-9282-4f32-873a-d2ed91178d58,Arctic Board,1,0,0,0,2026-08-24,Positioning|SensorHistory|UserProfile,45,SPCoilandgas,1,1,0,1
c4e6b91e-f21f-42a1-86ec-41069a6a627a,Ski Report,1,0,0,0,2026-08-24,Positioning|SensorHistory|UserProfile,45,SPCoilandgas,0,1,0,1
d8b40bb5-b3a2-4173-9c24-e70c6f9f91bf,Snowline,1,0,0,0,2026-08-24,Positioning|SensorHistory|UserProfile,45,SPCoilandgas,1,1,0,1
088406d2-978c-4f9a-93c1-9f18b4f3083d,DEVER Engraver - Geometric AMOLED Watch Face,1,0,0,0,2026-09-17,Positioning|Background|SensorHistory|Communications,66,DEVER_Engine,1,1,0,0
e6addbbb-c94a-43a6-917b-073705ae910e,TrailPulse Pro 255,1,0,0,0,2026-09-14,Positioning|SensorHistory,1,TrailPulseStudio,0,1,0,0
c007aa5e-49cb-4528-be89-1a8280aeaeae,QUIET - Offline Tactical Watch Face,1,0,0,2.49,2026-09-25,Positioning|Background|SensorHistory|ComplicationSubscriber|Notifications,58,Artax,0,1,0,1
9264f9ba-fa07-47aa-8b29-053ae69eca36,Solar Circuit,1,0,0,0,2026-09-16,Positioning|Background|SensorHistory|UserProfile|Communications|ComplicationSubscriber,86,FitDav,1,0,0,1
fc548945-4de8-4abb-90f5-2d748aedc69a,Solar Trail,1,0,0,0,2026-08-24,Positioning|Background|SensorHistory|UserProfile|Communications,77,Edel,0,0,0,1
f1c5bf2a-ee84-45b9-80cd-5b388384addf,Solar Scorpion,1,0,0,0,2026-08-25,Positioning|Background|SensorHistory|UserProfile|Communications,79,Douglas341,0,0,0,1
5cb80a30-43fc-4b6c-bc70-733d4cd77291,Solar Wind,1,0,0,2.49,2026-08-28,Background|SensorHistory|Communications|Sensor,176,TimeFace,1,1,1,1
c8b7a1ef-385f-4d11-bf7b-8b7e1398d52b,Solar goals,1,0,0,2.49,2026-08-28,Background|SensorHistory|Communications|Sensor,176,TimeFace,1,0,1,1
4dfc07bf-4ade-4ea8-8830-4e53c23c1919,SolarDay,1,0,0,4.69,2026-09-24,Positioning|Background|SensorHistory|UserProfile|ComplicationSubscriber,32,SolarHarvest,1,1,0,1
0caa2f4e-5e3e-45f8-9ff8-6f1257512a4f,Solar Flame Flower G,1,0,0,0,2026-08-25,Background|Communications,59,atomia,0,0,0,1
d68e9949-db9c-4466-aabc-0d5f03cb2516,Solar System — Two-Week Calendar,1,0,0,0,2026-09-19,,78,RHDR1,0,0,0,1
e7459910-1478-44c4-a672-fd88568abe90,FLEUR Solar — Sunflower Neon Watch Face ,1,0,0,3.49,2026-08-11,SensorHistory,7,Fyro-Studio,0,0,0,1
7a450641-0672-45fc-889d-ac5fc0a4d93d,Solaris,1,0,0,2.49,2026-08-25,SensorHistory,73,Bandalo,1,0,0,1
afa3baf5-ec1b-4b71-abf6-280368e74e92,Orrery: Analog Moon Phase Solar System,1,0,0,2.49,2026-08-28,SensorHistory,57,Visage,1,1,0,1
9014d113-21c0-404f-9fe0-1736f8cd7cc7,Energy Split Hybrid,1,0,0,2.49,2026-08-27,UserProfile,74,Bandalo,0,0,1,0
4867aba6-0a0b-4f37-9322-a6819c513a3e,ENERGY__S307,1,0,0,2.49,2026-08-24,ComplicationSubscriber,74,Design_GRM,0,0,1,0
51d6bbd8-9ffb-4f09-a057-15e79c7a96fe,LUMEN King — Neo-Expressionist Crown Watch Face ,1,0,0,3.49,2026-06-23,SensorHistory,7,Fyro-Studio,0,0,0,0
3cb89489-b080-4a78-b506-35a9f74793d4,LUMEN Neon Gods – Neon Arcade Watch Face,1,0,0,3.49,2026-06-23,SensorHistory,7,Fyro-Studio,0,0,0,0
60193a0f-d5a4-4db1-847b-16efe39a7186,NeonGreenLife390,1,0,0,4.69,2024-12-05,ComplicationSubscriber,9,JS_ProDesign,0,0,0,0
a7388095-a503-4fbd-8d91-2802b90ab5a0,NeonGreenLife416,1,0,0,4.69,2026-08-26,ComplicationSubscriber,14,JS_ProDesign,0,0,0,0
ea7fe9ca-7796-4523-a0f9-390453386614,LIQUID,1,0,0,2.49,2026-08-27,SensorHistory,27,CutChip,1,0,0,0
9a63f4e4-5819-41c7-885c-7e3f9abc0ff0,LUMEN Gang — Street Art Graffiti Watch Face ,1,0,0,3.49,2026-06-23,SensorHistory,7,Fyro-Studio,0,0,0,0
f88276af-75c6-4f28-9b9f-6faec0848d70,Recovery Bezel,1,0,0,0,2026-08-24,Positioning|SensorHistory|UserProfile,45,SPCoilandgas,0,0,1,0
062f6f18-a458-4017-bdcf-ab20b9455e3e,Recovery Day Tracker,1,0,0,0,2026-08-01,,1,Eugene_Young,0,0,1,0
cfed4dd2-95c0-4a6b-a835-8668ad3509e5,1TOO,1,0,0,2.69,2026-09-17,SensorHistory|ComplicationSubscriber,22,ClApps,1,0,0,0
87e69955-4a66-47c8-8762-cc463c6b330e,PUMP.core Pro — Adaptive BioGraph Watch Face ,1,0,0,3.99,2026-06-23,SensorHistory,7,Fyro-Studio,0,0,0,0
c5e67b07-3c2f-4b1f-a6c5-29fb1229e71e,TimeNC 8869,1,0,0,3.99,2026-08-25,Positioning|Background|SensorHistory|Communications|ComplicationSubscriber,59,TimeNC,1,1,0,0
d6ee8b6a-a819-48bf-b83c-2f2bd9b90f53,Zero Day,1,0,0,0,2026-08-24,SensorHistory|UserProfile,45,SPCoilandgas,1,0,1,0
23a581d8-5ff4-44dd-9873-6c543c3fce07,Silverback Strong,1,0,0,0,2026-08-25,SensorHistory,9,SilverBackHQ,1,0,0,0
4e11539b-0189-454b-87b9-f9481142081b,FR955 Health Dashboard,1,0,0,0,2026-09-14,SensorHistory|UserProfile|ComplicationSubscriber,1,RubabUddin,1,0,1,0
6b39463d-7032-4dcc-975b-90ff5b8fce4d,Dark Radiance,1,0,0,0,2026-09-23,Positioning|Background|SensorHistory|UserProfile|Communications|ComplicationSubscriber,86,Amber,0,0,0,0
82fa1e76-c7b1-4992-a8fe-c74fd703554b,Radiant Neon Daisy G,1,0,0,0,2026-08-25,Background|Communications,58,atomia,0,0,0,0
ad60543b-8b5d-49da-bd21-08cb966e9fff,Thunder Hole | Acadia,1,0,0,0,2026-01-03,Background|Communications,173,ArcApps,0,0,0,0
2bacf985-4ca4-45b4-a2bf-48e444fa1754,Jordan Pond | Acadia,1,0,0,0,2026-01-03,Background|Communications,173,ArcApps,0,0,0,0
9414598c-55ae-4d3c-9cab-47a98c8b6cd5,Meridian,1,0,0,0,2026-09-14,SensorHistory|UserProfile,3,MeridianIQ,1,1,0,1
946231c1-3496-435c-9e48-0cff104f56f9,Meridian,1,0,0,0,2026-09-17,SensorHistory,2,OctoCrew,0,0,0,0
cc72cbe7-1291-4bcd-8a03-67bfb4e7eb88,guardian_X,1,0,0,2.49,2026-08-28,ComplicationSubscriber,43,Design_GRM,0,0,0,0
e6474611-d70f-439c-96bf-9a8d1b2cce11,Golden Hours,1,0,0,0,2026-08-24,Positioning|SensorHistory|UserProfile,45,SPCoilandgas,0,1,0,1
253bf7c6-2f07-4fd9-a8a2-27504e7f13bd,Magic Hour,1,0,0,0,2026-08-24,Positioning|SensorHistory|UserProfile,45,SPCoilandgas,0,1,0,1
c79386fa-1b22-4f4c-b583-08b9c825798d,HOURSHIFT — Moving Hour AMOLED,1,0,0,0,2026-09-21,,31,HOURSHIFTPro,0,0,0,0
1ab92706-94e3-4559-8964-73ca3c5f47e6,Daisy Hour,1,0,0,0,2026-08-25,Positioning|Background|SensorHistory|UserProfile|Communications,79,Xue520,1,0,0,0
f895cc85-395d-49e2-b482-e7803cbc9bbc,Balance Hour,1,0,0,0,2026-08-27,Positioning|Background|SensorHistory|UserProfile|Communications|ComplicationSubscriber,81,Douglas341,0,0,0,0
b35d69e6-6db0-4963-bda2-6ae5f76c28ad,Golden Retriever Illustrated Watch Face,1,0,0,2.49,2026-08-25,SensorHistory,55,yuja-labs,0,0,0,1
173126b6-f211-4049-ac4d-2d1347c3ba8c,Giant Hour Pro,1,0,0,2.49,2026-09-06,Positioning|SensorHistory|ComplicationSubscriber,48,ByteWay,1,1,0,0
bec61545-a097-44aa-95e4-c1518166601a,Big Hour II,1,0,0,2.49,2026-08-25,Positioning|SensorHistory|UserProfile|ComplicationSubscriber,86,GreenPoint,1,1,0,0
82b36577-2292-414a-8eb9-51315ab0f5dc,Golden Starfruit,1,0,0,0,2026-08-28,Positioning|Background|SensorHistory|Communications|Sensor,82,GreenPoint,1,0,0,1
573d58ac-ec8f-4535-aec2-b0be6debd74d,Golden Retriever Portrait Watch Face | Yuja Labs,1,0,0,2.49,2026-08-27,SensorHistory,55,yuja-labs,0,0,0,1
9ad8053e-bb1f-42c0-820a-8b62f3543eba,Golden Talisman,1,0,0,0,2026-08-28,Positioning|Background|SensorHistory|UserProfile|Communications,79,Yschen,1,0,0,1
bc5994ed-2f72-402d-91b6-8d44a1362dba,Golden Lyre,1,0,0,0,2026-08-24,Positioning|Background|SensorHistory|UserProfile|Communications,82,Yschen,1,0,0,1
5f292c72-ca9b-4cac-8019-332553228886,Twilight,1,0,0,0,2026-08-25,Positioning|Background|SensorHistory|UserProfile|Communications,79,Xue520,1,0,0,1
6a580b2e-c113-438f-afb0-f09038521cd3,Twilight Vein,1,0,0,0,2026-08-24,Positioning|Background|SensorHistory|UserProfile|Communications,78,Maisie,0,0,0,1
1ddbcec7-2362-4d31-9a26-3acb0e36251d,Twilight Branches,1,0,0,0,2026-08-25,Positioning|Background|SensorHistory|UserProfile|Communications,78,Yschen,1,0,0,1
f84d96f4-43d1-4a7f-8a95-d4a8d29d1fff,Twilight at the Castle,1,0,0,0,2026-08-28,Background|SensorHistory|UserProfile|Ant|Communications|PushNotification|Sensor,191,FaceStudio,0,0,0,1
651d0678-15aa-4aa7-a189-3e58a120354f,"PISCARY - Bite, sun, moon and pressure ",1,0,0,5.99,2026-08-27,Positioning|SensorHistory,6,maik.ing,0,1,0,1
587e7048-4e3e-445a-875c-7076af99b266,"Daygraph Pro – Sun, Moon and Tides",1,0,0,3.99,2026-09-25,Positioning|SensorHistory,102,BIT60,0,1,0,1
7854f434-c51d-48aa-8286-00d1f610187e,Night,1,0,0,0,2024-01-03,Background|SensorHistory|Communications,144,tatu_vic,0,0,0,0
71d195ba-41d6-487a-a230-5186858e9a1d,Day Ring,1,0,0,0,2026-08-25,Background|SensorHistory|Communications|ComplicationSubscriber,1,FalettiLabs,0,0,0,0
f53f8e65-0cc6-4ba0-bd95-901e772da55c,Cozy Day,1,0,0,0,2024-01-30,Background|UserProfile|Communications,140,cutedesigns,0,0,0,0
d57574c0-3793-4bb7-95aa-18ae88ddc9e8,Starship Night,1,0,0,0,2026-08-25,Positioning|Background|SensorHistory|UserProfile|Communications,82,Wonderful,1,0,0,0
0626dd3a-1f82-49aa-b351-ec36b09ef690,Electro night,1,0,0,2.49,2026-08-27,Background|SensorHistory|Communications|Sensor,193,TimeFace,1,1,1,0
51961980-9380-4a63-bf6f-8d9fe3819684,Silent night,1,0,0,2.49,2026-08-27,Background|SensorHistory|Communications|Sensor,193,TimeFace,1,1,1,0
e3ee4832-655a-4f86-a015-89e68a22d944,Winter Night,1,0,0,0,2026-08-25,Background|SensorHistory|UserProfile|Ant|Communications|PushNotification|Sensor,201,LXTHEMES,0,0,0,0
12390062-4d29-4ba4-84e8-bd80ccc90a94,Level Love,1,0,0,0,2023-11-15,Background|UserProfile|Communications,144,SmartwatchWF,0,0,0,0
ad4c68e9-1972-40ab-bf6d-1515adbb07ab,New Level,1,0,0,2.99,2026-08-25,UserProfile,75,TDSH,0,0,0,0
cc150674-1189-4969-b831-ca69f767c783,Dragon Ball Scouter Power Level,1,0,0,2.49,2026-08-24,SensorHistory,164,PulseFusion,1,0,1,0
1bc08495-be52-4e32-b616-c5d5f4a8d1fc,"A clean, battery-friendly multi-data face.",1,0,0,0,2026-06-28,SensorHistory,1,BatteryWise,1,0,0,0
43669909-dbc9-42d4-a3a2-33f780c611cd,Arc,1,0,0,2.99,2026-08-25,,75,TDSH,0,0,0,0
3a757c22-9e8f-4daa-b9d8-58954271712b,Arc O'Clock,1,0,0,0,2026-05-01,Positioning|Background|Communications|ComplicationSubscriber,1,BeOeS,0,1,0,0
0d733e91-f3c0-4601-88ab-fee21aa0bec2,Arc Weld,1,0,0,0,2026-09-10,,7,AmbientTime,0,0,0,0
761d7f88-55d5-4999-9c4f-72bf67fc28d4,Aquatic Arc,1,0,0,0,2026-08-25,Positioning|Background|SensorHistory|UserProfile|Communications,82,Maisie,0,0,0,0
15219bc9-7b1d-4d93-9807-4db337b0e166,Dawn,1,0,0,0,2026-08-27,Positioning|Background|SensorHistory|UserProfile|Communications,79,Geoge,0,0,0,1
b5602c83-696d-494c-a41d-5e15f21b9688,Dusk Camp,1,0,0,0,2026-08-24,Positioning|Background|SensorHistory|UserProfile|Communications,82,Maisie,0,0,0,1
ab5058e7-8735-4674-9af5-857cb2017daf,Pine Dusk,1,0,0,0,2026-09-21,Positioning|Background|SensorHistory|UserProfile|Communications|ComplicationSubscriber,86,Douglas341,0,0,0,1
dd16d735-727a-4e53-b87a-a4f697f66e9d,Dusk Sparrow,1,0,0,0,2026-09-18,Positioning|Background|SensorHistory|UserProfile|Communications|ComplicationSubscriber,86,Amber,0,0,0,1
7f36cbc4-1c2c-4617-a1a2-176b4317c8cc,Neon Dusk,1,0,0,4.69,2026-09-21,SensorHistory|UserProfile|ComplicationSubscriber,30,ChrisCreates,1,1,0,1
9eb74900-ce9e-4247-b8d6-cde9329ed4f6,Dusk Spots,1,0,0,0,2026-08-25,Positioning|Background|SensorHistory|UserProfile|Communications,82,PawDan,1,0,0,1
a34fb042-d46f-4456-ad46-981db989c57d,Thanks Dusk,1,0,0,0,2023-10-12,Background|UserProfile|Communications,117,DmClockFaces,0,0,0,1
02da4961-7b69-45f5-a517-17e7bc071c61,Dawn Tulip,1,0,0,0,2026-08-24,Positioning|Background|SensorHistory|UserProfile|Communications,78,Amber,0,0,0,1
a2ec80cf-5020-4643-8474-2ec05128f9fe,Hydrangea Dawn,1,0,0,0,2026-08-25,Positioning|Background|SensorHistory|UserProfile|Communications,78,Xue520,1,0,0,1
8c84fa42-8c6d-4af3-82c5-27072d269a2e,Alpine Dawn,1,0,0,0,2026-09-22,Positioning|Background|SensorHistory|UserProfile|Communications,86,Vista,0,0,0,1
42c96299-a84d-469e-bf36-56ba59518bf5,Stellar Dawn,1,0,0,0,2026-09-21,Positioning|Background|SensorHistory|UserProfile|Communications|ComplicationSubscriber,86,Vista,0,0,0,1
febd3264-cde2-40db-b821-a8ccfd013206,Pine Dawn,1,0,0,0,2026-09-24,Positioning|Background|SensorHistory|UserProfile|Communications|ComplicationSubscriber,86,Douglas341,0,0,0,1
4be9aed2-8f8f-4eea-903f-dc673fe8a1fa,Alpine Dawn,1,0,0,2.49,2026-08-25,Positioning|SensorHistory|UserProfile,86,GreenPoint,1,1,0,1
86b207da-a88b-44bd-9bf8-47818c98a7d6,Light sleep,1,0,0,2.49,2026-08-24,Background|SensorHistory|UserProfile|Communications|ComplicationSubscriber|Sensor,193,TimeFace,1,1,0,1
16c121e4-2d35-49aa-ad5d-68785f0b0f84,Dark Sleep,1,0,0,2.49,2026-08-24,Background|SensorHistory|UserProfile|Communications|ComplicationSubscriber|Sensor,97,TimeFace,1,1,0,0
48eea51b-dd2a-4c3c-8163-c6a6303918f2,Sweet sleep,1,0,0,2.49,2026-08-25,Background|SensorHistory|Communications|Sensor,193,TimeFace,1,0,0,0
dd4b6667-75ce-4bde-836c-a9c5c6cffb75,Cat Sleeping Wooden Fence,1,0,0,0,2026-08-25,Background|Communications,179,DmClockFaces,0,0,0,0
0d5a3c9b-9ca8-45f2-83e7-d8a8447148e6,Minimal Wellness Hub,1,0,0,0,2026-08-24,Positioning|Background|SensorHistory|UserProfile|Communications,82,Xue520,1,0,0,0
d32bbbbd-cd95-49bb-8736-516fb19c65e9,Black panther,1,0,0,2.49,2026-08-27,Positioning|Background|SensorHistory|Communications|Sensor,115,GreenPoint,1,1,1,0
cdc8803e-be61-44ef-8679-547e2dff78e7,Echelon Move,1,0,0,4.69,2026-08-31,Background|SensorHistory|Communications|ComplicationSubscriber,61,Echelon,0,0,0,0
64d04432-41d7-48a9-9e6d-68041a64174a,Turtle Mood,1,0,0,2.49,2026-09-23,Positioning|Background|SensorHistory|UserProfile,103,GreenPoint,1,1,1,0
83a74484-6b19-4c6a-b5fb-a6d1d8a1358d,Hug for Mom Mother's Day,1,0,0,0,2026-08-25,,32,SaffronClub,0,0,0,0
8aec8ebd-2dd5-4be1-b026-039a58230af4,Vital Balance,1,0,0,2.49,2026-08-24,Positioning|SensorHistory|UserProfile,110,Edel,1,0,0,0
6e07ed05-eac5-4326-8a22-0deb7426058d,Mini Mental,1,0,0,2.49,2026-08-28,Positioning|SensorHistory,171,PixelPaceStudios,0,0,0,0
5e37806d-5b37-49be-8a2b-e43adb7a57ef,Hedgehog Mood,1,0,0,2.49,2026-09-02,Positioning|SensorHistory|UserProfile,103,GreenPoint,1,1,0,0
d3fb311f-9816-4e07-838d-a969b8ffa0fa,Goals B,1,0,0,2.49,2026-08-27,SensorHistory,112,GreenPoint,1,1,0,0
18d60653-e32b-4675-af88-793c752228bc,iFacer – S011,1,0,0,2.49,2026-08-28,Positioning|SensorHistory|ComplicationSubscriber,48,iFacer,1,1,0,0
5dff9e6c-a744-4922-b9b1-c2a0fa91feaf,CodexREvl,1,0,0,0,2026-09-26,SensorHistory|UserProfile,29,MaxInteractiveStudio,1,0,1,0
eb7f6677-693a-4efd-b565-a0f66c319f60,Astra Vital – Stress & Body Battery Watch Face,0,0,0,4.69,2026-09-25,SensorHistory|UserProfile|ComplicationSubscriber,63,astra-dev,1,1,1,0
d02f5fce-5b48-4277-990b-0842fdc76405,Slim body,0,0,0,2.49,2026-08-24,Background|SensorHistory|UserProfile|Communications|ComplicationSubscriber|Sensor,97,TimeFace,1,1,0,0
244ca1d5-c0e1-4dee-9fd2-e2f3b5950cb3,Battery Lite Pro,0,0,0,2.49,2026-08-24,Background|SensorHistory|UserProfile|Communications|ComplicationSubscriber|Sensor,97,TimeFace,1,1,0,0
adbd5dc9-b420-4f03-978f-4c0290e867c7,Man Standing Edge Body,0,0,0,0,2026-08-25,Background|Communications,179,ZFWATCHFACES,0,0,0,0
dcfb91f6-8a77-4968-bb9c-c00f5ebf2500,Sunrise 2,0,0,0,2.49,2026-08-25,Background|SensorHistory|Communications|Sensor,193,TimeFace,1,1,0,1
61923721-c834-4f66-8887-2bf42323c051,Crisp Winter Sunrise,0,0,0,0,2026-01-10,Positioning|Background|SensorHistory|UserProfile|Communications,103,JohnPope,0,1,0,1
eff75582-8365-40b5-ab2b-da0027fe642c,Love at Sunrise Bears,0,0,0,0,2026-02-15,Positioning|Background|SensorHistory|UserProfile|Communications,103,Easytouse,0,1,0,1
13002313-3c4b-4db9-879f-1705d53660ec,Astra Luna – Moon Phase Watch Face & Sunrise,0,0,0,4.69,2026-09-25,SensorHistory|UserProfile|ComplicationSubscriber,36,astra-dev,1,1,0,1
7870f23f-9ef3-4b42-bdc4-0fe92e9c5d02,Sunset Dino,0,0,0,0,2026-09-22,Positioning|Background|SensorHistory|UserProfile|Communications|ComplicationSubscriber,86,Xue520,1,1,0,1
3f018a2f-cfec-4703-bc78-bf4786ded135,Sunset Desert,0,0,0,0,2026-08-25,Background|Communications,179,LXTHEMES,0,1,0,1
373197fd-9db3-4d5c-8348-aa7b31e18b16,Sun Active,0,0,0,2.49,2026-08-24,Background|SensorHistory|UserProfile|Communications|ComplicationSubscriber|Sensor,97,TimeFace,1,1,0,1
da61a511-6275-4e8a-8306-935444c2620c,Daylight,0,0,0,3.49,2026-08-18,Positioning,3,BestBoyProjects,0,1,0,1
8e9d5039-da61-48a0-b2ba-195ad945b203,Pulse Drive,0,0,0,3.99,2026-09-21,SensorHistory|UserProfile|ComplicationSubscriber,52,ChrisCreates,1,1,0,0
29aeb29d-8717-41ff-82c5-8da50b4cc43d,Clean energy,0,0,0,2.49,2026-08-24,Background|SensorHistory|UserProfile|Communications|ComplicationSubscriber|Sensor,193,TimeFace,1,1,1,0
10da232e-d4b7-443d-b3d5-367dba047dc3,Energy Steps,0,0,0,2.49,2026-09-01,Background|SensorHistory|UserProfile|Communications|ComplicationSubscriber|Sensor,110,TimeFace,1,1,1,0
fc44589c-ceeb-4404-933f-7500e5eabc3a,Energy Core,0,0,0,0,2026-09-24,Background|Communications,75,Edel,0,0,1,0
1d53a9ae-36e6-4bd0-81a7-491e91c66ab1,Green Energy,0,0,0,2.49,2026-08-24,Background|SensorHistory|UserProfile|Communications|ComplicationSubscriber|Sensor,97,TimeFace,1,1,1,0
0b4e9929-ae1a-44a1-b1f3-bc68535a1ad4,Active Energy Pro,0,0,0,2.49,2026-08-24,Background|SensorHistory|UserProfile|Communications|ComplicationSubscriber|Sensor,97,TimeFace,1,1,1,0
ca7de667-b79d-4d18-bc06-a61b478be693,NeonGreenLife360,0,0,0,4.69,2024-12-05,ComplicationSubscriber,5,JS_ProDesign,0,0,0,0
19fee826-c803-4bf6-bf31-93d880ed0841,Circular 2,0,0,0,2.49,2026-08-24,Background|SensorHistory|UserProfile|Communications|ComplicationSubscriber|Sensor,193,TimeFace,1,1,0,0
a9b7bfbd-1048-403c-b480-41c603d2c822,Circuit,0,0,0,2.49,2026-08-24,Background|SensorHistory|Communications|Sensor,193,TimeFace,1,0,0,0
d83ea0b7-6db7-4b22-b9bf-d583d03d1466,4DAAGSE Race Day,0,0,0,2.49,2026-08-25,Background,164,PulseFusion,0,0,0,0
480f2e1f-118c-4da7-8fdf-649601989eb8,DayOfTheDead360,0,0,0,4.69,2024-12-05,,5,JS_ProDesign,0,0,0,0
7cc3546f-dd21-409a-8920-a8d1e40d6bcf,DayOfTheDead416,0,0,0,4.69,2026-08-26,,14,JS_ProDesign,0,0,0,0
827366c2-d685-4278-8a46-d2aa8614a093,Stress lite Pro,0,0,0,2.49,2026-08-28,Background|SensorHistory|UserProfile|Communications|ComplicationSubscriber|Sensor,95,TimeFace,1,1,0,0
ab0522b1-be16-42c3-a0e2-0379522f3669,Low level,0,0,0,2.49,2026-08-24,Background|SensorHistory|UserProfile|Communications|ComplicationSubscriber|Sensor,193,TimeFace,1,1,0,0
db92e5fd-4d72-4c8a-8798-487e1ab75eec,Dawn lite,0,0,0,2.49,2026-08-24,Background|SensorHistory|Communications|Sensor,193,TimeFace,1,0,0,1
a0e2544c-2101-4a8e-82fd-964dc3aa929b,Quiet Sleep,0,0,0,2.49,2026-08-24,Background|SensorHistory|UserProfile|Communications|ComplicationSubscriber|Sensor,97,TimeFace,1,1,0,0
53912d72-9d1b-49de-89c5-7fa2f76ce0e8,Sleep Goals,0,0,0,2.49,2026-08-24,Background|SensorHistory|UserProfile|Communications|ComplicationSubscriber|Sensor,97,TimeFace,1,1,0,0
9b9e725b-cbde-4235-b268-519fa4890ba8,Yellow Sleep,0,0,0,2.49,2026-08-24,Background|SensorHistory|UserProfile|Communications|ComplicationSubscriber|Sensor,97,TimeFace,1,1,0,0
7293bc96-f905-475b-9e16-cdb812501eb9,Blue Sleep,0,0,0,2.49,2026-08-24,Background|SensorHistory|UserProfile|Communications|ComplicationSubscriber|Sensor,97,TimeFace,1,1,0,0
daca9af0-f1c0-44e9-afb2-2801a920aff5,Deep sleep Pro,0,0,0,2.49,2026-08-24,Background|SensorHistory|UserProfile|Communications|ComplicationSubscriber|Sensor,191,TimeFace,1,1,0,0
6de0326c-531c-4d75-bf18-cf32eb1b33fd,Pink Sleep Pro,0,0,0,2.49,2026-08-24,Background|SensorHistory|UserProfile|Communications|ComplicationSubscriber|Sensor,97,TimeFace,1,1,0,0
79c7c2ba-4e8e-41f4-9ac8-04dbd9b47ed3,Active Sleep Pro,0,0,0,2.49,2026-08-24,Background|SensorHistory|UserProfile|Communications|ComplicationSubscriber|Sensor,97,TimeFace,1,1,0,0
22139f94-dc43-4723-889f-10622f98d66e,Sleepy Kitty · G,0,0,0,2.49,2026-09-17,Positioning|SensorHistory|UserProfile,86,Wonderful,0,0,0,0
a2bf77b3-d13c-481c-aaab-de66a78a9462,Pulse Lab Dashboard,0,0,0,0,2026-09-23,Positioning|Background|SensorHistory|UserProfile|Communications,101,Edel,1,0,0,0
e69e48b6-0244-442b-b893-5ae1619c86b5,Fox Mood,0,0,0,2.49,2026-09-25,Positioning|Background|SensorHistory|UserProfile,103,GreenPoint,1,1,1,0
334862aa-d683-460c-89fa-bbcd7af1d558,GlowWellness Pro,0,0,0,0,2026-09-22,Background|SensorHistory|Communications,7,juarezbruschijr,1,1,0,0
